cve_id,degree_cent,betweenness,closeness,eigenvector,pagerank,cvss_score,severity
CVE-2021-44228,0.32301938116286977,0.081101315121769,0.5963098134630981,0.04373786574270714,0.0018786410154646722,10.0,CRITICAL
CVE-2021-22946,0.3971438286297178,0.013143862202117626,0.6099128992119452,0.045166791737202415,0.0009811244435641543,7.5,HIGH
CVE-2021-3450,0.18497109826589597,0.012374999462763903,0.5316341287057122,0.02836957793013344,0.0009794584161718616,7.4,HIGH
CVE-2021-40438,0.31451887113226795,0.006142006723772822,0.5811104524797471,0.04404261720459498,0.0009138640279802969,9.0,CRITICAL
CVE-2021-37969,0.4671880312818769,0.03858174767373029,0.6317937701396348,0.04609094561553966,0.0008988445157469142,7.8,HIGH
CVE-2021-0326,0.356341380482829,0.14527742452763398,0.5934221146085553,0.042460434401384105,0.0008893654083840613,7.5,HIGH
CVE-2021-44790,0.36348180890853454,0.007292494872323844,0.5955852571891455,0.04327642048730613,0.0008690562191757569,9.8,CRITICAL
CVE-2021-21172,0.453587215232914,0.03153599511288111,0.6264110756123535,0.04562283082533655,0.0008668788900682517,8.1,HIGH
CVE-2021-21233,0.453587215232914,0.03153599511288111,0.6264110756123535,0.04562283082533655,0.0008668788900682517,8.8,HIGH
CVE-2021-4166,0.37504250255015303,0.007627240972213894,0.6022936719229982,0.04472001851166232,0.0008622761497420165,7.1,HIGH
CVE-2021-41864,0.3855831349880993,0.0054828388477235835,0.6058920477956324,0.04616088469753808,0.0008523820209387704,7.8,HIGH
CVE-2021-45444,0.37198231893913636,0.007115659556715045,0.6011856091578087,0.04462866020869676,0.0008421395550582702,7.8,HIGH
CVE-2021-44224,0.35498129887793267,0.006518896798726561,0.5925851299617168,0.04283971581558411,0.0008416419039520466,8.2,HIGH
CVE-2021-45469,0.37708262495749745,0.004879056021417424,0.6030346524502768,0.04527542161660318,0.0008309519195694869,7.8,HIGH
CVE-2021-34798,0.31213872832369943,0.004080925878260791,0.5805369127516778,0.04388516895892424,0.0008309388822002209,7.5,HIGH
CVE-2021-37980,0.4342060523631418,0.028677510948072603,0.615787269681742,0.04236066682021272,0.0008308931996537509,7.4,HIGH
CVE-2021-20322,0.36042162529751787,0.005445690624423057,0.59474216380182,0.043494300265587635,0.0008291507969410323,7.4,HIGH
CVE-2021-30954,0.3597415844950697,0.006793887756211665,0.5940214098161988,0.04282288501690742,0.0008230115142482167,7.8,HIGH
CVE-2021-30952,0.3597415844950697,0.006793887756211665,0.5940214098161988,0.042822885016907425,0.0008230115142482167,7.8,HIGH
CVE-2021-30934,0.3597415844950697,0.006793887756211665,0.5940214098161988,0.04282288501690743,0.0008230115142482167,8.8,HIGH
CVE-2021-30984,0.3597415844950697,0.006793887756211665,0.5940214098161988,0.04282288501690742,0.0008230115142482167,7.5,HIGH
CVE-2021-30951,0.3597415844950697,0.006793887756211665,0.5940214098161988,0.042822885016907425,0.0008230115142482167,8.8,HIGH
CVE-2021-30953,0.3597415844950697,0.006793887756211665,0.5940214098161988,0.04282288501690742,0.0008230115142482167,8.8,HIGH
CVE-2021-34714,0.009520571234274057,0.013307325971848565,0.37666495901639346,6.901763113742092e-05,0.0008197642044216482,7.4,HIGH
CVE-2021-40690,0.2230533832029922,0.01933805472279612,0.5463496191714657,0.03137058486153191,0.0008160372562959782,7.5,HIGH
CVE-2021-30846,0.356341380482829,0.00732406243326855,0.5909182238296162,0.04315953645590664,0.0008113348895130521,7.8,HIGH
CVE-2021-30858,0.356341380482829,0.00732406243326855,0.5909182238296162,0.04315953645590666,0.0008113348895130521,8.8,HIGH
CVE-2021-30851,0.356341380482829,0.00732406243326855,0.5909182238296162,0.04315953645590667,0.0008113348895130521,8.8,HIGH
CVE-2021-3752,0.36042162529751787,0.004345091663933792,0.5949828039652033,0.0437159284388303,0.0008034456677410508,7.1,HIGH
CVE-2021-22945,0.3356001360081605,0.006627689188531752,0.5585944919278253,0.03991214944707627,0.000790188228889882,9.1,CRITICAL
CVE-2021-4192,0.34648078884733086,0.006239907237669735,0.5896150761828388,0.042606904894101176,0.0007855595252534488,7.8,HIGH
CVE-2021-40490,0.35192111526691605,0.00471622188066196,0.591631462482398,0.042873303696056145,0.0007845714723806929,7.0,HIGH
CVE-2021-30936,0.34002040122407345,0.006288445229323516,0.5849244232299124,0.04110522237436335,0.000780492506833506,8.8,HIGH
CVE-2021-39275,0.3063583815028902,0.003323457879804349,0.5783677482792527,0.04383672247307734,0.0007802212573753729,9.8,CRITICAL
CVE-2021-33909,0.3536212172730364,0.004084487229640726,0.5923464249748238,0.04337439999095932,0.0007791231311958984,7.8,HIGH
CVE-2021-45046,0.2791567494049643,0.02410192862541923,0.5734061220510821,0.04175148328177773,0.0007780142375899402,9.0,CRITICAL
CVE-2021-41073,0.3512410744644679,0.004490334022515171,0.5884353741496599,0.04362977506990453,0.0007746701597484064,7.8,HIGH
CVE-2021-44733,0.34002040122407345,0.0042301835815818705,0.5851571826502189,0.039383328508898516,0.0007673249869222219,7.0,HIGH
CVE-2021-3347,0.34648078884733086,0.00438631272152593,0.5865576386118867,0.042210283885251144,0.0007621125212921294,7.8,HIGH
CVE-2021-21300,0.3369602176130568,0.005544007401339722,0.5835317460317461,0.04248126611401611,0.000758967468131599,8.0,HIGH
CVE-2021-35197,0.30941856511390686,0.003430899499303304,0.5793932230102443,0.04497795642567825,0.0007544856908218223,7.5,HIGH
CVE-2021-45078,0.30023801428085684,0.0025534853478940476,0.5763276504017245,0.04374572314412218,0.0007476377373604207,7.8,HIGH
CVE-2021-1871,0.32199931995919756,0.006710738506380838,0.5749755620723362,0.03847692430459097,0.0007436668007697767,9.8,CRITICAL
CVE-2021-1788,0.32199931995919756,0.006710738506380838,0.5749755620723362,0.03847692430459097,0.0007436668007697766,8.8,HIGH
CVE-2021-1844,0.3213192791567494,0.006509483601509999,0.574750830564784,0.0384737777589707,0.0007415357554892763,8.8,HIGH
CVE-2021-21196,0.38762325739544373,0.023819916142797274,0.5917505030181086,0.03705215407594333,0.0007367520848136326,8.8,HIGH
CVE-2021-41991,0.30669840190411424,0.00174035348801154,0.5784815106215578,0.04497534703309966,0.0007346366577919177,7.5,HIGH
CVE-2021-23134,0.3253995239714383,0.00398023457930064,0.577913146001179,0.03945965850523596,0.0007304927908191391,7.8,HIGH
CVE-2021-3612,0.31043862631757907,0.003272358230249171,0.5731826154745664,0.03667260281425351,0.0007138739761323787,7.8,HIGH
CVE-2021-38166,0.3233594015640939,0.0040876636762630925,0.5788230663255265,0.04037592356198241,0.0007127037363451054,7.8,HIGH
CVE-2021-3640,0.3046582794967698,0.00349954924826979,0.5706247574699262,0.036201943768846,0.0007098096666491303,7.0,HIGH
CVE-2021-30547,0.300918055083305,0.0054003677270693514,0.5745262746630201,0.04313976442097641,0.0007088033639723931,8.8,HIGH
CVE-2021-21341,0.31553893233594016,0.0011855617961169444,0.5816851265822784,0.04507145350450404,0.0007056738554708225,7.5,HIGH
CVE-2021-21703,0.3073784427065624,0.0014124491300598887,0.5787091696182606,0.044985471731586055,0.0007055034737487906,7.8,HIGH
CVE-2021-34551,0.3716422985379123,0.02300430872836786,0.5862068965517241,0.03560542560536843,0.0007045916086163015,8.1,HIGH
CVE-2021-36160,0.30703842230533834,0.0011196024251793467,0.5788230663255265,0.04387856858809668,0.0006933670820912914,7.5,HIGH
CVE-2021-3156,0.2764365861951717,0.0041051095126844826,0.5650336215177714,0.04061793420536258,0.0006918210090195793,7.8,HIGH
CVE-2021-37712,0.35022101326079563,0.023274340801655715,0.5813401858074718,0.030186748762431652,0.000689307483144444,8.2,HIGH
CVE-2021-39154,0.3111186671200272,0.0007120253011406156,0.5801933320181495,0.045034132687615955,0.0006800915072528032,8.5,HIGH
CVE-2021-39144,0.3111186671200272,0.0007120253011406156,0.5801933320181495,0.04503413268761596,0.0006800915072528032,8.5,HIGH
CVE-2021-39145,0.3111186671200272,0.0007120253011406156,0.5801933320181495,0.04503413268761596,0.0006800915072528032,8.5,HIGH
CVE-2021-39141,0.3111186671200272,0.0007120253011406156,0.5801933320181495,0.04503413268761596,0.0006800915072528032,8.5,HIGH
CVE-2021-39139,0.3111186671200272,0.0007120253011406156,0.5801933320181495,0.04503413268761596,0.0006800915072528032,8.5,HIGH
CVE-2021-39147,0.3111186671200272,0.0007120253011406156,0.5801933320181495,0.04503413268761596,0.0006800915072528032,8.5,HIGH
CVE-2021-39150,0.3111186671200272,0.0007120253011406156,0.5801933320181495,0.04503413268761597,0.0006800915072528032,8.5,HIGH
CVE-2021-39151,0.3111186671200272,0.0007120253011406156,0.5801933320181495,0.04503413268761597,0.0006800915072528032,8.5,HIGH
CVE-2021-39148,0.3111186671200272,0.0007120253011406156,0.5801933320181495,0.04503413268761597,0.0006800915072528032,8.5,HIGH
CVE-2021-39153,0.3111186671200272,0.0007120253011406156,0.5801933320181495,0.04503413268761597,0.0006800915072528032,8.5,HIGH
CVE-2021-39152,0.3111186671200272,0.0007120253011406156,0.5801933320181495,0.04503413268761597,0.0006800915072528032,8.5,HIGH
CVE-2021-39146,0.3111186671200272,0.0007120253011406156,0.5801933320181495,0.04503413268761596,0.0006800915072528031,8.5,HIGH
CVE-2021-39149,0.3111186671200272,0.0007120253011406156,0.5801933320181495,0.04503413268761596,0.0006800915072528031,8.5,HIGH
CVE-2021-44142,0.2832369942196532,0.0018106272093433506,0.5681993817619784,0.04213382033109,0.0006761727497398579,8.8,HIGH
CVE-2021-3760,0.2998979938796328,0.0028887221176546597,0.5689688527761656,0.03610516072831888,0.0006760593196663417,7.8,HIGH
CVE-2021-3656,0.2852771166269976,0.004232885952219601,0.5580645161290323,0.03500807583530727,0.0006732934189786511,8.8,HIGH
CVE-2021-30528,0.24277456647398846,0.010885896742426973,0.5443272256153988,0.03362142745938898,0.0006726542599826954,8.8,HIGH
CVE-2021-30507,0.24277456647398846,0.010885896742426973,0.5443272256153988,0.03362142745938899,0.0006726542599826954,8.8,HIGH
CVE-2021-30521,0.24277456647398846,0.010885896742426973,0.5443272256153988,0.033621427459388994,0.0006726542599826954,8.8,HIGH
CVE-2021-30506,0.24277456647398846,0.010885896742426973,0.5443272256153988,0.033621427459388974,0.0006726542599826954,8.8,HIGH
CVE-2021-29505,0.3097585855151309,0.0006113392149228264,0.5797358564951706,0.04501804789237681,0.0006712346377019898,7.5,HIGH
CVE-2021-33034,0.29785787147228837,0.002839635814949137,0.5683091787439614,0.03597205522746326,0.0006694620758853101,7.8,HIGH
CVE-2021-38160,0.2896973818429106,0.003163222372306018,0.5652508168364405,0.033162984774028285,0.0006652942862119158,7.8,HIGH
CVE-2021-29154,0.29105746344780686,0.003464326052300832,0.5635179153094463,0.03379617765663507,0.0006651445645630489,7.8,HIGH
CVE-2021-25215,0.29853791227473647,0.0011667143001406724,0.5739656518345043,0.0435978910960864,0.0006650227482208444,7.5,HIGH
CVE-2021-28660,0.2903774226453587,0.0034553870298172037,0.5633020494158207,0.033711190082530415,0.0006636834889923549,8.8,HIGH
CVE-2021-34424,0.2471948316899014,0.008208428512125754,0.45526315789473687,0.004883614332058453,0.0006609848182392587,7.5,HIGH
CVE-2021-34423,0.2471948316899014,0.008208428512125754,0.45526315789473687,0.004883614332058454,0.0006609848182392587,9.8,CRITICAL
CVE-2021-45079,0.29921795307718463,0.00105694800591607,0.5759890325107716,0.04366807975348971,0.0006590042477812037,9.1,CRITICAL
CVE-2021-33285,0.3083985039102346,0.0005590787029910973,0.5790509942902146,0.04500796613971875,0.0006589280479764047,7.8,HIGH
CVE-2021-21996,0.30669840190411424,0.0005682605248324006,0.5784815106215578,0.044976818238251434,0.0006585267452284468,7.5,HIGH
CVE-2021-38300,0.28459707582454946,0.0030965072128272663,0.5630863488416619,0.03246200807421421,0.0006564023979778545,7.8,HIGH
CVE-2021-20270,0.27099625977558656,0.0019590171856933834,0.5625478194338179,0.04085865191844701,0.0006557758183944598,7.5,HIGH
CVE-2021-21179,0.3063583815028902,0.006379046640353841,0.5732943469785575,0.04260064601467536,0.0006551665533797607,8.8,HIGH
CVE-2021-41817,0.30023801428085684,0.0007012157712880609,0.5763276504017245,0.0438776885343006,0.0006535581126439849,7.5,HIGH
CVE-2021-41819,0.2988779326759606,0.000695306760504287,0.5758762482866654,0.04373204479163477,0.0006509585605982679,7.5,HIGH
CVE-2021-4083,0.28255695341720505,0.0030487460195645468,0.5624402371390324,0.03244860920180269,0.0006489265354970999,7.0,HIGH
CVE-2021-21155,0.3407004420265216,0.013723587326497816,0.5520931105688005,0.029216380050889893,0.0006452954807717878,9.6,CRITICAL
CVE-2021-21150,0.3407004420265216,0.013723587326497816,0.5520931105688005,0.029216380050889886,0.0006452954807717877,9.6,CRITICAL
CVE-2021-26930,0.2856171370282217,0.0032931202368135454,0.5617956064947469,0.033543500681466165,0.0006448403708907397,7.8,HIGH
CVE-2021-3517,0.263855831349881,0.0018375867728118139,0.5596574690770695,0.03852522858872497,0.0006440838925674109,8.6,HIGH
CVE-2021-43818,0.2981978918735124,0.0005512888486705111,0.5756508122920336,0.04372691726934106,0.0006425914916776033,8.2,HIGH
CVE-2021-39251,0.30023801428085684,0.0005301318038456776,0.5746385306760453,0.04396265834627186,0.0006423848685690866,7.8,HIGH
CVE-2021-33200,0.28255695341720505,0.0034011212376134164,0.5563753310631858,0.03459602192217504,0.0006412993066208847,7.8,HIGH
CVE-2021-37136,0.18157089425365522,0.004588799588692422,0.520438860378694,0.027055992422122015,0.0006408699026608393,7.5,HIGH
CVE-2021-26691,0.2947976878612717,0.0005943126749100755,0.5743018941612966,0.0432730314744989,0.0006405952245013865,9.8,CRITICAL
CVE-2021-20277,0.28459707582454946,0.0009675308536499162,0.5691890845751887,0.04332859143342168,0.0006390454530318728,7.5,HIGH
CVE-2021-28952,0.28153689221353284,0.003358678465051407,0.5560597466439781,0.0346213028892236,0.0006365421353296479,7.8,HIGH
CVE-2021-28375,0.28153689221353284,0.003358678465051407,0.5560597466439781,0.03462130288922358,0.0006365421353296479,7.8,HIGH
CVE-2021-25217,0.24345460727643659,0.0025107940219374347,0.5519894894894894,0.037788814060033864,0.0006363011943501766,7.4,HIGH
CVE-2021-3115,0.31995919755185315,0.011827225996018008,0.5264005727581886,0.026272066860008974,0.0006361313930402816,7.5,HIGH
CVE-2021-3927,0.29955797347840873,0.0003481097950548576,0.5758762482866654,0.044466949760198854,0.0006325824736078904,7.8,HIGH
CVE-2021-3928,0.29955797347840873,0.0003481097950548576,0.5758762482866654,0.04446694976019886,0.0006325824736078904,7.8,HIGH
CVE-2021-35063,0.28799727983679024,0.0007009700310063505,0.5720676911106789,0.043118275514674495,0.0006319870913579376,7.5,HIGH
CVE-2021-43267,0.27847670860251617,0.003072315366331839,0.5565859197577593,0.033397168645222165,0.0006309107544248938,9.8,CRITICAL
CVE-2021-35269,0.2968378102686161,0.00035305958265908566,0.5730709275136399,0.043793429949428385,0.0006281627205843052,7.8,HIGH
CVE-2021-33287,0.2968378102686161,0.00035305958265908566,0.5730709275136399,0.04379342994942839,0.000628162720584305,7.8,HIGH
CVE-2021-35267,0.2968378102686161,0.00035305958265908566,0.5730709275136399,0.04379342994942838,0.000628162720584305,7.8,HIGH
CVE-2021-35266,0.2968378102686161,0.00035305958265908566,0.5730709275136399,0.04379342994942838,0.000628162720584305,7.8,HIGH
CVE-2021-39252,0.2968378102686161,0.00035305958265908566,0.5730709275136399,0.04379342994942837,0.000628162720584305,7.8,HIGH
CVE-2021-33289,0.2968378102686161,0.00035305958265908566,0.5730709275136399,0.04379342994942839,0.000628162720584305,7.8,HIGH
CVE-2021-39253,0.2968378102686161,0.00035305958265908566,0.5730709275136399,0.043793429949428364,0.000628162720584305,7.8,HIGH
CVE-2021-35268,0.2968378102686161,0.00035305958265908566,0.5730709275136399,0.04379342994942837,0.000628162720584305,7.8,HIGH
CVE-2021-39254,0.2968378102686161,0.00035305958265908566,0.5730709275136399,0.04379342994942838,0.000628162720584305,7.8,HIGH
CVE-2021-4136,0.26589595375722547,0.003906186307563756,0.5527156549520766,0.03196293126504651,0.0006267040567968328,7.8,HIGH
CVE-2021-3144,0.29139748384903097,0.0004527748391188455,0.571622934888241,0.04387613727265723,0.0006243125019845318,9.1,CRITICAL
CVE-2021-25282,0.29139748384903097,0.0004527748391188455,0.571622934888241,0.04387613727265725,0.0006243125019845318,9.1,CRITICAL
CVE-2021-3148,0.29139748384903097,0.0004527748391188455,0.571622934888241,0.04387613727265723,0.0006243125019845318,9.8,CRITICAL
CVE-2021-3197,0.29139748384903097,0.0004527748391188455,0.571622934888241,0.04387613727265723,0.0006243125019845318,9.8,CRITICAL
CVE-2021-25281,0.29139748384903097,0.0004527748391188455,0.571622934888241,0.04387613727265722,0.0006243125019845318,9.8,CRITICAL
CVE-2021-25283,0.29139748384903097,0.0004527748391188455,0.571622934888241,0.043876137272657226,0.0006243125019845317,9.8,CRITICAL
CVE-2021-21898,0.29411764705882354,0.00032503352688304047,0.5743018941612966,0.04362626735741542,0.0006240794965690102,8.8,HIGH
CVE-2021-39922,0.29411764705882354,0.00032503352688304047,0.5743018941612966,0.04362626735741542,0.0006240794965690102,7.5,HIGH
CVE-2021-39929,0.29411764705882354,0.00032503352688304047,0.5743018941612966,0.043626267357415406,0.0006240794965690102,7.5,HIGH
CVE-2021-44143,0.29411764705882354,0.00032503352688304047,0.5743018941612966,0.04362626735741542,0.0006240794965690102,9.8,CRITICAL
CVE-2021-4019,0.29411764705882354,0.00032503352688304047,0.5743018941612966,0.043626267357415406,0.0006240794965690102,7.8,HIGH
CVE-2021-21900,0.29411764705882354,0.00032503352688304047,0.5743018941612966,0.0436262673574154,0.0006240794965690102,8.8,HIGH
CVE-2021-4011,0.29411764705882354,0.00032503352688304047,0.5743018941612966,0.04362626735741542,0.0006240794965690102,7.8,HIGH
CVE-2021-4008,0.29411764705882354,0.00032503352688304047,0.5743018941612966,0.04362626735741542,0.0006240794965690102,7.8,HIGH
CVE-2021-4009,0.29411764705882354,0.00032503352688304047,0.5743018941612966,0.04362626735741542,0.0006240794965690102,7.8,HIGH
CVE-2021-21899,0.29411764705882354,0.00032503352688304047,0.5743018941612966,0.04362626735741543,0.0006240794965690102,8.8,HIGH
CVE-2021-4173,0.2648758925535532,0.003714027278232239,0.5524042073628851,0.03195660347678386,0.0006236061369557385,7.8,HIGH
CVE-2021-4187,0.2648758925535532,0.003714027278232239,0.5524042073628851,0.03195660347678386,0.0006236061369557384,7.8,HIGH
CVE-2021-26690,0.2896973818429106,0.0004134017218026085,0.5726246105919003,0.04314829520006832,0.0006220849238138143,7.5,HIGH
CVE-2021-32606,0.277796667800068,0.0032311155989942337,0.5549056603773584,0.03452578082781141,0.0006210779702620462,7.8,HIGH
CVE-2021-37974,0.29513770826249575,0.00031873770574244623,0.5720676911106789,0.044025577242398646,0.0006203507421259292,8.8,HIGH
CVE-2021-37975,0.29513770826249575,0.00031873770574244623,0.5720676911106789,0.04402557724239867,0.0006203507421259292,8.8,HIGH
CVE-2021-37972,0.29513770826249575,0.00031873770574244623,0.5720676911106789,0.04402557724239866,0.0006203507421259292,8.8,HIGH
CVE-2021-37576,0.2767766065963958,0.0032208805511884622,0.5545917405242315,0.03437317297931091,0.0006192183935006532,7.8,HIGH
CVE-2021-3472,0.28867732063923834,0.00038446493291784004,0.570957095709571,0.04349801737937762,0.000614456660316577,7.8,HIGH
CVE-2021-40153,0.28867732063923834,0.00038446493291784004,0.570957095709571,0.04349801737937765,0.000614456660316577,8.1,HIGH
CVE-2021-44026,0.2907174430465828,0.0002821426380809121,0.5714008160093258,0.043874443889637314,0.000612658069693406,9.8,CRITICAL
CVE-2021-32761,0.2907174430465828,0.0002821426380809121,0.5714008160093258,0.04387444388963734,0.000612658069693406,7.5,HIGH
CVE-2021-3748,0.27609656579394765,0.000975220738453546,0.566121270452358,0.04169685309562417,0.0006119895230828821,7.5,HIGH
CVE-2021-31618,0.2859571574294458,0.00037490638474307,0.5697404106935297,0.04335837152237017,0.0006100092531570016,7.5,HIGH
CVE-2021-4069,0.28765725943556614,0.0002941662002270079,0.5719564371839752,0.04311809226238272,0.0006097901395414477,7.8,HIGH
CVE-2021-3974,0.28765725943556614,0.0002941662002270079,0.5719564371839752,0.04311809226238274,0.0006097901395414477,7.8,HIGH
CVE-2021-3842,0.24651479088745326,0.0015607736193246772,0.5545917405242315,0.03648405116520447,0.000608814444187522,7.5,HIGH
CVE-2021-44730,0.2764365861951717,0.0008764853790970132,0.5660123171670516,0.04183281633292214,0.0006078467151308732,7.8,HIGH
CVE-2021-44731,0.2764365861951717,0.0008764853790970132,0.5660123171670516,0.04183281633292213,0.0006078467151308732,7.8,HIGH
CVE-2021-37695,0.263855831349881,0.001151547236398446,0.5613666730292041,0.03934386043455438,0.0006060528633430655,7.3,HIGH
CVE-2021-20305,0.27507650459027544,0.0005647279836855258,0.5654681791963084,0.04096579992728452,0.0006045466295249621,8.1,HIGH
CVE-2021-29472,0.2842570554233254,0.0003432274625659663,0.569078947368421,0.043328956527208716,0.0006036893967315173,8.8,HIGH
CVE-2021-41099,0.2856171370282217,0.00025163299051801673,0.5691890845751887,0.04346676072043591,0.0006019170218704437,7.5,HIGH
CVE-2021-32675,0.2852771166269976,0.00024506269374959157,0.5688588007736944,0.04344315599835183,0.0006006087695500748,7.5,HIGH
CVE-2021-32626,0.2852771166269976,0.00024506269374959157,0.5688588007736944,0.04344315599835182,0.0006006087695500748,7.5,HIGH
CVE-2021-32627,0.2852771166269976,0.00024506269374959157,0.5688588007736944,0.043443155998351815,0.0006006087695500748,7.5,HIGH
CVE-2021-32628,0.2852771166269976,0.00024506269374959157,0.5688588007736944,0.04344315599835181,0.0006006087695500748,7.5,HIGH
CVE-2021-32762,0.2852771166269976,0.00024506269374959157,0.5688588007736944,0.04344315599835182,0.0006006087695500748,7.5,HIGH
CVE-2021-32687,0.2852771166269976,0.00024506269374959157,0.5688588007736944,0.04344315599835181,0.0006006087695500748,7.5,HIGH
CVE-2021-28651,0.28459707582454946,0.0002705433358634484,0.5694094869312681,0.043355620441248764,0.0006004461744253915,7.5,HIGH
CVE-2021-21107,0.27745664739884396,0.0052056170213146714,0.5606176134197484,0.03834900322331685,0.0005990697811777849,9.6,CRITICAL
CVE-2021-37961,0.28459707582454946,0.0002905429816268558,0.5663393029077605,0.042616251882158326,0.0005990047919824974,8.8,HIGH
CVE-2021-37957,0.28459707582454946,0.0002905429816268558,0.5663393029077605,0.04261625188215833,0.0005990047919824974,8.8,HIGH
CVE-2021-37956,0.28459707582454946,0.0002905429816268558,0.5663393029077605,0.04261625188215832,0.0005990047919824974,8.8,HIGH
CVE-2021-37959,0.28459707582454946,0.0002905429816268558,0.5663393029077605,0.042616251882158326,0.0005990047919824974,8.8,HIGH
CVE-2021-37970,0.28459707582454946,0.0002905429816268558,0.5663393029077605,0.04261625188215834,0.0005990047919824974,8.8,HIGH
CVE-2021-37962,0.28459707582454946,0.0002905429816268558,0.5663393029077605,0.04261625188215833,0.0005990047919824974,8.8,HIGH
CVE-2021-37973,0.28459707582454946,0.0002905429816268558,0.5663393029077605,0.04261625188215835,0.0005990047919824974,9.6,CRITICAL
CVE-2021-41990,0.28493709622577357,0.00022927966530642566,0.5687487913362986,0.04343933041850902,0.000598747019788832,7.5,HIGH
CVE-2021-27803,0.28391703502210136,0.00025154003034910037,0.5689688527761656,0.04332816858468456,0.0005977146035084486,7.5,HIGH
CVE-2021-29457,0.28391703502210136,0.00025154003034910037,0.5689688527761656,0.04332816858468455,0.0005977146035084486,7.8,HIGH
CVE-2021-28091,0.28391703502210136,0.00025154003034910037,0.5689688527761656,0.043328168584684565,0.0005977146035084486,7.5,HIGH
CVE-2021-31292,0.28391703502210136,0.00025154003034910037,0.5689688527761656,0.043328168584684565,0.0005977146035084486,7.5,HIGH
CVE-2021-3246,0.28391703502210136,0.00025154003034910037,0.5689688527761656,0.04332816858468456,0.0005977146035084486,8.8,HIGH
CVE-2021-3773,0.2577354641278477,0.002504480844225362,0.5482848620432513,0.030730930739429077,0.0005952839377784307,9.8,CRITICAL
CVE-2021-33574,0.2733764025841551,0.0006827335103795802,0.5626554428926727,0.04198116725970943,0.0005948109918388077,9.8,CRITICAL
CVE-2021-45417,0.2614756885413125,0.000929018730168931,0.5598705501618123,0.03755507784150093,0.0005940335059342163,7.8,HIGH
CVE-2021-3518,0.2563753825229514,0.0008947788308651546,0.5573242372560167,0.038491911030271206,0.0005930018549074874,8.8,HIGH
CVE-2021-21204,0.2716763005780347,0.0010802272478914001,0.5621177370030581,0.04214986739504762,0.0005902295644129612,8.8,HIGH
CVE-2021-3600,0.25399523971438287,0.0024038547478784306,0.5471627906976744,0.030297359971111416,0.0005847314017344288,7.8,HIGH
CVE-2021-4037,0.254675280516831,0.0027733493255934537,0.5391384051329056,0.029373083762671427,0.0005845761959834683,7.8,HIGH
CVE-2021-3618,0.2781366882012921,0.0001992308930421585,0.5659034058110448,0.04289275202164594,0.0005836617543329011,7.4,HIGH
CVE-2021-3712,0.2230533832029922,0.0015780586627991468,0.5463496191714657,0.031910023581062916,0.0005782786967012179,7.4,HIGH
CVE-2021-4197,0.24821489289357362,0.0026815738796511297,0.5365809158912607,0.02847255680793911,0.0005767716595344959,7.8,HIGH
CVE-2021-3743,0.25025501530091804,0.0023443334664401795,0.5449323698350935,0.029960194738070805,0.0005763656810903671,7.1,HIGH
CVE-2021-33193,0.2662359741584495,0.0003665459306079662,0.5621177370030581,0.04126296522006331,0.0005750832519060957,7.5,HIGH
CVE-2021-3501,0.24311458687521253,0.002533276955774532,0.5022199453551912,0.027220250474610023,0.0005720182394937908,7.1,HIGH
CVE-2021-3739,0.2495749744984699,0.0022993766589471973,0.5447305056491943,0.029934558883431422,0.0005717309315867086,7.1,HIGH
CVE-2021-45342,0.27065623937436245,0.00019462168978735838,0.5641665068098983,0.041733228218781324,0.0005714259528920532,7.8,HIGH
CVE-2021-4010,0.27065623937436245,0.00019462168978735838,0.5641665068098983,0.04173322821878132,0.0005714259528920532,7.8,HIGH
CVE-2021-39926,0.27065623937436245,0.00019462168978735838,0.5641665068098983,0.04173322821878131,0.0005714259528920532,7.5,HIGH
CVE-2021-45341,0.27065623937436245,0.00019462168978735838,0.5641665068098983,0.04173322821878132,0.0005714259528920532,8.8,HIGH
CVE-2021-27218,0.249914994899694,0.0007911926093200856,0.5539649651535129,0.03799929459574907,0.0005710307946954651,7.5,HIGH
CVE-2021-27219,0.249914994899694,0.0007911926093200856,0.5539649651535129,0.03799929459574908,0.0005710307946954651,7.5,HIGH
CVE-2021-30565,0.2614756885413125,0.005952392814789455,0.5531314651119053,0.035959406872174214,0.0005705330324536165,8.8,HIGH
CVE-2021-3984,0.2692961577694662,0.00019872798930923606,0.5639501438159157,0.041548162285414345,0.0005699207641370844,7.8,HIGH
CVE-2021-21224,0.27099625977558656,0.0001912531882277851,0.5619029423003439,0.0421481370919552,0.0005670390384702078,8.8,HIGH
CVE-2021-21207,0.27099625977558656,0.0001912531882277851,0.5619029423003439,0.042148137091955216,0.0005670390384702078,8.6,HIGH
CVE-2021-21201,0.27099625977558656,0.0001912531882277851,0.5619029423003439,0.042148137091955216,0.0005670390384702078,9.6,CRITICAL
CVE-2021-21202,0.27099625977558656,0.0001912531882277851,0.5619029423003439,0.04214813709195521,0.0005670390384702078,8.6,HIGH
CVE-2021-21160,0.27099625977558656,0.0001912531882277851,0.5619029423003439,0.04214813709195522,0.0005670390384702078,8.8,HIGH
CVE-2021-21230,0.27099625977558656,0.0001912531882277851,0.5619029423003439,0.04214813709195523,0.0005670390384702078,8.8,HIGH
CVE-2021-21231,0.27099625977558656,0.0001912531882277851,0.5619029423003439,0.04214813709195522,0.0005670390384702078,8.8,HIGH
CVE-2021-21227,0.27099625977558656,0.0001912531882277851,0.5619029423003439,0.04214813709195522,0.0005670390384702078,8.8,HIGH
CVE-2021-21214,0.27099625977558656,0.0001912531882277851,0.5619029423003439,0.042148137091955216,0.0005670390384702078,8.8,HIGH
CVE-2021-21165,0.27099625977558656,0.0001912531882277851,0.5619029423003439,0.04214813709195522,0.0005670390384702078,8.8,HIGH
CVE-2021-21162,0.27099625977558656,0.0001912531882277851,0.5619029423003439,0.04214813709195522,0.0005670390384702077,8.8,HIGH
CVE-2021-21225,0.27099625977558656,0.0001912531882277851,0.5619029423003439,0.04214813709195523,0.0005670390384702077,8.8,HIGH
CVE-2021-21169,0.27099625977558656,0.0001912531882277851,0.5619029423003439,0.04214813709195524,0.0005670390384702077,8.8,HIGH
CVE-2021-21180,0.27099625977558656,0.0001912531882277851,0.5619029423003439,0.042148137091955216,0.0005670390384702077,8.8,HIGH
CVE-2021-21223,0.27099625977558656,0.0001912531882277851,0.5619029423003439,0.04214813709195522,0.0005670390384702077,9.6,CRITICAL
CVE-2021-21213,0.27099625977558656,0.0001912531882277851,0.5619029423003439,0.042148137091955216,0.0005670390384702077,8.8,HIGH
CVE-2021-21226,0.27099625977558656,0.0001912531882277851,0.5619029423003439,0.04214813709195523,0.0005670390384702077,9.6,CRITICAL
CVE-2021-21203,0.27099625977558656,0.0001912531882277851,0.5619029423003439,0.04214813709195522,0.0005670390384702077,8.8,HIGH
CVE-2021-21190,0.27099625977558656,0.0001912531882277851,0.5619029423003439,0.042148137091955216,0.0005670390384702077,8.8,HIGH
CVE-2021-21166,0.27099625977558656,0.0001912531882277851,0.5619029423003439,0.042148137091955244,0.0005670390384702077,8.8,HIGH
CVE-2021-21167,0.27099625977558656,0.0001912531882277851,0.5619029423003439,0.04214813709195521,0.0005670390384702077,8.8,HIGH
CVE-2021-21174,0.27099625977558656,0.0001912531882277851,0.5619029423003439,0.04214813709195524,0.0005670390384702077,8.8,HIGH
CVE-2021-21159,0.27099625977558656,0.0001912531882277851,0.5619029423003439,0.042148137091955216,0.0005670390384702077,8.8,HIGH
CVE-2021-21232,0.27099625977558656,0.0001912531882277851,0.5619029423003439,0.04214813709195521,0.0005670390384702077,8.8,HIGH
CVE-2021-21188,0.27099625977558656,0.0001912531882277851,0.5619029423003439,0.04214813709195522,0.0005670390384702077,8.8,HIGH
CVE-2021-3570,0.2672560353621217,0.00025125609737344063,0.5611524518221713,0.041874355728609945,0.0005658365154849468,8.8,HIGH
CVE-2021-38496,0.21863311798707924,0.002015669814155593,0.5431209602954755,0.03113239478260009,0.00056442497297111,8.8,HIGH
CVE-2021-43534,0.21863311798707924,0.002015669814155593,0.5431209602954755,0.031132394782600093,0.00056442497297111,8.8,HIGH
CVE-2021-38503,0.21863311798707924,0.002015669814155593,0.5431209602954755,0.031132394782600097,0.00056442497297111,10.0,CRITICAL
CVE-2021-43539,0.21863311798707924,0.002015669814155593,0.5431209602954755,0.03113239478260008,0.00056442497297111,8.8,HIGH
CVE-2021-38500,0.21863311798707924,0.002015669814155593,0.5431209602954755,0.031132394782600083,0.00056442497297111,8.8,HIGH
CVE-2021-43537,0.21863311798707924,0.002015669814155593,0.5431209602954755,0.03113239478260009,0.00056442497297111,8.8,HIGH
CVE-2021-43535,0.21863311798707924,0.002015669814155593,0.5431209602954755,0.031132394782600083,0.00056442497297111,8.8,HIGH
CVE-2021-38504,0.21863311798707924,0.002015669814155593,0.5431209602954755,0.03113239478260008,0.00056442497297111,8.8,HIGH
CVE-2021-38012,0.26827609656579393,0.00019737955058415698,0.5616883116883117,0.04155139083632623,0.0005635239579897425,8.8,HIGH
CVE-2021-38007,0.26827609656579393,0.00019737955058415698,0.5616883116883117,0.041551390836326224,0.0005635239579897425,8.8,HIGH
CVE-2021-4066,0.26827609656579393,0.00019737955058415698,0.5616883116883117,0.04155139083632623,0.0005635239579897425,8.8,HIGH
CVE-2021-4061,0.26827609656579393,0.00019737955058415698,0.5616883116883117,0.04155139083632625,0.0005635239579897425,8.8,HIGH
CVE-2021-4063,0.26827609656579393,0.00019737955058415698,0.5616883116883117,0.041551390836326245,0.0005635239579897425,8.8,HIGH
CVE-2021-38005,0.26827609656579393,0.00019737955058415698,0.5616883116883117,0.04155139083632624,0.0005635239579897425,8.8,HIGH
CVE-2021-38008,0.26827609656579393,0.00019737955058415698,0.5616883116883117,0.04155139083632623,0.0005635239579897425,8.8,HIGH
CVE-2021-4056,0.26827609656579393,0.00019737955058415698,0.5616883116883117,0.04155139083632623,0.0005635239579897425,8.8,HIGH
CVE-2021-38014,0.26827609656579393,0.00019737955058415698,0.5616883116883117,0.04155139083632624,0.0005635239579897425,8.8,HIGH
CVE-2021-4053,0.26827609656579393,0.00019737955058415698,0.5616883116883117,0.04155139083632623,0.0005635239579897425,8.8,HIGH
CVE-2021-38003,0.26827609656579393,0.00019737955058415698,0.5616883116883117,0.041551390836326224,0.0005635239579897425,8.8,HIGH
CVE-2021-38001,0.26827609656579393,0.00019737955058415698,0.5616883116883117,0.041551390836326224,0.0005635239579897425,8.8,HIGH
CVE-2021-4062,0.26827609656579393,0.00019737955058415698,0.5616883116883117,0.041551390836326224,0.0005635239579897425,8.8,HIGH
CVE-2021-4067,0.26827609656579393,0.00019737955058415698,0.5616883116883117,0.041551390836326224,0.0005635239579897425,8.8,HIGH
CVE-2021-37997,0.26827609656579393,0.00019737955058415698,0.5616883116883117,0.04155139083632623,0.0005635239579897425,8.8,HIGH
CVE-2021-38013,0.26827609656579393,0.00019737955058415698,0.5616883116883117,0.04155139083632624,0.0005635239579897425,9.6,CRITICAL
CVE-2021-4058,0.26827609656579393,0.00019737955058415698,0.5616883116883117,0.04155139083632623,0.0005635239579897425,8.8,HIGH
CVE-2021-38015,0.26827609656579393,0.00019737955058415698,0.5616883116883117,0.04155139083632622,0.0005635239579897425,8.8,HIGH
CVE-2021-38002,0.26827609656579393,0.00019737955058415698,0.5616883116883117,0.041551390836326224,0.0005635239579897425,9.6,CRITICAL
CVE-2021-4057,0.26827609656579393,0.00019737955058415698,0.5616883116883117,0.041551390836326224,0.0005635239579897425,8.8,HIGH
CVE-2021-38016,0.26827609656579393,0.00019737955058415698,0.5616883116883117,0.04155139083632624,0.0005635239579897425,8.8,HIGH
CVE-2021-4065,0.26827609656579393,0.00019737955058415698,0.5616883116883117,0.04155139083632624,0.0005635239579897425,8.8,HIGH
CVE-2021-4064,0.26827609656579393,0.00019737955058415698,0.5616883116883117,0.041551390836326245,0.0005635239579897425,8.8,HIGH
CVE-2021-4055,0.26827609656579393,0.00019737955058415698,0.5616883116883117,0.04155139083632623,0.0005635239579897425,8.8,HIGH
CVE-2021-38006,0.26827609656579393,0.00019737955058415698,0.5616883116883117,0.04155139083632622,0.0005635239579897425,8.8,HIGH
CVE-2021-37998,0.26827609656579393,0.00019737955058415698,0.5616883116883117,0.04155139083632623,0.0005635239579897425,8.8,HIGH
CVE-2021-38017,0.26827609656579393,0.00019737955058415698,0.5616883116883117,0.04155139083632624,0.0005635239579897425,8.8,HIGH
CVE-2021-38011,0.26827609656579393,0.00019737955058415698,0.5616883116883117,0.041551390836326245,0.0005635239579897425,8.8,HIGH
CVE-2021-4052,0.26827609656579393,0.00019737955058415698,0.5616883116883117,0.041551390836326224,0.0005635239579897425,8.8,HIGH
CVE-2021-3847,0.24651479088745326,0.00223583348074509,0.5438239644970414,0.029656775332076276,0.0005629943071655028,7.8,HIGH
CVE-2021-32918,0.26113566814008843,0.00034177403190886654,0.5588067642029261,0.04156219824347466,0.0005603893572371059,7.5,HIGH
CVE-2021-32919,0.26113566814008843,0.00034177403190886654,0.5588067642029261,0.04156219824347466,0.0005603893572371059,7.5,HIGH
CVE-2021-32920,0.26113566814008843,0.00034177403190886654,0.5588067642029261,0.04156219824347465,0.0005603893572371059,7.5,HIGH
CVE-2021-1870,0.226793607616457,0.004346271407234945,0.5148809523809523,0.024417288998613916,0.0005585950269343457,9.8,CRITICAL
CVE-2021-1789,0.226793607616457,0.004346271407234945,0.5148809523809523,0.024417288998613913,0.0005585950269343457,8.8,HIGH
CVE-2021-28702,0.25603536212172734,0.000420077252286131,0.5580645161290323,0.03907263523997477,0.0005580048871022297,7.6,HIGH
CVE-2021-31439,0.16797007820469229,0.0077174905526818695,0.5149711083873227,0.02634028191367247,0.0005577401863850497,8.8,HIGH
CVE-2021-31556,0.21319279156749404,0.0019277777290488375,0.5382503660322109,0.03401895462182397,0.0005571547040684854,9.8,CRITICAL
CVE-2021-41799,0.21319279156749404,0.0019277777290488375,0.5382503660322109,0.03401895462182398,0.0005571547040684854,7.5,HIGH
CVE-2021-28021,0.263855831349881,0.00016745008269065302,0.5613666730292041,0.041186649821918254,0.000556340658445906,7.8,HIGH
CVE-2021-43860,0.254675280516831,0.00031048923099123314,0.5573242372560167,0.0373229772497006,0.0005560778628581304,8.2,HIGH
CVE-2021-3796,0.25807548452907175,0.00029474414353682977,0.5587006079027356,0.03921987914509287,0.0005549191481727695,7.3,HIGH
CVE-2021-3778,0.25807548452907175,0.00029474414353682977,0.5587006079027356,0.03921987914509288,0.0005549191481727694,7.8,HIGH
CVE-2021-27291,0.2618157089425366,0.00020975313692712117,0.5588067642029261,0.04022454595129105,0.0005543095512382188,7.5,HIGH
CVE-2021-26937,0.2618157089425366,0.00020975313692712117,0.5588067642029261,0.04022454595129103,0.0005543095512382188,9.8,CRITICAL
CVE-2021-28701,0.25569534172050323,0.000349273522583663,0.5591254752851711,0.03978906848940521,0.0005525355102463473,7.8,HIGH
CVE-2021-28697,0.25569534172050323,0.000349273522583663,0.5591254752851711,0.03978906848940519,0.0005525355102463473,7.8,HIGH
CVE-2021-44420,0.22237334240054404,0.0013167950824015677,0.5333696046427276,0.03359995626016885,0.0005483402419640894,7.3,HIGH
CVE-2021-20204,0.25569534172050323,0.0002307863235247788,0.5579586416239802,0.03907225127237749,0.0005466522539151504,9.8,CRITICAL
CVE-2021-3903,0.25569534172050323,0.0002307863235247788,0.5579586416239802,0.03907225127237748,0.0005466522539151504,7.8,HIGH
CVE-2021-32610,0.25569534172050323,0.0002307863235247788,0.5579586416239802,0.0390722512723775,0.0005466522539151503,7.1,HIGH
CVE-2021-4104,0.12512750765045902,0.004475799365014782,0.48094848732624695,0.017506008236714894,0.0005466125591660065,7.5,HIGH
CVE-2021-41771,0.24005440326419586,0.0008829460660451557,0.552923481857492,0.03662502124030536,0.0005465429917072583,7.5,HIGH
CVE-2021-22884,0.21353281196871812,0.0015421387071797483,0.5401285583103765,0.033217761886769594,0.0005463161639612034,7.5,HIGH
CVE-2021-21381,0.2607956477388643,0.00011540196329424311,0.5587006079027356,0.041561890268065574,0.0005454354353815675,7.1,HIGH
CVE-2021-20288,0.2607956477388643,0.00011540196329424311,0.5587006079027356,0.04156189026806558,0.0005454354353815675,7.2,HIGH
CVE-2021-21779,0.2607956477388643,0.00011540196329424311,0.5587006079027356,0.041561890268065574,0.0005454354353815675,8.8,HIGH
CVE-2021-21772,0.2607956477388643,0.00011540196329424311,0.5587006079027356,0.041561890268065574,0.0005454354353815675,8.1,HIGH
CVE-2021-28834,0.2607956477388643,0.00011540196329424311,0.5587006079027356,0.04156189026806556,0.0005454354353815675,9.8,CRITICAL
CVE-2021-21775,0.2607956477388643,0.00011540196329424311,0.5587006079027356,0.04156189026806558,0.0005454354353815675,8.0,HIGH
CVE-2021-21205,0.2607956477388643,0.00011540196329424311,0.5587006079027356,0.04156189026806556,0.0005454354353815675,8.1,HIGH
CVE-2021-3516,0.2485549132947977,0.0003837753652392587,0.5540693293142427,0.0382262206017819,0.0005431831639140494,7.8,HIGH
CVE-2021-26701,0.19381162869772187,0.003181028306412316,0.5301965026140256,0.03223849401745216,0.0005406362043012579,8.1,HIGH
CVE-2021-31204,0.19381162869772187,0.003181028306412316,0.5301965026140256,0.03223849401745216,0.0005406362043012579,7.3,HIGH
CVE-2021-23978,0.20673240394423667,0.0018968745072999353,0.5393361452411517,0.02968969585488383,0.0005401065477294513,8.8,HIGH
CVE-2021-1223,0.007820469228153689,4.7940333931932594e-05,0.2746031746031746,5.534095481422739e-07,0.0005395862597234271,7.5,HIGH
CVE-2021-43859,0.2420945256715403,0.00039009180037165455,0.554382657869934,0.03674640852579786,0.0005394640055456708,7.5,HIGH
CVE-2021-21161,0.2536552193131588,0.0005134176182795297,0.5549056603773584,0.03901499301048305,0.0005394060408970896,8.8,HIGH
CVE-2021-22543,0.2471948316899014,0.0004043885255647359,0.552923481857492,0.037873386318676726,0.0005375406613797461,7.8,HIGH
CVE-2021-42072,0.1883713022781367,0.0027619236693147095,0.5300054063795279,0.030779577840959745,0.0005325377303985356,8.8,HIGH
CVE-2021-38714,0.24073444406664402,0.0005322426181966128,0.5531314651119053,0.036661309273172654,0.0005313696136037906,8.8,HIGH
CVE-2021-37979,0.25161509690581435,0.00017736690256435134,0.5533396048918157,0.038885973086831366,0.0005310488405663806,8.8,HIGH
CVE-2021-37977,0.25161509690581435,0.00017736690256435134,0.5533396048918157,0.03888597308683136,0.0005310488405663806,8.8,HIGH
CVE-2021-37978,0.25161509690581435,0.00017736690256435134,0.5533396048918157,0.038885973086831366,0.0005310488405663806,8.8,HIGH
CVE-2021-23961,0.2050323019381163,0.0016230381087031047,0.5388420666910957,0.029685946032563835,0.0005256381031067841,7.4,HIGH
CVE-2021-4093,0.2063923835430126,0.0019045582499307358,0.49620381305888306,0.020252725701287676,0.0005254973379688432,8.8,HIGH
CVE-2021-4185,0.23971438286297178,0.00025685746514595434,0.5528195488721804,0.036690168642006894,0.0005227945665725011,7.5,HIGH
CVE-2021-4184,0.23971438286297178,0.00025685746514595434,0.5528195488721804,0.03669016864200689,0.0005227945665725011,7.5,HIGH
CVE-2021-4181,0.23971438286297178,0.00025685746514595434,0.5528195488721804,0.03669016864200688,0.0005227945665725011,7.5,HIGH
CVE-2021-38171,0.20333219993199592,0.0014463820559852875,0.5386446886446886,0.031073021827110414,0.0005222992982692159,9.8,CRITICAL
CVE-2021-34552,0.23869432165929957,0.0004997517045486819,0.5503368263473054,0.03757027867439193,0.0005214778595051979,9.8,CRITICAL
CVE-2021-27364,0.20027201632097927,0.001615560374539849,0.4874047066622473,0.018643188434304778,0.0005210640858750984,7.1,HIGH
CVE-2021-28704,0.23801428085685142,0.0003072895428954189,0.552300469483568,0.03661745010474822,0.0005205737771986179,8.8,HIGH
CVE-2021-26934,0.2254335260115607,0.0024632481971374504,0.5138913157434912,0.025522672826327752,0.0005205493909961742,7.8,HIGH
CVE-2021-33560,0.2393743624617477,0.00031563670557284564,0.5511619190404797,0.03762518520208464,0.0005200087780180398,7.5,HIGH
CVE-2021-42392,0.20401224073444407,0.0012878968272462628,0.5388420666910957,0.031073948636708395,0.0005166261340103306,9.8,CRITICAL
CVE-2021-32808,0.2203332199931996,0.0008459149525339663,0.5443272256153988,0.034577484658397696,0.0005146236015467252,7.6,HIGH
CVE-2021-39928,0.23767426045562734,0.00017587413323883234,0.5521967705595193,0.036620582812481574,0.0005128173320023912,7.5,HIGH
CVE-2021-39921,0.23767426045562734,0.00017587413323883234,0.5521967705595193,0.03662058281248159,0.0005128173320023911,7.5,HIGH
CVE-2021-39924,0.23767426045562734,0.00017587413323883234,0.5521967705595193,0.036620582812481574,0.0005128173320023911,7.5,HIGH
CVE-2021-39925,0.23767426045562734,0.00017587413323883234,0.5521967705595193,0.036620582812481574,0.0005128173320023911,7.5,HIGH
CVE-2021-33582,0.23733424005440326,0.00017529428996097523,0.5520931105688005,0.036577549994592826,0.0005121659986582947,7.5,HIGH
CVE-2021-31542,0.23733424005440326,0.00017529428996097523,0.5520931105688005,0.036577549994592826,0.0005121659986582947,7.5,HIGH
CVE-2021-3410,0.23733424005440326,0.00017529428996097523,0.5520931105688005,0.03657754999459281,0.0005121659986582947,7.8,HIGH
CVE-2021-3973,0.23733424005440326,0.00017529428996097523,0.5520931105688005,0.03657754999459282,0.0005121659986582947,7.8,HIGH
CVE-2021-38173,0.23733424005440326,0.00017529428996097523,0.5520931105688005,0.03657754999459282,0.0005121659986582947,9.8,CRITICAL
CVE-2021-28706,0.2342740564433866,0.000290181748390527,0.5521967705595193,0.03680193855558505,0.0005119856201126602,8.6,HIGH
CVE-2021-21116,0.2420945256715403,0.00014945314788042174,0.5497196261682243,0.03789649430059672,0.0005109430217224178,8.8,HIGH
CVE-2021-21108,0.2420945256715403,0.00014945314788042174,0.5497196261682243,0.037896494300596745,0.0005109430217224178,9.6,CRITICAL
CVE-2021-21109,0.2420945256715403,0.00014945314788042174,0.5497196261682243,0.03789649430059673,0.0005109430217224178,9.6,CRITICAL
CVE-2021-21112,0.2420945256715403,0.00014945314788042174,0.5497196261682243,0.03789649430059673,0.0005109430217224178,8.8,HIGH
CVE-2021-21106,0.2420945256715403,0.00014945314788042174,0.5497196261682243,0.03789649430059672,0.0005109430217224178,9.6,CRITICAL
CVE-2021-21111,0.2420945256715403,0.00014945314788042174,0.5497196261682243,0.03789649430059672,0.0005109430217224178,9.6,CRITICAL
CVE-2021-21110,0.2420945256715403,0.00014945314788042174,0.5497196261682243,0.03789649430059671,0.0005109430217224178,9.6,CRITICAL
CVE-2021-21114,0.2420945256715403,0.00014945314788042174,0.5497196261682243,0.03789649430059671,0.0005109430217224178,8.8,HIGH
CVE-2021-21113,0.2420945256715403,0.00014945314788042174,0.5497196261682243,0.037896494300596724,0.0005109430217224178,8.8,HIGH
CVE-2021-21148,0.2420945256715403,0.00014945314788042174,0.5497196261682243,0.03789649430059673,0.0005109430217224178,8.8,HIGH
CVE-2021-21115,0.2420945256715403,0.00014945314788042174,0.5497196261682243,0.037896494300596724,0.0005109430217224178,9.6,CRITICAL
CVE-2021-3872,0.23631417885073105,0.00020744922203238338,0.549925205684368,0.035933703322091747,0.0005097188776880836,7.8,HIGH
CVE-2021-28831,0.23869432165929957,0.00015147736917618036,0.5503368263473054,0.03772087238840864,0.0005091014703391978,7.5,HIGH
CVE-2021-20307,0.23869432165929957,0.00015147736917618036,0.5503368263473054,0.03772087238840864,0.0005091014703391978,9.8,CRITICAL
CVE-2021-28709,0.2346140768446107,0.00025778198302120784,0.552300469483568,0.036841454698143164,0.000509041740016955,7.8,HIGH
CVE-2021-28707,0.2346140768446107,0.00025778198302120784,0.552300469483568,0.03684145469814317,0.000509041740016955,8.8,HIGH
CVE-2021-28708,0.2346140768446107,0.00025778198302120784,0.552300469483568,0.03684145469814317,0.000509041740016955,8.8,HIGH
CVE-2021-28705,0.2346140768446107,0.00025778198302120784,0.552300469483568,0.036841454698143164,0.000509041740016955,7.8,HIGH
CVE-2021-3578,0.23767426045562734,0.00015065333008251752,0.5500280531138957,0.03756826453990817,0.0005072419514382772,7.8,HIGH
CVE-2021-31215,0.23767426045562734,0.00015065333008251752,0.5500280531138957,0.03756826453990816,0.0005072419514382771,8.8,HIGH
CVE-2021-33477,0.23767426045562734,0.00015065333008251752,0.5500280531138957,0.03756826453990817,0.0005072419514382771,8.8,HIGH
CVE-2021-3561,0.23767426045562734,0.00015065333008251752,0.5500280531138957,0.037568264539908164,0.0005072419514382771,7.1,HIGH
CVE-2021-3711,0.19041142468548114,0.0010913743262539913,0.5231234436143721,0.028025992714521296,0.0005067383878029786,9.8,CRITICAL
CVE-2021-35610,0.21965317919075145,0.0006537566806113289,0.541321553469538,0.03429033116149359,0.000506021491972973,7.1,HIGH
CVE-2021-41617,0.22237334240054404,0.0005420369049619605,0.541321553469538,0.03472283448433693,0.0005044864047796166,7.0,HIGH
CVE-2021-32688,0.19075144508670522,0.0020485771990305193,0.529337652987761,0.03208428549000051,0.0005042120106096383,8.8,HIGH
CVE-2021-22915,0.19075144508670522,0.0020485771990305193,0.529337652987761,0.03208428549000051,0.0005042120106096383,9.8,CRITICAL
CVE-2021-41133,0.23733424005440326,0.0001016069535327605,0.551368578927634,0.03832737981703636,0.0005017127026399888,8.8,HIGH
CVE-2021-3444,0.19415164909894594,0.0014775732203330956,0.4859550561797753,0.018147548492351853,0.0005010936385337728,7.8,HIGH
CVE-2021-40346,0.2369942196531792,0.00010110472707816344,0.5512652296157451,0.038288356105271884,0.0005010667244619967,7.5,HIGH
CVE-2021-39242,0.2369942196531792,0.00010110472707816344,0.5512652296157451,0.03828835610527188,0.0005010667244619967,7.5,HIGH
CVE-2021-39240,0.2369942196531792,0.00010110472707816344,0.5512652296157451,0.038288356105271856,0.0005010667244619967,7.5,HIGH
CVE-2021-44648,0.23393403604216254,0.00014422505538298799,0.5520931105688005,0.036801554587987756,0.000500634098844277,8.8,HIGH
CVE-2021-41103,0.23393403604216254,0.00014422505538298799,0.5520931105688005,0.036801554587987735,0.000500634098844277,7.8,HIGH
CVE-2021-3737,0.2101326079564774,0.0012470194813087505,0.5358965014577259,0.03341156735292591,0.0004990244735269546,7.5,HIGH
CVE-2021-3177,0.21217273036382184,0.0006852029486608805,0.541421207658321,0.032189201533202684,0.00049576870929422,9.8,CRITICAL
CVE-2021-22883,0.2050323019381163,0.0009123037975026546,0.5375616889051362,0.032971589564048116,0.0004957685149406908,7.5,HIGH
CVE-2021-42574,0.21047262835770147,0.0007581987777303345,0.5374634502923976,0.03402044609005508,0.0004950060691562805,8.3,HIGH
CVE-2021-37150,0.21897313838830332,0.000593483445727449,0.532404055032585,0.033392112534572846,0.0004942621111212994,7.5,HIGH
CVE-2021-0002,0.2101326079564774,0.0007469128509900283,0.5373652475790243,0.034016207071277796,0.0004934357632727868,7.1,HIGH
CVE-2021-45082,0.19245154709282558,0.0013262788228570795,0.5313459801264679,0.03098755995010973,0.0004919794548149697,7.8,HIGH
CVE-2021-25216,0.20843250595035703,0.0007169073361533908,0.5399302368276115,0.030694908559154754,0.0004913463134133976,8.1,HIGH
CVE-2021-44538,0.20299217953077187,0.0007672658501414301,0.5385460538362937,0.031072944834861185,0.0004895793328860465,9.8,CRITICAL
CVE-2021-26252,0.16558993539612377,0.0027540024266655104,0.5219165927240461,0.027839150834338106,0.0004895782055815937,7.8,HIGH
CVE-2021-32399,0.19517171030261815,0.0012790330667635848,0.48611570247933883,0.01832824884325345,0.0004880992467108781,7.0,HIGH
CVE-2021-3483,0.19517171030261815,0.0012790330667635848,0.48611570247933883,0.018328248843253438,0.0004880992467108781,7.8,HIGH
CVE-2021-3506,0.19517171030261815,0.0012790330667635848,0.48611570247933883,0.018328248843253448,0.0004880992467108781,7.1,HIGH
CVE-2021-39713,0.1383883032981979,0.011026863481002248,0.5127266387726639,0.015436954059500537,0.000487503130171335,7.0,HIGH
CVE-2021-3653,0.19653179190751446,0.001315156640315978,0.4874047066622473,0.018699246668441073,0.0004857120414661511,8.8,HIGH
CVE-2021-27365,0.19415164909894594,0.001265495950775446,0.4858747728399141,0.018271836860781987,0.00048479754845703454,7.8,HIGH
CVE-2021-4204,0.19891193471608298,0.0017049854880217775,0.5011929107021131,0.020268213863896625,0.0004835524606381699,7.1,HIGH
CVE-2021-37137,0.1781706902414145,0.0013938833118108001,0.5194277640409749,0.02698870619407223,0.00048313681934357384,7.5,HIGH
CVE-2021-45083,0.1921115266916015,0.0012314261219128714,0.53125,0.03098708336939726,0.0004827638175048706,7.1,HIGH
CVE-2021-30578,0.22577354641278477,0.00013577782392594343,0.5419200294822185,0.03546285152195215,0.00048174840476732713,8.8,HIGH
CVE-2021-30567,0.22577354641278477,0.00013577782392594343,0.5419200294822185,0.03546285152195215,0.00048174840476732713,8.8,HIGH
CVE-2021-30592,0.22577354641278477,0.00013577782392594343,0.5419200294822185,0.035462851521952166,0.00048174840476732713,8.8,HIGH
CVE-2021-30599,0.22577354641278477,0.00013577782392594343,0.5419200294822185,0.03546285152195216,0.00048174840476732713,8.8,HIGH
CVE-2021-30574,0.22577354641278477,0.00013577782392594343,0.5419200294822185,0.03546285152195216,0.00048174840476732713,8.8,HIGH
CVE-2021-30602,0.22577354641278477,0.00013577782392594343,0.5419200294822185,0.035462851521952145,0.00048174840476732713,8.8,HIGH
CVE-2021-30542,0.22577354641278477,0.00013577782392594343,0.5419200294822185,0.03546285152195215,0.00048174840476732713,8.8,HIGH
CVE-2021-30585,0.22577354641278477,0.00013577782392594343,0.5419200294822185,0.03546285152195217,0.00048174840476732713,8.8,HIGH
CVE-2021-30586,0.22577354641278477,0.00013577782392594343,0.5419200294822185,0.03546285152195215,0.00048174840476732713,8.8,HIGH
CVE-2021-30591,0.22577354641278477,0.00013577782392594343,0.5419200294822185,0.03546285152195216,0.00048174840476732713,8.8,HIGH
CVE-2021-30572,0.22577354641278477,0.00013577782392594343,0.5419200294822185,0.03546285152195218,0.00048174840476732713,8.8,HIGH
CVE-2021-30588,0.22577354641278477,0.00013577782392594343,0.5419200294822185,0.03546285152195216,0.00048174840476732713,8.8,HIGH
CVE-2021-30600,0.22577354641278477,0.00013577782392594343,0.5419200294822185,0.035462851521952166,0.00048174840476732713,8.8,HIGH
CVE-2021-30566,0.22577354641278477,0.00013577782392594343,0.5419200294822185,0.035462851521952166,0.00048174840476732713,8.8,HIGH
CVE-2021-30593,0.22577354641278477,0.00013577782392594343,0.5419200294822185,0.03546285152195218,0.00048174840476732713,8.1,HIGH
CVE-2021-30571,0.22577354641278477,0.00013577782392594343,0.5419200294822185,0.035462851521952145,0.00048174840476732713,9.6,CRITICAL
CVE-2021-30568,0.22577354641278477,0.00013577782392594343,0.5419200294822185,0.03546285152195217,0.00048174840476732713,8.8,HIGH
CVE-2021-30575,0.22577354641278477,0.00013577782392594343,0.5419200294822185,0.035462851521952166,0.00048174840476732713,8.8,HIGH
CVE-2021-30569,0.22577354641278477,0.00013577782392594343,0.5419200294822185,0.03546285152195215,0.00048174840476732713,8.8,HIGH
CVE-2021-30590,0.22577354641278477,0.00013577782392594343,0.5419200294822185,0.03546285152195216,0.00048174840476732713,8.8,HIGH
CVE-2021-30581,0.22577354641278477,0.00013577782392594343,0.5419200294822185,0.03546285152195217,0.00048174840476732713,8.8,HIGH
CVE-2021-30603,0.22577354641278477,0.00013577782392594343,0.5419200294822185,0.035462851521952145,0.00048174840476732713,7.5,HIGH
CVE-2021-30543,0.22577354641278477,0.00013577782392594343,0.5419200294822185,0.035462851521952166,0.00048174840476732713,8.8,HIGH
CVE-2021-30601,0.22577354641278477,0.00013577782392594343,0.5419200294822185,0.035462851521952166,0.00048174840476732713,8.8,HIGH
CVE-2021-30577,0.22577354641278477,0.00013577782392594343,0.5419200294822185,0.03546285152195218,0.00048174840476732713,7.8,HIGH
CVE-2021-30579,0.22577354641278477,0.00013577782392594343,0.5419200294822185,0.035462851521952166,0.00048174840476732713,8.8,HIGH
CVE-2021-30573,0.22577354641278477,0.00013577782392594343,0.5419200294822185,0.035462851521952145,0.00048174840476732713,8.8,HIGH
CVE-2021-30604,0.22577354641278477,0.00013577782392594343,0.5419200294822185,0.035462851521952166,0.00048174840476732713,8.8,HIGH
CVE-2021-30598,0.22577354641278477,0.00013577782392594343,0.5419200294822185,0.035462851521952145,0.00048174840476732713,8.8,HIGH
CVE-2021-30576,0.22577354641278477,0.00013577782392594343,0.5419200294822185,0.035462851521952145,0.000481748404767327,8.8,HIGH
CVE-2021-29964,0.20469228153689223,0.0029703309030251115,0.44587628865979384,0.004648454165306481,0.0004812619298131961,7.1,HIGH
CVE-2021-46790,0.21795307718463108,0.0002593344851522133,0.5321150714673422,0.03338995239878908,0.0004811340780361115,7.8,HIGH
CVE-2021-4157,0.19517171030261815,0.0015542535898812999,0.4930427493713328,0.019279917994707362,0.00047953425570504003,8.0,HIGH
CVE-2021-31566,0.21829309758585516,0.0001891004216221868,0.5319225899801049,0.03358680105209028,0.00047902889309524223,7.8,HIGH
CVE-2021-3864,0.20911254675280516,0.005090654399884604,0.5378566203365033,0.02804812438531911,0.0004767879704751438,7.0,HIGH
CVE-2021-23177,0.21727303638218293,0.00017592191427726164,0.5316341287057122,0.033564316011470564,0.0004751609468284508,7.8,HIGH
CVE-2021-29678,0.21795307718463108,0.004011930287017967,0.4824475065616798,0.005177854384401111,0.00047477726499198214,8.7,HIGH
CVE-2021-39002,0.21795307718463108,0.004011930287017967,0.4824475065616798,0.005177854384401112,0.00047477726499198214,7.5,HIGH
CVE-2021-21408,0.21047262835770147,0.0003815835085137281,0.5411223551057958,0.031550050411786656,0.0004744981108244812,8.8,HIGH
CVE-2021-29454,0.21047262835770147,0.0003815835085137281,0.5411223551057958,0.03155005041178667,0.0004744981108244812,8.1,HIGH
CVE-2021-42008,0.19075144508670522,0.0011964239718618632,0.48507339600857663,0.018027052212427848,0.0004726844832559795,7.8,HIGH
CVE-2021-47489,0.1948316899013941,0.00166069796815521,0.5001700680272109,0.01989170536313322,0.000472279777617608,7.8,HIGH
CVE-2021-47247,0.1948316899013941,0.00166069796815521,0.5001700680272109,0.01989170536313321,0.000472279777617608,7.8,HIGH
CVE-2021-3551,0.19755185311118667,0.0007941904224612024,0.5320188133140377,0.03275893220346596,0.0004721847093727242,7.8,HIGH
CVE-2021-25122,0.19687181230873854,0.0005601177245057247,0.5381518755718206,0.030014610643917625,0.0004702965750825231,7.5,HIGH
CVE-2021-25329,0.19687181230873854,0.0005601177245057247,0.5381518755718206,0.03001461064391764,0.0004702965750825231,7.0,HIGH
CVE-2021-45098,0.20299217953077187,0.00036023087021102147,0.5385460538362937,0.031073051337098808,0.0004679013635649011,7.5,HIGH
CVE-2021-2388,0.19143148588915335,0.0007649892839608548,0.5349217897417242,0.029632931065274242,0.0004673823481392527,7.5,HIGH
CVE-2021-29968,0.20299217953077187,0.00243000974764061,0.4455385547644296,0.004644704342986487,0.00046679425556519404,8.1,HIGH
CVE-2021-46848,0.20979258755525332,0.0003113802239947119,0.529337652987761,0.03249943782642583,0.0004666221994296571,9.1,CRITICAL
CVE-2021-46669,0.2101326079564774,0.0002501251264458714,0.5294329432943294,0.03252501073199993,0.0004659283866414641,7.5,HIGH
CVE-2021-3348,0.18803128187691262,0.0011567000843890041,0.48443419535496623,0.01777619691882907,0.00046482828045214504,7.0,HIGH
CVE-2021-35039,0.18803128187691262,0.0011567000843890041,0.48443419535496623,0.01777619691882907,0.00046482828045214504,7.8,HIGH
CVE-2021-31607,0.21047262835770147,0.00021216686652950488,0.5374634502923976,0.03401781643439715,0.0004612344395280534,7.8,HIGH
CVE-2021-20314,0.21353281196871812,0.00011596000790682777,0.538348892549881,0.034261062929004465,0.00046071540077858425,9.8,CRITICAL
CVE-2021-39226,0.18803128187691262,0.0014659866128053285,0.5299099099099099,0.030780071265206873,0.0004603638402968521,9.8,CRITICAL
CVE-2021-3770,0.21251275076504592,0.00012303110920932302,0.5380534211489206,0.03419079556390922,0.0004585761201047713,7.8,HIGH
CVE-2021-23840,0.1601496089765386,0.0022916816431526703,0.5140709666142282,0.025404106383976353,0.0004579672311883067,7.5,HIGH
CVE-2021-42717,0.20537232233934036,0.00016178514911635377,0.5392372570590392,0.031252805762446406,0.00045683970507887116,7.5,HIGH
CVE-2021-30632,0.21251275076504592,9.426231213087109e-05,0.5139811254806012,0.03351959090457483,0.00045517013260912975,8.8,HIGH
CVE-2021-30626,0.21251275076504592,9.426231213087109e-05,0.5139811254806012,0.03351959090457482,0.00045517013260912975,8.8,HIGH
CVE-2021-30627,0.21251275076504592,9.426231213087109e-05,0.5139811254806012,0.03351959090457481,0.00045517013260912975,8.8,HIGH
CVE-2021-30625,0.21251275076504592,9.426231213087109e-05,0.5139811254806012,0.033519590904574834,0.00045517013260912975,8.8,HIGH
CVE-2021-30629,0.21251275076504592,9.426231213087109e-05,0.5139811254806012,0.03351959090457483,0.00045517013260912975,8.8,HIGH
CVE-2021-30633,0.21251275076504592,9.426231213087109e-05,0.5139811254806012,0.033519590904574834,0.00045517013260912975,9.6,CRITICAL
CVE-2021-30628,0.21251275076504592,9.426231213087109e-05,0.5139811254806012,0.03351959090457482,0.00045517013260912975,8.8,HIGH
CVE-2021-3497,0.20401224073444407,0.00017523041594229093,0.5395340304531279,0.030975437702380017,0.0004546177103195927,7.8,HIGH
CVE-2021-3682,0.20401224073444407,0.00015070580726458038,0.5388420666910957,0.03115585417793821,0.0004520936676618041,8.5,HIGH
CVE-2021-2018,0.1910914654879293,0.002511700086813982,0.440731305260003,0.00408817922647953,0.00045165847515981136,8.3,HIGH
CVE-2021-21157,0.1995919755185311,0.0031715505504827735,0.5109451007644198,0.026555270844044958,0.00045124471976106494,8.8,HIGH
CVE-2021-3713,0.20333219993199592,0.00013954348755147402,0.5386446886446886,0.03109826794740853,0.0004506291947016488,7.4,HIGH
CVE-2021-3673,0.20979258755525332,6.733434684402062e-05,0.5372670807453416,0.03401612305137726,0.00044958386615113853,7.5,HIGH
CVE-2021-29063,0.20979258755525332,6.733434684402062e-05,0.5372670807453416,0.03401612305137727,0.00044958386615113853,7.5,HIGH
CVE-2021-42716,0.20979258755525332,6.733434684402062e-05,0.5372670807453416,0.034016123051377266,0.00044958386615113853,7.1,HIGH
CVE-2021-30560,0.20775246514790888,0.0001478195217241066,0.5364830353885444,0.032218288879048124,0.0004494487377154522,8.8,HIGH
CVE-2021-20233,0.20129207752465147,0.00029629070304056256,0.5330795722312851,0.03305855960851926,0.0004486570039966094,8.2,HIGH
CVE-2021-41079,0.20299217953077187,0.00010108941394696151,0.5387433595896685,0.031076380752372183,0.00044815482835511956,7.5,HIGH
CVE-2021-39923,0.20367222033322,8.900325022069322e-05,0.5387433595896685,0.031218883347183698,0.00044760107580670423,7.5,HIGH
CVE-2021-22235,0.20367222033322,8.900325022069322e-05,0.5387433595896685,0.03121888334718369,0.00044760107580670423,7.5,HIGH
CVE-2021-28879,0.19075144508670522,0.0006931228888495938,0.529337652987761,0.03223665370481495,0.0004469445453809208,9.8,CRITICAL
CVE-2021-28878,0.19075144508670522,0.0006931228888495938,0.529337652987761,0.03223665370481494,0.0004469445453809208,7.5,HIGH
CVE-2021-31162,0.19075144508670522,0.0006931228888495938,0.529337652987761,0.032236653704814947,0.0004469445453809208,9.8,CRITICAL
CVE-2021-42377,0.20401224073444407,0.00025999061827948244,0.5331762146482959,0.03300018810815816,0.0004467683769518607,9.8,CRITICAL
CVE-2021-42013,0.1995919755185311,0.00022986833141361683,0.5346300672604981,0.03169378870240977,0.0004466587463338951,9.8,CRITICAL
CVE-2021-32940,0.02448146888813329,0.0027068288449209675,0.3798269404623531,0.0001384211706350394,0.00044643279357439627,7.1,HIGH
CVE-2021-32938,0.02448146888813329,0.0027068288449209675,0.3798269404623531,0.00013842117063503907,0.00044643279357439627,7.1,HIGH
CVE-2021-32950,0.02448146888813329,0.0027068288449209675,0.3798269404623531,0.00013842117063503842,0.00044643279357439627,7.1,HIGH
CVE-2021-32946,0.02448146888813329,0.0027068288449209675,0.3798269404623531,0.00013842117063503587,0.00044643279357439627,7.8,HIGH
CVE-2021-32952,0.02448146888813329,0.0027068288449209675,0.3798269404623531,0.00013842117063503825,0.00044643279357439627,7.8,HIGH
CVE-2021-32936,0.02448146888813329,0.0027068288449209675,0.3798269404623531,0.00013842117063503977,0.00044643279357439627,7.8,HIGH
CVE-2021-32944,0.02448146888813329,0.0027068288449209675,0.3798269404623531,0.00013842117063503825,0.00044643279357439627,7.8,HIGH
CVE-2021-32948,0.02448146888813329,0.0027068288449209675,0.3798269404623531,0.00013842117063503758,0.00044643279357439627,7.8,HIGH
CVE-2021-39255,0.2026521591295478,8.768734599542342e-05,0.5384474551446357,0.03107286808480702,0.0004457133852239005,7.8,HIGH
CVE-2021-43300,0.2026521591295478,8.768734599542342e-05,0.5384474551446357,0.031072868084807026,0.0004457133852239005,9.8,CRITICAL
CVE-2021-39258,0.2026521591295478,8.768734599542342e-05,0.5384474551446357,0.031072868084807033,0.0004457133852239005,7.8,HIGH
CVE-2021-43303,0.2026521591295478,8.768734599542342e-05,0.5384474551446357,0.031072868084807033,0.0004457133852239005,9.8,CRITICAL
CVE-2021-39262,0.2026521591295478,8.768734599542342e-05,0.5384474551446357,0.031072868084807023,0.0004457133852239005,7.8,HIGH
CVE-2021-45844,0.2026521591295478,8.768734599542342e-05,0.5384474551446357,0.03107286808480703,0.0004457133852239005,7.8,HIGH
CVE-2021-43302,0.2026521591295478,8.768734599542342e-05,0.5384474551446357,0.031072868084807036,0.0004457133852239005,9.1,CRITICAL
CVE-2021-3624,0.2026521591295478,8.768734599542342e-05,0.5384474551446357,0.031072868084807023,0.0004457133852239005,7.8,HIGH
CVE-2021-45972,0.2026521591295478,8.768734599542342e-05,0.5384474551446357,0.031072868084807012,0.0004457133852239005,7.1,HIGH
CVE-2021-39263,0.2026521591295478,8.768734599542342e-05,0.5384474551446357,0.03107286808480702,0.0004457133852239005,7.8,HIGH
CVE-2021-43299,0.2026521591295478,8.768734599542342e-05,0.5384474551446357,0.03107286808480703,0.0004457133852239005,9.8,CRITICAL
CVE-2021-33286,0.2026521591295478,8.768734599542342e-05,0.5384474551446357,0.03107286808480704,0.0004457133852239005,7.8,HIGH
CVE-2021-39259,0.2026521591295478,8.768734599542342e-05,0.5384474551446357,0.031072868084807026,0.0004457133852239005,7.8,HIGH
CVE-2021-39261,0.2026521591295478,8.768734599542342e-05,0.5384474551446357,0.03107286808480702,0.00044571338522390045,7.8,HIGH
CVE-2021-26120,0.2026521591295478,8.768734599542342e-05,0.5384474551446357,0.031072868084807036,0.00044571338522390045,9.8,CRITICAL
CVE-2021-41072,0.2026521591295478,8.768734599542342e-05,0.5384474551446357,0.031072868084807023,0.00044571338522390045,8.1,HIGH
CVE-2021-33054,0.2026521591295478,8.768734599542342e-05,0.5384474551446357,0.031072868084807033,0.00044571338522390045,7.5,HIGH
CVE-2021-38291,0.2026521591295478,8.768734599542342e-05,0.5384474551446357,0.031072868084807054,0.00044571338522390045,7.5,HIGH
CVE-2021-40393,0.2026521591295478,8.768734599542342e-05,0.5384474551446357,0.03107286808480704,0.00044571338522390045,9.8,CRITICAL
CVE-2021-26119,0.2026521591295478,8.768734599542342e-05,0.5384474551446357,0.031072868084807043,0.00044571338522390045,7.5,HIGH
CVE-2021-39256,0.2026521591295478,8.768734599542342e-05,0.5384474551446357,0.03107286808480703,0.00044571338522390045,7.8,HIGH
CVE-2021-43845,0.2026521591295478,8.768734599542342e-05,0.5384474551446357,0.031072868084807036,0.00044571338522390045,8.2,HIGH
CVE-2021-20001,0.2026521591295478,8.768734599542342e-05,0.5384474551446357,0.031072868084807023,0.00044571338522390045,9.8,CRITICAL
CVE-2021-39260,0.2026521591295478,8.768734599542342e-05,0.5384474551446357,0.031072868084807023,0.00044571338522390045,7.8,HIGH
CVE-2021-40394,0.2026521591295478,8.768734599542342e-05,0.5384474551446357,0.031072868084807036,0.00044571338522390045,9.8,CRITICAL
CVE-2021-37984,0.20673240394423667,0.0001137851266987337,0.5361896080218779,0.03219580383842839,0.00044558094747809484,8.8,HIGH
CVE-2021-37983,0.20673240394423667,0.0001137851266987337,0.5361896080218779,0.03219580383842837,0.00044558094747809484,8.8,HIGH
CVE-2021-37986,0.20673240394423667,0.0001137851266987337,0.5361896080218779,0.032195803838428384,0.00044558094747809484,8.8,HIGH
CVE-2021-4078,0.20673240394423667,0.0001137851266987337,0.5361896080218779,0.032195803838428384,0.00044558094747809484,8.8,HIGH
CVE-2021-37985,0.20673240394423667,0.0001137851266987337,0.5361896080218779,0.032195803838428405,0.00044558094747809484,8.8,HIGH
CVE-2021-37981,0.20673240394423667,0.0001137851266987337,0.5361896080218779,0.03219580383842838,0.00044558094747809484,9.6,CRITICAL
CVE-2021-4079,0.20673240394423667,0.0001137851266987337,0.5361896080218779,0.03219580383842841,0.00044558094747809484,8.8,HIGH
CVE-2021-37991,0.20673240394423667,0.0001137851266987337,0.5361896080218779,0.032195803838428405,0.00044558094747809484,7.5,HIGH
CVE-2021-37993,0.20673240394423667,0.0001137851266987337,0.5361896080218779,0.032195803838428384,0.00044558094747809484,8.8,HIGH
CVE-2021-37982,0.20673240394423667,0.0001137851266987337,0.5361896080218779,0.032195803838428384,0.00044558094747809484,8.8,HIGH
CVE-2021-37987,0.20673240394423667,0.0001137851266987337,0.5361896080218779,0.03219580383842839,0.0004455809474780948,8.8,HIGH
CVE-2021-37992,0.20673240394423667,0.0001137851266987337,0.5361896080218779,0.0321958038384284,0.0004455809474780948,8.8,HIGH
CVE-2021-37988,0.20673240394423667,0.0001137851266987337,0.5361896080218779,0.032195803838428384,0.0004455809474780948,8.8,HIGH
CVE-2021-21191,0.2063923835430126,0.00011073858643706801,0.5370708546384222,0.032392819423197244,0.0004437869732885152,8.8,HIGH
CVE-2021-21193,0.2063923835430126,0.00011073858643706801,0.5370708546384222,0.03239281942319724,0.0004437869732885152,8.8,HIGH
CVE-2021-21192,0.2063923835430126,0.00011073858643706801,0.5370708546384222,0.03239281942319726,0.0004437869732885152,8.8,HIGH
CVE-2021-29447,0.1910914654879293,0.0004489340068263179,0.5348245135479178,0.02963030739886976,0.00044360935861253753,7.1,HIGH
CVE-2021-4120,0.19279156749404966,0.0005291189748747484,0.53125,0.03087886041161616,0.0004430657291737537,8.2,HIGH
CVE-2021-41772,0.19041142468548114,0.0005891036806870836,0.530579108785856,0.030874807051247913,0.00044262429542793247,7.5,HIGH
CVE-2021-38297,0.19041142468548114,0.0005891036806870836,0.530579108785856,0.030874807051247895,0.00044262429542793247,9.8,CRITICAL
CVE-2021-32558,0.1601496089765386,0.0014134749231372314,0.5254600678935144,0.02445466403601824,0.0004416017948627465,7.5,HIGH
CVE-2021-23450,0.15776946616797008,0.0015825735775545021,0.5132635253054101,0.024959266285497297,0.0004404355247961125,7.5,HIGH
CVE-2021-41773,0.1972118327099626,0.00018108435227829394,0.5335631349782293,0.0314679699662976,0.0004378536007690743,9.8,CRITICAL
CVE-2021-41524,0.1972118327099626,0.00018108435227829394,0.5335631349782293,0.03146796996629761,0.0004378536007690743,7.5,HIGH
CVE-2021-30509,0.20469228153689223,7.058407445345553e-05,0.5332728921124207,0.03353005544579896,0.0004363302359359503,8.8,HIGH
CVE-2021-30527,0.20469228153689223,7.058407445345553e-05,0.5332728921124207,0.03353005544579894,0.0004363302359359503,8.8,HIGH
CVE-2021-30519,0.20469228153689223,7.058407445345553e-05,0.5332728921124207,0.03353005544579895,0.0004363302359359503,8.8,HIGH
CVE-2021-30555,0.20469228153689223,7.058407445345553e-05,0.5332728921124207,0.03353005544579896,0.0004363302359359503,8.8,HIGH
CVE-2021-30530,0.20469228153689223,7.058407445345553e-05,0.5332728921124207,0.03353005544579895,0.0004363302359359503,8.8,HIGH
CVE-2021-30536,0.20469228153689223,7.058407445345553e-05,0.5332728921124207,0.03353005544579895,0.0004363302359359503,8.1,HIGH
CVE-2021-21220,0.20469228153689223,7.058407445345553e-05,0.5332728921124207,0.03353005544579894,0.0004363302359359503,8.8,HIGH
CVE-2021-21199,0.20469228153689223,7.058407445345553e-05,0.5332728921124207,0.03353005544579894,0.0004363302359359503,8.8,HIGH
CVE-2021-21195,0.20469228153689223,7.058407445345553e-05,0.5332728921124207,0.03353005544579895,0.0004363302359359503,8.8,HIGH
CVE-2021-21194,0.20469228153689223,7.058407445345553e-05,0.5332728921124207,0.03353005544579894,0.0004363302359359503,8.8,HIGH
CVE-2021-30549,0.20469228153689223,7.058407445345553e-05,0.5332728921124207,0.03353005544579895,0.0004363302359359503,8.8,HIGH
CVE-2021-30520,0.20469228153689223,7.058407445345553e-05,0.5332728921124207,0.033530055445798956,0.0004363302359359503,8.8,HIGH
CVE-2021-30524,0.20469228153689223,7.058407445345553e-05,0.5332728921124207,0.033530055445798956,0.0004363302359359503,8.8,HIGH
CVE-2021-30556,0.20469228153689223,7.058407445345553e-05,0.5332728921124207,0.03353005544579894,0.0004363302359359503,8.8,HIGH
CVE-2021-30544,0.20469228153689223,7.058407445345553e-05,0.5332728921124207,0.03353005544579894,0.0004363302359359503,8.8,HIGH
CVE-2021-30551,0.20469228153689223,7.058407445345553e-05,0.5332728921124207,0.033530055445798936,0.0004363302359359503,8.8,HIGH
CVE-2021-30526,0.20469228153689223,7.058407445345553e-05,0.5332728921124207,0.033530055445798936,0.0004363302359359503,8.8,HIGH
CVE-2021-30552,0.20469228153689223,7.058407445345553e-05,0.5332728921124207,0.03353005544579895,0.0004363302359359503,8.8,HIGH
CVE-2021-30508,0.20469228153689223,7.058407445345553e-05,0.5332728921124207,0.03353005544579895,0.0004363302359359503,8.8,HIGH
CVE-2021-30515,0.20469228153689223,7.058407445345553e-05,0.5332728921124207,0.03353005544579896,0.0004363302359359503,8.8,HIGH
CVE-2021-30523,0.20469228153689223,7.058407445345553e-05,0.5332728921124207,0.03353005544579896,0.0004363302359359503,8.8,HIGH
CVE-2021-21206,0.20469228153689223,7.058407445345553e-05,0.5332728921124207,0.033530055445798936,0.0004363302359359503,8.8,HIGH
CVE-2021-30511,0.20469228153689223,7.058407445345553e-05,0.5332728921124207,0.033530055445798936,0.0004363302359359503,8.1,HIGH
CVE-2021-30510,0.20469228153689223,7.058407445345553e-05,0.5332728921124207,0.033530055445798956,0.0004363302359359503,8.8,HIGH
CVE-2021-30545,0.20469228153689223,7.058407445345553e-05,0.5332728921124207,0.03353005544579895,0.0004363302359359503,8.8,HIGH
CVE-2021-30557,0.20469228153689223,7.058407445345553e-05,0.5332728921124207,0.033530055445798956,0.0004363302359359503,8.8,HIGH
CVE-2021-30554,0.20469228153689223,7.058407445345553e-05,0.5332728921124207,0.03353005544579895,0.0004363302359359503,8.8,HIGH
CVE-2021-30516,0.20469228153689223,7.058407445345553e-05,0.5332728921124207,0.033530055445798936,0.0004363302359359503,8.8,HIGH
CVE-2021-30518,0.20469228153689223,7.058407445345553e-05,0.5332728921124207,0.033530055445798956,0.0004363302359359503,8.8,HIGH
CVE-2021-30517,0.20469228153689223,7.058407445345553e-05,0.5332728921124207,0.033530055445798956,0.0004363302359359503,8.8,HIGH
CVE-2021-30514,0.20469228153689223,7.058407445345553e-05,0.5332728921124207,0.03353005544579894,0.0004363302359359503,8.8,HIGH
CVE-2021-30525,0.20469228153689223,7.058407445345553e-05,0.5332728921124207,0.03353005544579895,0.0004363302359359503,8.8,HIGH
CVE-2021-30522,0.20469228153689223,7.058407445345553e-05,0.5332728921124207,0.033530055445798956,0.0004363302359359503,8.8,HIGH
CVE-2021-30535,0.20469228153689223,7.058407445345553e-05,0.5332728921124207,0.03353005544579894,0.0004363302359359503,8.8,HIGH
CVE-2021-21198,0.20469228153689223,7.058407445345553e-05,0.5332728921124207,0.03353005544579894,0.0004363302359359503,7.4,HIGH
CVE-2021-30548,0.20469228153689223,7.058407445345553e-05,0.5332728921124207,0.033530055445798956,0.0004363302359359503,8.8,HIGH
CVE-2021-30513,0.20469228153689223,7.058407445345553e-05,0.5332728921124207,0.033530055445798956,0.0004363302359359503,8.8,HIGH
CVE-2021-21197,0.20469228153689223,7.058407445345553e-05,0.5332728921124207,0.03353005544579893,0.0004363302359359503,8.8,HIGH
CVE-2021-30550,0.20469228153689223,7.058407445345553e-05,0.5332728921124207,0.03353005544579895,0.0004363302359359503,8.8,HIGH
CVE-2021-30553,0.20469228153689223,7.058407445345553e-05,0.5332728921124207,0.033530055445798936,0.0004363302359359503,8.8,HIGH
CVE-2021-30512,0.20469228153689223,7.058407445345553e-05,0.5332728921124207,0.03353005544579895,0.0004363302359359503,8.8,HIGH
CVE-2021-30546,0.20469228153689223,7.058407445345553e-05,0.5332728921124207,0.03353005544579894,0.0004363302359359503,8.8,HIGH
CVE-2021-30529,0.20469228153689223,7.058407445345553e-05,0.5332728921124207,0.03353005544579894,0.0004363302359359503,8.8,HIGH
CVE-2021-20247,0.20027201632097927,0.000117745101859606,0.536091870215093,0.031466922669264416,0.0004357034716761546,7.4,HIGH
CVE-2021-21289,0.20027201632097927,0.000117745101859606,0.536091870215093,0.03146692266926442,0.0004357034716761545,7.4,HIGH
CVE-2021-28041,0.19925195511730703,0.00018853809057887448,0.5318264014466546,0.032684501302892785,0.00043556042044067965,7.1,HIGH
CVE-2021-25177,0.023801428085685142,0.002742493247482484,0.37972885732730793,0.00013840979185510764,0.000435527770357676,7.8,HIGH
CVE-2021-25178,0.023801428085685142,0.002742493247482484,0.37972885732730793,0.0001384097918551056,0.000435527770357676,7.8,HIGH
CVE-2021-25176,0.023801428085685142,0.002742493247482484,0.37972885732730793,0.00013840979185510615,0.000435527770357676,7.8,HIGH
CVE-2021-25173,0.023801428085685142,0.002742493247482484,0.37972885732730793,0.00013840979185510732,0.00043552777035767593,7.8,HIGH
CVE-2021-25175,0.023801428085685142,0.002742493247482484,0.37972885732730793,0.0001384097918551076,0.00043552777035767593,7.8,HIGH
CVE-2021-25174,0.023801428085685142,0.002742493247482484,0.37972885732730793,0.00013840979185510946,0.00043552777035767593,7.8,HIGH
CVE-2021-27135,0.19925195511730703,0.00011713008696231288,0.5357988704682092,0.031314314820763925,0.0004338438151132816,9.8,CRITICAL
CVE-2021-21153,0.1934716082964978,0.002396734482068997,0.5093522687911327,0.02619083677096758,0.00043363855816040155,8.8,HIGH
CVE-2021-21149,0.1934716082964978,0.002396734482068997,0.5093522687911327,0.02619083677096758,0.00043363855816040155,8.8,HIGH
CVE-2021-21152,0.1934716082964978,0.002396734482068997,0.5093522687911327,0.026190836770967584,0.0004336385581604015,8.8,HIGH
CVE-2021-31799,0.19449166950017002,0.00016291391914509875,0.5372670807453416,0.030009691693828316,0.00043338188939163693,7.0,HIGH
CVE-2021-3466,0.19925195511730703,0.0001091966656430958,0.5325004526525439,0.033055217585964795,0.0004319972343760962,9.8,CRITICAL
CVE-2021-20179,0.19925195511730703,0.0001091966656430958,0.5325004526525439,0.033055217585964816,0.0004319972343760962,8.1,HIGH
CVE-2021-26675,0.1910914654879293,0.0001655659900962007,0.5348245135479178,0.029630645737803232,0.0004306166254586676,8.8,HIGH
CVE-2021-32274,0.1910914654879293,0.00015975676779942044,0.5348245135479178,0.02963067939811164,0.0004305168626789037,7.8,HIGH
CVE-2021-32277,0.1910914654879293,0.00015975676779942044,0.5348245135479178,0.029630679398111644,0.0004305168626789037,7.8,HIGH
CVE-2021-32278,0.1910914654879293,0.00015975676779942044,0.5348245135479178,0.029630679398111644,0.00043051686267890366,7.8,HIGH
CVE-2021-3575,0.19823189391363483,0.00010841275765288636,0.5322113644589215,0.032902609737464325,0.00043013758700194074,7.8,HIGH
CVE-2021-45463,0.19551173070384223,0.00012597453235868274,0.5322113644589215,0.03146609532159066,0.00042999987851464,7.8,HIGH
CVE-2021-20271,0.19789187351241075,0.00010705001530113003,0.5321150714673422,0.03290352913497909,0.0004292957891834616,7.0,HIGH
CVE-2021-23017,0.1931315878952737,0.00024460144851545356,0.5304834054834054,0.03236099245213926,0.0004289437322405545,7.7,HIGH
CVE-2021-21142,0.20775246514790888,0.003815635147240563,0.5130844382414514,0.02662008917698886,0.0004288317825760674,9.6,CRITICAL
CVE-2021-3445,0.19687181230873854,0.00010627491337935146,0.5318264014466546,0.03275092128647861,0.00042743613640232233,7.5,HIGH
CVE-2021-3563,0.1628697721863312,0.0009240951334104922,0.5136220747467691,0.0263382041817097,0.00042723729486994163,7.4,HIGH
CVE-2021-20181,0.19177150629037742,0.00012132682965029676,0.5350191013279971,0.029681296677552205,0.0004270311254784179,7.5,HIGH
CVE-2021-4048,0.19381162869772187,0.00012292835396517777,0.531730247694811,0.03128350888308446,0.0004266775718566499,9.1,CRITICAL
CVE-2021-3999,0.18225093505610337,0.0004340910273159975,0.5206231191361302,0.02836075274812837,0.0004266480613152459,7.8,HIGH
CVE-2021-43559,0.09724583475008501,0.006099563798437016,0.4699584531799297,0.015106569473019008,0.00042640125262033646,8.8,HIGH
CVE-2021-23214,0.1934716082964978,0.00012240646339611934,0.5316341287057122,0.031247040085816163,0.0004260278277075764,8.1,HIGH
CVE-2021-30499,0.1910914654879293,0.00021344590149440803,0.5309622675573208,0.03098662268883599,0.00042453335389000275,7.8,HIGH
CVE-2021-30498,0.1910914654879293,0.00021344590149440803,0.5309622675573208,0.030986622688835976,0.00042453335389000275,7.8,HIGH
CVE-2021-1257,0.20843250595035703,0.0001578138625414147,0.4473003802281369,0.00459638595874592,0.00042300520724857177,8.8,HIGH
CVE-2021-45884,0.20843250595035703,0.0001578138625414147,0.4473003802281369,0.004596385958745919,0.00042300520724857177,7.5,HIGH
CVE-2021-33503,0.1931315878952737,0.00010648990489538821,0.5309622675573208,0.03243392796943005,0.00042146947228877666,7.5,HIGH
CVE-2021-37706,0.19075144508670522,7.03766565975492e-05,0.5347272727272727,0.029630169157090772,0.00042140123363922614,7.3,HIGH
CVE-2021-43301,0.19075144508670522,7.03766565975492e-05,0.5347272727272727,0.02963016915709077,0.00042140123363922614,9.8,CRITICAL
CVE-2021-42260,0.19075144508670522,7.03766565975492e-05,0.5347272727272727,0.029630169157090765,0.00042140123363922614,7.5,HIGH
CVE-2021-27212,0.19075144508670522,7.03766565975492e-05,0.5347272727272727,0.029630169157090765,0.00042140123363922614,7.5,HIGH
CVE-2021-43804,0.19075144508670522,7.03766565975492e-05,0.5347272727272727,0.029630169157090772,0.00042140123363922614,7.3,HIGH
CVE-2021-26720,0.19075144508670522,7.03766565975492e-05,0.5347272727272727,0.029630169157090762,0.00042140123363922614,7.8,HIGH
CVE-2021-26910,0.19075144508670522,7.03766565975492e-05,0.5347272727272727,0.02963016915709076,0.00042140123363922614,7.8,HIGH
CVE-2021-4156,0.19075144508670522,7.03766565975492e-05,0.5347272727272727,0.029630169157090762,0.00042140123363922614,7.1,HIGH
CVE-2021-27922,0.1910914654879293,0.00025976037715290027,0.5294329432943294,0.032262294375894146,0.00042100951240589004,7.5,HIGH
CVE-2021-27921,0.1910914654879293,0.00025976037715290027,0.5294329432943294,0.032262294375894125,0.00042100951240588993,7.5,HIGH
CVE-2021-27923,0.1910914654879293,0.00025976037715290027,0.5294329432943294,0.03226229437589413,0.00042100951240588993,7.5,HIGH
CVE-2021-4182,0.1910914654879293,0.00011259886612060871,0.5308664259927798,0.031139682090699183,0.000420613961134016,7.5,HIGH
CVE-2021-23169,0.18973138388303298,0.0003332028865631654,0.5290519877675841,0.03216154677187204,0.00042049692175468725,8.8,HIGH
CVE-2021-23217,0.2074124447466848,0.00015074391371000783,0.4470284237726098,0.0045504823198252355,0.0004204210180347378,7.5,HIGH
CVE-2021-29907,0.2074124447466848,0.00015074391371000783,0.4470284237726098,0.0045504823198252355,0.0004204210180347378,8.8,HIGH
CVE-2021-1083,0.2074124447466848,0.00015074391371000783,0.4470284237726098,0.004550482319825239,0.0004204210180347378,7.8,HIGH
CVE-2021-29686,0.2074124447466848,0.00015074391371000783,0.4470284237726098,0.004550482319825245,0.0004204210180347378,8.8,HIGH
CVE-2021-38951,0.2074124447466848,0.00015074391371000783,0.4470284237726098,0.004550482319825236,0.0004204210180347378,7.5,HIGH
CVE-2021-1058,0.2074124447466848,0.00015074391371000783,0.4470284237726098,0.00455048231982524,0.0004204210180347378,7.1,HIGH
CVE-2021-38948,0.2074124447466848,0.00015074391371000783,0.4470284237726098,0.00455048231982524,0.0004204210180347378,9.1,CRITICAL
CVE-2021-29736,0.2074124447466848,0.00015074391371000783,0.4470284237726098,0.004550482319825241,0.0004204210180347378,8.8,HIGH
CVE-2021-38983,0.2074124447466848,0.00015074391371000783,0.4470284237726098,0.004550482319825239,0.0004204210180347378,7.5,HIGH
CVE-2021-26334,0.2074124447466848,0.00015074391371000783,0.4470284237726098,0.004550482319825244,0.0004204210180347378,9.9,CRITICAL
CVE-2021-29703,0.2074124447466848,0.00015074391371000783,0.4470284237726098,0.00455048231982524,0.0004204210180347378,7.5,HIGH
CVE-2021-23201,0.2074124447466848,0.00015074391371000783,0.4470284237726098,0.004550482319825243,0.0004204210180347378,7.5,HIGH
CVE-2021-38979,0.2074124447466848,0.00015074391371000783,0.4470284237726098,0.004550482319825239,0.0004204210180347378,7.5,HIGH
CVE-2021-1084,0.2074124447466848,0.00015074391371000783,0.4470284237726098,0.004550482319825246,0.0004204210180347378,7.8,HIGH
CVE-2021-1052,0.2074124447466848,0.00015074391371000783,0.4470284237726098,0.004550482319825241,0.0004204210180347378,7.8,HIGH
CVE-2021-29725,0.2074124447466848,0.00015074391371000783,0.4470284237726098,0.004550482319825236,0.0004204210180347378,7.5,HIGH
CVE-2021-38927,0.2074124447466848,0.00015074391371000783,0.4470284237726098,0.004550482319825237,0.0004204210180347378,7.2,HIGH
CVE-2021-29888,0.2074124447466848,0.00015074391371000783,0.4470284237726098,0.004550482319825239,0.0004204210180347378,8.8,HIGH
CVE-2021-29754,0.2074124447466848,0.00015074391371000783,0.4470284237726098,0.004550482319825241,0.0004204210180347378,8.8,HIGH
CVE-2021-20443,0.2074124447466848,0.00015074391371000783,0.4470284237726098,0.0045504823198252485,0.0004204210180347378,8.8,HIGH
CVE-2021-1081,0.2074124447466848,0.00015074391371000783,0.4470284237726098,0.004550482319825239,0.0004204210180347378,7.8,HIGH
CVE-2021-29723,0.2074124447466848,0.00015074391371000783,0.4470284237726098,0.0045504823198252485,0.0004204210180347378,7.5,HIGH
CVE-2021-29737,0.2074124447466848,0.00015074391371000783,0.4470284237726098,0.004550482319825241,0.0004204210180347378,7.5,HIGH
CVE-2021-29747,0.2074124447466848,0.00015074391371000783,0.4470284237726098,0.004550482319825242,0.0004204210180347378,7.5,HIGH
CVE-2021-29722,0.2074124447466848,0.00015074391371000783,0.4470284237726098,0.004550482319825238,0.0004204210180347378,7.5,HIGH
CVE-2021-31820,0.2074124447466848,0.00015074391371000783,0.4470284237726098,0.004550482319825244,0.0004204210180347378,7.5,HIGH
CVE-2021-38891,0.2074124447466848,0.00015074391371000783,0.4470284237726098,0.004550482319825241,0.0004204210180347378,7.5,HIGH
CVE-2021-20354,0.2074124447466848,0.00015074391371000783,0.4470284237726098,0.00455048231982524,0.0004204210180347378,7.5,HIGH
CVE-2021-29691,0.2074124447466848,0.00015074391371000783,0.4470284237726098,0.0045504823198252425,0.0004204210180347378,7.5,HIGH
CVE-2021-29798,0.2074124447466848,0.00015074391371000783,0.4470284237726098,0.004550482319825242,0.0004204210180347378,9.8,CRITICAL
CVE-2021-26828,0.2074124447466848,0.00015074391371000783,0.4470284237726098,0.004550482319825247,0.0004204210180347378,8.8,HIGH
CVE-2021-21009,0.2074124447466848,0.00015074391371000783,0.4470284237726098,0.004550482319825238,0.0004204210180347378,8.6,HIGH
CVE-2021-40745,0.2074124447466848,0.00015074391371000783,0.4470284237726098,0.004550482319825237,0.0004204210180347378,7.5,HIGH
CVE-2021-29825,0.2074124447466848,0.00015074391371000783,0.4470284237726098,0.0045504823198252355,0.0004204210180347378,7.5,HIGH
CVE-2021-38890,0.2074124447466848,0.00015074391371000783,0.4470284237726098,0.004550482319825241,0.0004204210180347378,7.5,HIGH
CVE-2021-29702,0.2074124447466848,0.00015074391371000783,0.4470284237726098,0.004550482319825242,0.0004204210180347378,7.5,HIGH
CVE-2021-20373,0.2074124447466848,0.00015074391371000783,0.4470284237726098,0.004550482319825243,0.0004204210180347378,7.5,HIGH
CVE-2021-1060,0.2074124447466848,0.00015074391371000783,0.4470284237726098,0.004550482319825244,0.0004204210180347378,7.1,HIGH
CVE-2021-38963,0.2074124447466848,0.00015074391371000783,0.4470284237726098,0.00455048231982524,0.0004204210180347378,8.0,HIGH
CVE-2021-29688,0.2074124447466848,0.00015074391371000783,0.4470284237726098,0.00455048231982524,0.0004204210180347378,7.5,HIGH
CVE-2021-39085,0.2074124447466848,0.00015074391371000783,0.4470284237726098,0.004550482319825245,0.0004204210180347378,9.8,CRITICAL
CVE-2021-42083,0.2074124447466848,0.00015074391371000783,0.4470284237726098,0.00455048231982524,0.0004204210180347378,8.7,HIGH
CVE-2021-23437,0.19007140428425706,0.0002583923118741311,0.5291471752428931,0.03210968652739366,0.0004191497887848282,7.5,HIGH
CVE-2021-20231,0.1740904454267256,0.00039011480679998056,0.5252723700660832,0.028349191613784887,0.0004179459202946149,9.8,CRITICAL
CVE-2021-1723,0.13634818089085346,0.001790357969765058,0.4913951545530493,0.02244251232687774,0.0004128121819726328,7.5,HIGH
CVE-2021-36222,0.16456987419245156,0.00047431697868477565,0.5148809523809523,0.02556698207468263,0.00041200460280421496,7.5,HIGH
CVE-2021-3571,0.19041142468548114,9.652911033592624e-05,0.529242396976786,0.03222306956086507,0.0004111142636706154,7.1,HIGH
CVE-2021-41816,0.18803128187691262,0.00010283724303635877,0.5299099099099099,0.030834490488999694,0.00041094467207403006,9.8,CRITICAL
CVE-2021-4190,0.18803128187691262,4.74304274504596e-05,0.5299099099099099,0.03092035661165323,0.00040857447109935585,7.5,HIGH
CVE-2021-39920,0.18803128187691262,4.74304274504596e-05,0.5299099099099099,0.030920356611653214,0.00040857447109935585,7.5,HIGH
CVE-2021-20718,0.18973138388303298,1.8275270485238283e-05,0.5291471752428931,0.03218444620308467,0.00040703487313863585,7.5,HIGH
CVE-2021-34363,0.1870112206732404,4.638344254350926e-05,0.5296236268683594,0.030779272297475353,0.0004066554107448225,9.1,CRITICAL
CVE-2021-3756,0.1870112206732404,4.638344254350926e-05,0.5296236268683594,0.030779272297475364,0.0004066554107448225,9.8,CRITICAL
CVE-2021-41281,0.1870112206732404,4.638344254350926e-05,0.5296236268683594,0.03077927229747535,0.0004066554107448225,7.5,HIGH
CVE-2021-44847,0.1870112206732404,4.638344254350926e-05,0.5296236268683594,0.030779272297475357,0.00040665541074482245,9.8,CRITICAL
CVE-2021-43816,0.1870112206732404,4.638344254350926e-05,0.5296236268683594,0.030779272297475357,0.00040665541074482245,8.0,HIGH
CVE-2021-3968,0.1870112206732404,4.638344254350926e-05,0.5296236268683594,0.030779272297475343,0.00040665541074482245,8.0,HIGH
CVE-2021-40839,0.1870112206732404,4.638344254350926e-05,0.5296236268683594,0.030779272297475357,0.00040665541074482245,7.5,HIGH
CVE-2021-45290,0.1870112206732404,4.638344254350926e-05,0.5296236268683594,0.03077927229747535,0.00040665541074482245,7.5,HIGH
CVE-2021-43336,0.0217613056783407,9.794545825296292e-06,0.27706076307112576,3.290467237054549e-06,0.0004063008986618506,7.8,HIGH
CVE-2021-29424,0.18973138388303298,1.4468981307864416e-05,0.5290519877675841,0.03223593482372454,0.0004060250759030638,7.5,HIGH
CVE-2021-30184,0.18973138388303298,1.4468981307864416e-05,0.5290519877675841,0.03223593482372455,0.0004060250759030638,7.8,HIGH
CVE-2021-26926,0.18973138388303298,1.4468981307864416e-05,0.5290519877675841,0.032235934823724555,0.0004060250759030638,7.1,HIGH
CVE-2021-3420,0.18973138388303298,1.4468981307864416e-05,0.5290519877675841,0.03223593482372454,0.0004060250759030638,9.8,CRITICAL
CVE-2021-26813,0.18973138388303298,1.4468981307864416e-05,0.5290519877675841,0.032235934823724555,0.0004060250759030638,7.5,HIGH
CVE-2021-31800,0.18973138388303298,1.4468981307864416e-05,0.5290519877675841,0.03223593482372455,0.0004060250759030638,9.8,CRITICAL
CVE-2021-45960,0.17273036382182932,0.00022021449114893155,0.5179640718562875,0.02706846673036184,0.0004051544676915983,8.8,HIGH
CVE-2021-34055,0.16252975178510712,0.0006890298811177752,0.5135323904312904,0.026338038205323818,0.00040495789907994304,7.8,HIGH
CVE-2021-20240,0.18905134308058485,1.4513246886129202e-05,0.5288617155187916,0.03212142718514413,0.0004048197083652545,8.8,HIGH
CVE-2021-32625,0.18871132267936078,1.400237131175824e-05,0.5287666307083783,0.032083326975224084,0.00040416544654829043,7.5,HIGH
CVE-2021-34555,0.18871132267936078,1.400237131175824e-05,0.5287666307083783,0.03208332697522407,0.00040416544654829043,7.5,HIGH
CVE-2021-42384,0.18871132267936078,1.400237131175824e-05,0.5287666307083783,0.03208332697522404,0.00040416544654829043,7.2,HIGH
CVE-2021-42383,0.18871132267936078,1.400237131175824e-05,0.5287666307083783,0.032083326975224064,0.00040416544654829043,7.2,HIGH
CVE-2021-42378,0.18871132267936078,1.400237131175824e-05,0.5287666307083783,0.032083326975224064,0.00040416544654829043,7.2,HIGH
CVE-2021-42381,0.18871132267936078,1.400237131175824e-05,0.5287666307083783,0.03208332697522406,0.00040416544654829043,7.2,HIGH
CVE-2021-42386,0.18871132267936078,1.400237131175824e-05,0.5287666307083783,0.03208332697522408,0.00040416544654829043,7.2,HIGH
CVE-2021-29478,0.18871132267936078,1.400237131175824e-05,0.5287666307083783,0.032083326975224064,0.00040416544654829043,7.5,HIGH
CVE-2021-42385,0.18871132267936078,1.400237131175824e-05,0.5287666307083783,0.03208332697522404,0.00040416544654829043,7.2,HIGH
CVE-2021-3480,0.18871132267936078,1.400237131175824e-05,0.5287666307083783,0.03208332697522407,0.00040416544654829043,7.5,HIGH
CVE-2021-32708,0.18871132267936078,1.400237131175824e-05,0.5287666307083783,0.03208332697522406,0.00040416544654829043,9.8,CRITICAL
CVE-2021-32740,0.18871132267936078,1.400237131175824e-05,0.5287666307083783,0.032083326975224064,0.00040416544654829043,7.5,HIGH
CVE-2021-42382,0.18871132267936078,1.400237131175824e-05,0.5287666307083783,0.03208332697522406,0.00040416544654829043,7.2,HIGH
CVE-2021-42380,0.18871132267936078,1.400237131175824e-05,0.5287666307083783,0.03208332697522406,0.00040416544654829043,7.2,HIGH
CVE-2021-3603,0.18871132267936078,1.400237131175824e-05,0.5287666307083783,0.032083326975224064,0.00040416544654829043,8.1,HIGH
CVE-2021-34825,0.18871132267936078,1.400237131175824e-05,0.5287666307083783,0.03208332697522407,0.00040416544654829043,7.5,HIGH
CVE-2021-42379,0.18871132267936078,1.400237131175824e-05,0.5287666307083783,0.03208332697522405,0.00040416544654829043,7.2,HIGH
CVE-2021-30465,0.18871132267936078,1.400237131175824e-05,0.5287666307083783,0.03208332697522406,0.00040416544654829043,8.5,HIGH
CVE-2021-32838,0.18871132267936078,1.400237131175824e-05,0.5287666307083783,0.03208332697522407,0.00040416544654829043,7.5,HIGH
CVE-2021-29157,0.18871132267936078,1.400237131175824e-05,0.5287666307083783,0.03208332697522406,0.00040416544654829043,7.5,HIGH
CVE-2021-36386,0.18871132267936078,1.400237131175824e-05,0.5287666307083783,0.03208332697522405,0.00040416544654829043,7.5,HIGH
CVE-2021-3402,0.18871132267936078,1.400237131175824e-05,0.5287666307083783,0.03208332697522406,0.00040416544654829043,9.1,CRITICAL
CVE-2021-29477,0.18871132267936078,1.400237131175824e-05,0.5287666307083783,0.03208332697522408,0.00040416544654829043,7.5,HIGH
CVE-2021-32642,0.18871132267936078,1.400237131175824e-05,0.5287666307083783,0.032083326975224064,0.00040416544654829043,7.0,HIGH
CVE-2021-36770,0.18871132267936078,1.400237131175824e-05,0.5287666307083783,0.032083326975224064,0.00040416544654829043,7.8,HIGH
CVE-2021-22940,0.16150969058143488,0.0003876772091503427,0.5141608391608392,0.02534181453193949,0.00039993665844398595,7.5,HIGH
CVE-2021-35942,0.1652499149948997,0.0003027235835678681,0.5152417659425368,0.02609285834534369,0.0003968945944876981,9.1,CRITICAL
CVE-2021-21857,0.1676300578034682,0.0005006514600898417,0.5148809523809523,0.026361538202146304,0.0003961229823888663,8.8,HIGH
CVE-2021-21853,0.1676300578034682,0.0005006514600898417,0.5148809523809523,0.026361538202146293,0.0003961229823888663,8.8,HIGH
CVE-2021-21849,0.1676300578034682,0.0005006514600898417,0.5148809523809523,0.026361538202146304,0.0003961229823888663,8.8,HIGH
CVE-2021-21842,0.1676300578034682,0.0005006514600898417,0.5148809523809523,0.0263615382021463,0.0003961229823888663,8.8,HIGH
CVE-2021-21843,0.1676300578034682,0.0005006514600898417,0.5148809523809523,0.026361538202146304,0.0003961229823888663,8.8,HIGH
CVE-2021-21836,0.1676300578034682,0.0005006514600898417,0.5148809523809523,0.026361538202146304,0.0003961229823888663,8.8,HIGH
CVE-2021-21834,0.1676300578034682,0.0005006514600898417,0.5148809523809523,0.02636153820214629,0.0003961229823888663,8.8,HIGH
CVE-2021-21841,0.1676300578034682,0.0005006514600898417,0.5148809523809523,0.026361538202146304,0.0003961229823888663,8.8,HIGH
CVE-2021-21854,0.1676300578034682,0.0005006514600898417,0.5148809523809523,0.0263615382021463,0.0003961229823888663,8.8,HIGH
CVE-2021-21845,0.1676300578034682,0.0005006514600898417,0.5148809523809523,0.026361538202146304,0.0003961229823888663,8.8,HIGH
CVE-2021-21838,0.1676300578034682,0.0005006514600898417,0.5148809523809523,0.0263615382021463,0.00039612298238886627,8.8,HIGH
CVE-2021-21844,0.1676300578034682,0.0005006514600898417,0.5148809523809523,0.026361538202146297,0.00039612298238886627,8.8,HIGH
CVE-2021-21847,0.1676300578034682,0.0005006514600898417,0.5148809523809523,0.0263615382021463,0.00039612298238886627,8.8,HIGH
CVE-2021-21839,0.1676300578034682,0.0005006514600898417,0.5148809523809523,0.0263615382021463,0.00039612298238886627,8.8,HIGH
CVE-2021-21855,0.1676300578034682,0.0005006514600898417,0.5148809523809523,0.026361538202146307,0.00039612298238886627,8.8,HIGH
CVE-2021-21840,0.1676300578034682,0.0005006514600898417,0.5148809523809523,0.026361538202146304,0.00039612298238886627,8.8,HIGH
CVE-2021-21858,0.1676300578034682,0.0005006514600898417,0.5148809523809523,0.0263615382021463,0.00039612298238886627,8.8,HIGH
CVE-2021-21846,0.1676300578034682,0.0005006514600898417,0.5148809523809523,0.026361538202146304,0.00039612298238886627,8.8,HIGH
CVE-2021-21848,0.1676300578034682,0.0005006514600898417,0.5148809523809523,0.0263615382021463,0.00039612298238886627,8.8,HIGH
CVE-2021-3610,0.16729003740224413,0.0008065160130650903,0.522380106571936,0.02796995118477489,0.0003936985965719444,7.5,HIGH
CVE-2021-4213,0.17477048622917377,9.765696418739003e-05,0.5175994368180218,0.02767648353335013,0.00039291675101562636,7.5,HIGH
CVE-2021-21897,0.16490989459367564,0.00026435784295604075,0.5264005727581886,0.024204047876026268,0.00039022363195042383,8.8,HIGH
CVE-2021-3657,0.16899013940836452,0.00012001813883776399,0.5280071813285457,0.02492281412545798,0.00038933629975179993,9.8,CRITICAL
CVE-2021-3935,0.16899013940836452,0.00012001813883776399,0.5280071813285457,0.024922814125457975,0.00038933629975179993,8.1,HIGH
CVE-2021-1448,0.006460387623257396,0.002182140445762005,0.37623129077651274,6.93461525354941e-05,0.00038902951338160144,7.8,HIGH
CVE-2021-33813,0.16354981298877933,0.00031867705694398627,0.5264005727581886,0.024144153608367667,0.00038802422018188504,7.5,HIGH
CVE-2021-3406,0.15674940496429787,0.0006795785041460065,0.5185119887165022,0.027059193788873098,0.00038784783798844944,9.8,CRITICAL
CVE-2021-37701,0.166609996599796,0.00022203611682848826,0.5146106736657918,0.02647924645152372,0.00038781842528632835,8.2,HIGH
CVE-2021-22921,0.1921115266916015,0.0008372262711143267,0.46307668083766335,0.004576592465075567,0.0003870043197331462,7.8,HIGH
CVE-2021-37713,0.19177150629037742,0.0007402524318362319,0.4624941028463595,0.004536698170729172,0.00038617873014897144,8.2,HIGH
CVE-2021-22222,0.17069024141448488,8.621187270122595e-05,0.5158744079985967,0.027402672526456597,0.0003855282022665789,7.5,HIGH
CVE-2021-3907,0.16252975178510712,0.0004545156311223265,0.5135323904312904,0.02633807833202272,0.00038333232005990675,7.4,HIGH
CVE-2021-39201,0.16252975178510712,0.00031024138173793434,0.5135323904312904,0.026338111392249817,0.00038329039694661246,7.6,HIGH
CVE-2021-20021,0.1870112206732404,0.0024566001816724438,0.4553336429787893,0.004230236529878103,0.00038192918263102546,9.8,CRITICAL
CVE-2021-20022,0.1870112206732404,0.0024566001816724438,0.4553336429787893,0.004230236529878097,0.00038192918263102546,7.2,HIGH
CVE-2021-20228,0.15028901734104047,0.000688021881384651,0.5095287595287595,0.02479382677670555,0.00038059817009001385,7.5,HIGH
CVE-2021-22885,0.15062903774226455,0.0007065124275037873,0.5096170507710969,0.024825078531313098,0.00037745157107457896,7.5,HIGH
CVE-2021-3621,0.16933015980958857,8.579660402479785e-05,0.5229374110953058,0.028279247847072243,0.00037691726536111795,8.8,HIGH
CVE-2021-44759,0.16320979258755525,0.00018374166888275218,0.5137117903930131,0.026340133286254595,0.0003742111270951651,8.1,HIGH
CVE-2021-37149,0.16320979258755525,0.00018374166888275218,0.5137117903930131,0.026340133286254595,0.0003742111270951651,7.5,HIGH
CVE-2021-37147,0.16320979258755525,0.00018374166888275218,0.5137117903930131,0.026340133286254588,0.0003742111270951651,7.5,HIGH
CVE-2021-37148,0.16320979258755525,0.00018374166888275218,0.5137117903930131,0.026340133286254588,0.0003742111270951651,7.5,HIGH
CVE-2021-44040,0.16320979258755525,0.00018374166888275218,0.5137117903930131,0.026340133286254595,0.0003742111270951651,7.5,HIGH
CVE-2021-38161,0.16320979258755525,0.00018374166888275218,0.5137117903930131,0.026340133286254588,0.0003742111270951651,8.1,HIGH
CVE-2021-1514,0.005440326419585175,0.002167115750942437,0.37455425369332657,6.989680108932428e-05,0.00037417307682632205,7.8,HIGH
CVE-2021-3498,0.16558993539612377,8.813829614230088e-05,0.5147007350367518,0.026508065372580696,0.0003739868871305745,7.8,HIGH
CVE-2021-38562,0.16150969058143488,7.973174771753491e-05,0.5254600678935144,0.024120288597446433,0.00037102572833173274,7.5,HIGH
CVE-2021-3326,0.15776946616797008,0.0001946325014920815,0.5130844382414514,0.025594634680760817,0.0003693423661590464,7.5,HIGH
CVE-2021-20232,0.16558993539612377,6.783861457384861e-05,0.5219165927240461,0.027897963715362656,0.0003692665727405135,9.8,CRITICAL
CVE-2021-1402,0.006120367222033322,0.002147629877507243,0.3753190403266973,6.92375924809538e-05,0.00036877367224981287,8.6,HIGH
CVE-2021-4207,0.16354981298877933,6.367921795143862e-05,0.5138015373864431,0.026420959243601987,0.0003674671141315644,8.2,HIGH
CVE-2021-4206,0.16354981298877933,6.367921795143862e-05,0.5138015373864431,0.02642095924360198,0.00036746711413156434,8.2,HIGH
CVE-2021-35368,0.15878952737164231,0.00021600333401785123,0.5129054761074293,0.02541417614730201,0.00036710374695833977,9.8,CRITICAL
CVE-2021-22930,0.1550493029581775,0.00021991292472935275,0.511923411662315,0.024984380899828938,0.00036701209711739047,9.8,CRITICAL
CVE-2021-30475,0.15674940496429787,0.0003396736774974682,0.5185119887165022,0.027059260625307776,0.0003661848966663277,9.8,CRITICAL
CVE-2021-30473,0.15674940496429787,0.0003396736774974682,0.5185119887165022,0.027059260625307783,0.0003661848966663277,9.8,CRITICAL
CVE-2021-28966,0.18803128187691262,0.0003210131197098154,0.44379055379508076,0.004352620246646793,0.00036276254285514477,7.5,HIGH
CVE-2021-35980,0.1883713022781367,5.18870604372423e-06,0.4375185956560547,0.004111208150824703,0.0003621060157102203,7.8,HIGH
CVE-2021-44705,0.1883713022781367,5.18870604372423e-06,0.4375185956560547,0.004111208150824706,0.0003621060157102203,7.8,HIGH
CVE-2021-44701,0.1883713022781367,5.18870604372423e-06,0.4375185956560547,0.0041112081508247,0.0003621060157102203,7.8,HIGH
CVE-2021-44711,0.1883713022781367,5.18870604372423e-06,0.4375185956560547,0.004111208150824702,0.0003621060157102203,7.8,HIGH
CVE-2021-42527,0.1883713022781367,5.18870604372423e-06,0.4375185956560547,0.004111208150824707,0.0003621060157102203,7.8,HIGH
CVE-2021-39842,0.1883713022781367,5.18870604372423e-06,0.4375185956560547,0.004111208150824702,0.0003621060157102203,7.8,HIGH
CVE-2021-28644,0.1883713022781367,5.18870604372423e-06,0.4375185956560547,0.004111208150824703,0.0003621060157102203,7.8,HIGH
CVE-2021-45061,0.1883713022781367,5.18870604372423e-06,0.4375185956560547,0.004111208150824702,0.0003621060157102203,7.8,HIGH
CVE-2021-28632,0.1883713022781367,5.18870604372423e-06,0.4375185956560547,0.004111208150824701,0.0003621060157102203,7.8,HIGH
CVE-2021-44703,0.1883713022781367,5.18870604372423e-06,0.4375185956560547,0.0041112081508247016,0.0003621060157102203,7.8,HIGH
CVE-2021-21088,0.1883713022781367,5.18870604372423e-06,0.4375185956560547,0.004111208150824713,0.0003621060157102203,7.8,HIGH
CVE-2021-21037,0.1883713022781367,5.18870604372423e-06,0.4375185956560547,0.00411120815082471,0.0003621060157102203,7.8,HIGH
CVE-2021-21086,0.1883713022781367,5.18870604372423e-06,0.4375185956560547,0.004111208150824696,0.0003621060157102203,7.8,HIGH
CVE-2021-28554,0.1883713022781367,5.18870604372423e-06,0.4375185956560547,0.004111208150824706,0.0003621060157102203,7.8,HIGH
CVE-2021-21067,0.1883713022781367,5.18870604372423e-06,0.4375185956560547,0.004111208150824701,0.0003621060157102203,7.8,HIGH
CVE-2021-45058,0.1883713022781367,5.18870604372423e-06,0.4375185956560547,0.004111208150824702,0.0003621060157102203,7.8,HIGH
CVE-2021-44710,0.1883713022781367,5.18870604372423e-06,0.4375185956560547,0.004111208150824706,0.0003621060157102203,7.8,HIGH
CVE-2021-40736,0.1883713022781367,5.18870604372423e-06,0.4375185956560547,0.004111208150824702,0.0003621060157102203,7.8,HIGH
CVE-2021-21058,0.1883713022781367,5.18870604372423e-06,0.4375185956560547,0.004111208150824707,0.0003621060157102203,7.8,HIGH
CVE-2021-21069,0.1883713022781367,5.18870604372423e-06,0.4375185956560547,0.004111208150824697,0.0003621060157102203,7.8,HIGH
CVE-2021-40786,0.1883713022781367,5.18870604372423e-06,0.4375185956560547,0.004111208150824707,0.0003621060157102203,7.8,HIGH
CVE-2021-43013,0.1883713022781367,5.18870604372423e-06,0.4375185956560547,0.004111208150824704,0.0003621060157102203,7.8,HIGH
CVE-2021-40709,0.1883713022781367,5.18870604372423e-06,0.4375185956560547,0.004111208150824705,0.0003621060157102203,7.8,HIGH
CVE-2021-28550,0.1883713022781367,5.18870604372423e-06,0.4375185956560547,0.004111208150824705,0.0003621060157102203,8.8,HIGH
CVE-2021-44180,0.1883713022781367,5.18870604372423e-06,0.4375185956560547,0.004111208150824707,0.0003621060157102203,7.8,HIGH
CVE-2021-45056,0.1883713022781367,5.18870604372423e-06,0.4375185956560547,0.004111208150824706,0.0003621060157102203,7.8,HIGH
CVE-2021-28631,0.1883713022781367,5.18870604372423e-06,0.4375185956560547,0.0041112081508247016,0.0003621060157102203,7.8,HIGH
CVE-2021-44707,0.1883713022781367,5.18870604372423e-06,0.4375185956560547,0.004111208150824699,0.0003621060157102203,7.8,HIGH
CVE-2021-21062,0.1883713022781367,5.18870604372423e-06,0.4375185956560547,0.004111208150824703,0.0003621060157102203,7.8,HIGH
CVE-2021-21035,0.1883713022781367,5.18870604372423e-06,0.4375185956560547,0.004111208150824706,0.0003621060157102203,8.8,HIGH
CVE-2021-42735,0.1883713022781367,5.18870604372423e-06,0.4375185956560547,0.004111208150824708,0.0003621060157102203,7.8,HIGH
CVE-2021-40794,0.1883713022781367,5.18870604372423e-06,0.4375185956560547,0.004111208150824704,0.0003621060157102203,7.8,HIGH
CVE-2021-39840,0.1883713022781367,5.18870604372423e-06,0.4375185956560547,0.004111208150824711,0.0003621060157102203,7.8,HIGH
CVE-2021-21099,0.1883713022781367,5.18870604372423e-06,0.4375185956560547,0.0041112081508247,0.0003621060157102203,8.8,HIGH
CVE-2021-21021,0.1883713022781367,5.18870604372423e-06,0.4375185956560547,0.004111208150824699,0.0003621060157102203,8.8,HIGH
CVE-2021-39837,0.1883713022781367,5.18870604372423e-06,0.4375185956560547,0.004111208150824711,0.0003621060157102203,7.8,HIGH
CVE-2021-21044,0.1883713022781367,5.18870604372423e-06,0.4375185956560547,0.004111208150824708,0.0003621060157102203,7.8,HIGH
CVE-2021-39822,0.1883713022781367,5.18870604372423e-06,0.4375185956560547,0.004111208150824705,0.0003621060157102203,7.8,HIGH
CVE-2021-40731,0.1883713022781367,5.18870604372423e-06,0.4375185956560547,0.0041112081508247085,0.0003621060157102203,7.8,HIGH
CVE-2021-40725,0.1883713022781367,5.18870604372423e-06,0.4375185956560547,0.004111208150824705,0.0003621060157102203,7.8,HIGH
CVE-2021-40726,0.1883713022781367,5.18870604372423e-06,0.4375185956560547,0.004111208150824705,0.0003621060157102203,7.8,HIGH
CVE-2021-44181,0.1883713022781367,5.18870604372423e-06,0.4375185956560547,0.004111208150824707,0.0003621060157102203,7.8,HIGH
CVE-2021-36066,0.1883713022781367,5.18870604372423e-06,0.4375185956560547,0.004111208150824707,0.0003621060157102203,7.8,HIGH
CVE-2021-40708,0.1883713022781367,5.18870604372423e-06,0.4375185956560547,0.004111208150824702,0.0003621060157102203,7.3,HIGH
CVE-2021-44704,0.1883713022781367,5.18870604372423e-06,0.4375185956560547,0.0041112081508247016,0.0003621060157102203,7.8,HIGH
CVE-2021-45060,0.1883713022781367,5.18870604372423e-06,0.4375185956560547,0.004111208150824708,0.0003621060157102203,7.8,HIGH
CVE-2021-28547,0.1883713022781367,5.18870604372423e-06,0.4375185956560547,0.004111208150824707,0.0003621060157102203,7.8,HIGH
CVE-2021-44188,0.1883713022781367,5.18870604372423e-06,0.4375185956560547,0.004111208150824704,0.0003621060157102203,7.8,HIGH
CVE-2021-44179,0.1883713022781367,5.18870604372423e-06,0.4375185956560547,0.0041112081508247085,0.0003621060157102203,7.8,HIGH
CVE-2021-40763,0.1883713022781367,5.18870604372423e-06,0.4375185956560547,0.004111208150824703,0.0003621060157102203,7.8,HIGH
CVE-2021-28549,0.1883713022781367,5.18870604372423e-06,0.4375185956560547,0.0041112081508247,0.0003621060157102203,7.8,HIGH
CVE-2021-39824,0.1883713022781367,5.18870604372423e-06,0.4375185956560547,0.004111208150824703,0.0003621060157102203,7.8,HIGH
CVE-2021-21051,0.1883713022781367,5.18870604372423e-06,0.4375185956560547,0.004111208150824713,0.0003621060157102203,7.8,HIGH
CVE-2021-42526,0.1883713022781367,5.18870604372423e-06,0.4375185956560547,0.004111208150824701,0.0003621060157102203,7.8,HIGH
CVE-2021-46818,0.1883713022781367,5.18870604372423e-06,0.4375185956560547,0.004111208150824698,0.0003621060157102203,7.8,HIGH
CVE-2021-40787,0.1883713022781367,5.18870604372423e-06,0.4375185956560547,0.0041112081508247085,0.0003621060157102203,7.8,HIGH
CVE-2021-43015,0.1883713022781367,5.18870604372423e-06,0.4375185956560547,0.004111208150824706,0.0003621060157102203,7.8,HIGH
CVE-2021-45057,0.1883713022781367,5.18870604372423e-06,0.4375185956560547,0.004111208150824703,0.0003621060157102203,7.8,HIGH
CVE-2021-39839,0.1883713022781367,5.18870604372423e-06,0.4375185956560547,0.004111208150824704,0.0003621060157102203,7.8,HIGH
CVE-2021-28560,0.1883713022781367,5.18870604372423e-06,0.4375185956560547,0.004111208150824707,0.0003621060157102203,8.8,HIGH
CVE-2021-39838,0.1883713022781367,5.18870604372423e-06,0.4375185956560547,0.004111208150824706,0.0003621060157102203,7.8,HIGH
CVE-2021-40727,0.1883713022781367,5.18870604372423e-06,0.4375185956560547,0.004111208150824697,0.0003621060157102203,7.8,HIGH
CVE-2021-21017,0.1883713022781367,5.18870604372423e-06,0.4375185956560547,0.004111208150824702,0.0003621060157102203,8.8,HIGH
CVE-2021-28562,0.1883713022781367,5.18870604372423e-06,0.4375185956560547,0.0041112081508247016,0.0003621060157102203,8.8,HIGH
CVE-2021-21036,0.1883713022781367,5.18870604372423e-06,0.4375185956560547,0.004111208150824706,0.0003621060157102203,7.8,HIGH
CVE-2021-28545,0.1883713022781367,5.18870604372423e-06,0.4375185956560547,0.004111208150824701,0.0003621060157102203,8.1,HIGH
CVE-2021-45064,0.1883713022781367,5.18870604372423e-06,0.4375185956560547,0.004111208150824706,0.0003621060157102203,7.8,HIGH
CVE-2021-39841,0.1883713022781367,5.18870604372423e-06,0.4375185956560547,0.004111208150824709,0.0003621060157102203,7.8,HIGH
CVE-2021-39843,0.1883713022781367,5.18870604372423e-06,0.4375185956560547,0.004111208150824702,0.0003621060157102203,7.8,HIGH
CVE-2021-44743,0.1883713022781367,5.18870604372423e-06,0.4375185956560547,0.004111208150824706,0.0003621060157102203,7.8,HIGH
CVE-2021-21063,0.1883713022781367,5.18870604372423e-06,0.4375185956560547,0.004111208150824706,0.0003621060157102203,7.8,HIGH
CVE-2021-21049,0.1883713022781367,5.18870604372423e-06,0.4375185956560547,0.004111208150824706,0.0003621060157102203,7.8,HIGH
CVE-2021-40739,0.1883713022781367,5.18870604372423e-06,0.4375185956560547,0.004111208150824701,0.0003621060157102203,7.8,HIGH
CVE-2021-40703,0.1883713022781367,5.18870604372423e-06,0.4375185956560547,0.0041112081508247016,0.0003621060157102203,7.8,HIGH
CVE-2021-21039,0.1883713022781367,5.18870604372423e-06,0.4375185956560547,0.0041112081508247085,0.0003621060157102203,7.8,HIGH
CVE-2021-21050,0.1883713022781367,5.18870604372423e-06,0.4375185956560547,0.004111208150824702,0.0003621060157102203,7.8,HIGH
CVE-2021-39821,0.1883713022781367,5.18870604372423e-06,0.4375185956560547,0.0041112081508247085,0.0003621060157102203,7.8,HIGH
CVE-2021-40734,0.1883713022781367,5.18870604372423e-06,0.4375185956560547,0.004111208150824703,0.0003621060157102203,7.8,HIGH
CVE-2021-40780,0.1883713022781367,5.18870604372423e-06,0.4375185956560547,0.004111208150824709,0.0003621060157102203,7.8,HIGH
CVE-2021-35982,0.1883713022781367,5.18870604372423e-06,0.4375185956560547,0.004111208150824707,0.0003621060157102203,7.3,HIGH
CVE-2021-44709,0.1883713022781367,5.18870604372423e-06,0.4375185956560547,0.004111208150824704,0.0003621060157102203,7.8,HIGH
CVE-2021-21040,0.1883713022781367,5.18870604372423e-06,0.4375185956560547,0.004111208150824703,0.0003621060157102203,7.8,HIGH
CVE-2021-40793,0.1883713022781367,5.18870604372423e-06,0.4375185956560547,0.004111208150824708,0.0003621060157102203,7.8,HIGH
CVE-2021-21038,0.1883713022781367,5.18870604372423e-06,0.4375185956560547,0.004111208150824708,0.0003621060157102203,7.8,HIGH
CVE-2021-44706,0.1883713022781367,5.18870604372423e-06,0.4375185956560547,0.004111208150824701,0.0003621060157102203,7.8,HIGH
CVE-2021-21047,0.1883713022781367,5.18870604372423e-06,0.4375185956560547,0.004111208150824708,0.0003621060157102203,7.8,HIGH
CVE-2021-46816,0.1883713022781367,5.18870604372423e-06,0.4375185956560547,0.0041112081508247016,0.0003621060157102203,7.8,HIGH
CVE-2021-44708,0.1883713022781367,5.18870604372423e-06,0.4375185956560547,0.004111208150824705,0.0003621060157102203,7.8,HIGH
CVE-2021-21033,0.1883713022781367,5.18870604372423e-06,0.4375185956560547,0.004111208150824708,0.0003621060157102203,8.8,HIGH
CVE-2021-40764,0.1883713022781367,5.18870604372423e-06,0.4375185956560547,0.004111208150824704,0.0003621060157102203,7.8,HIGH
CVE-2021-40765,0.1883713022781367,5.18870604372423e-06,0.4375185956560547,0.004111208150824698,0.0003621060157102203,7.8,HIGH
CVE-2021-39820,0.1883713022781367,5.18870604372423e-06,0.4375185956560547,0.004111208150824708,0.0003621060157102203,7.8,HIGH
CVE-2021-21006,0.1883713022781367,5.18870604372423e-06,0.4375185956560547,0.004111208150824709,0.0003621060157102203,8.6,HIGH
CVE-2021-40740,0.1883713022781367,5.18870604372423e-06,0.4375185956560547,0.0041112081508247,0.0003621060157102203,7.8,HIGH
CVE-2021-21059,0.1883713022781367,5.18870604372423e-06,0.4375185956560547,0.004111208150824702,0.0003621060157102203,7.8,HIGH
CVE-2021-40700,0.1883713022781367,5.18870604372423e-06,0.4375185956560547,0.004111208150824702,0.0003621060157102203,7.8,HIGH
CVE-2021-43754,0.1883713022781367,5.18870604372423e-06,0.4375185956560547,0.004111208150824702,0.0003621060157102203,7.8,HIGH
CVE-2021-43755,0.1883713022781367,5.18870604372423e-06,0.4375185956560547,0.004111208150824709,0.0003621060157102203,7.8,HIGH
CVE-2021-40792,0.1883713022781367,5.18870604372423e-06,0.4375185956560547,0.004111208150824705,0.0003621060157102203,7.8,HIGH
CVE-2021-36065,0.1883713022781367,5.18870604372423e-06,0.4375185956560547,0.004111208150824705,0.0003621060157102203,7.8,HIGH
CVE-2021-28558,0.1883713022781367,5.18870604372423e-06,0.4375185956560547,0.004111208150824711,0.0003621060157102203,8.8,HIGH
CVE-2021-28552,0.1883713022781367,5.18870604372423e-06,0.4375185956560547,0.004111208150824705,0.0003621060157102203,7.8,HIGH
CVE-2021-40728,0.1883713022781367,5.18870604372423e-06,0.4375185956560547,0.004111208150824705,0.0003621060157102203,7.8,HIGH
CVE-2021-28553,0.1883713022781367,5.18870604372423e-06,0.4375185956560547,0.004111208150824706,0.0003621060157102203,8.8,HIGH
CVE-2021-39863,0.1883713022781367,5.18870604372423e-06,0.4375185956560547,0.004111208150824706,0.0003621060157102203,7.8,HIGH
CVE-2021-45062,0.1883713022781367,5.18870604372423e-06,0.4375185956560547,0.004111208150824707,0.0003621060157102203,7.8,HIGH
CVE-2021-28548,0.1883713022781367,5.18870604372423e-06,0.4375185956560547,0.004111208150824701,0.0003621060157102203,7.8,HIGH
CVE-2021-21028,0.1883713022781367,5.18870604372423e-06,0.4375185956560547,0.004111208150824705,0.0003621060157102203,8.8,HIGH
CVE-2021-21045,0.1883713022781367,5.18870604372423e-06,0.4375185956560547,0.0041112081508247016,0.0003621060157102203,8.2,HIGH
CVE-2021-40701,0.1883713022781367,5.18870604372423e-06,0.4375185956560547,0.004111208150824701,0.0003621060157102203,7.8,HIGH
CVE-2021-21041,0.1883713022781367,5.18870604372423e-06,0.4375185956560547,0.0041112081508247016,0.0003621060157102203,7.8,HIGH
CVE-2021-45068,0.1883713022781367,5.18870604372423e-06,0.4375185956560547,0.004111208150824708,0.0003621060157102203,7.8,HIGH
CVE-2021-21048,0.1883713022781367,5.18870604372423e-06,0.4375185956560547,0.0041112081508247,0.0003621060157102203,7.8,HIGH
CVE-2021-30480,0.1883713022781367,5.18870604372423e-06,0.4375185956560547,0.0041112081508247085,0.0003621060157102203,8.5,HIGH
CVE-2021-40738,0.1883713022781367,5.18870604372423e-06,0.4375185956560547,0.004111208150824706,0.0003621060157102203,7.8,HIGH
CVE-2021-43757,0.1883713022781367,5.18870604372423e-06,0.4375185956560547,0.0041112081508247085,0.0003621060157102203,7.8,HIGH
CVE-2021-43027,0.1883713022781367,5.18870604372423e-06,0.4375185956560547,0.0041112081508247085,0.0003621060157102203,7.8,HIGH
CVE-2021-40795,0.1883713022781367,5.18870604372423e-06,0.4375185956560547,0.0041112081508247016,0.0003621060157102203,7.8,HIGH
CVE-2021-21054,0.1883713022781367,5.18870604372423e-06,0.4375185956560547,0.004111208150824706,0.0003621060157102203,7.8,HIGH
CVE-2021-40702,0.1883713022781367,5.18870604372423e-06,0.4375185956560547,0.004111208150824709,0.0003621060157102203,7.8,HIGH
CVE-2021-40735,0.1883713022781367,5.18870604372423e-06,0.4375185956560547,0.004111208150824703,0.0003621060157102203,7.8,HIGH
CVE-2021-42732,0.1883713022781367,5.18870604372423e-06,0.4375185956560547,0.004111208150824706,0.0003621060157102203,7.8,HIGH
CVE-2021-43018,0.1883713022781367,5.18870604372423e-06,0.4375185956560547,0.004111208150824702,0.0003621060157102203,7.8,HIGH
CVE-2021-28595,0.1883713022781367,5.18870604372423e-06,0.4375185956560547,0.004111208150824704,0.0003621060157102203,7.8,HIGH
CVE-2021-46817,0.1883713022781367,5.18870604372423e-06,0.4375185956560547,0.004111208150824701,0.0003621060157102203,7.8,HIGH
CVE-2021-42731,0.1883713022781367,5.18870604372423e-06,0.4375185956560547,0.004111208150824705,0.0003621060157102203,7.8,HIGH
CVE-2021-39836,0.1883713022781367,5.18870604372423e-06,0.4375185956560547,0.004111208150824701,0.0003621060157102203,7.8,HIGH
CVE-2021-45055,0.1883713022781367,5.18870604372423e-06,0.4375185956560547,0.00411120815082471,0.0003621060157102203,7.8,HIGH
CVE-2021-43756,0.1883713022781367,5.18870604372423e-06,0.4375185956560547,0.004111208150824707,0.0003621060157102203,7.8,HIGH
CVE-2021-28564,0.1883713022781367,5.18870604372423e-06,0.4375185956560547,0.004111208150824707,0.0003621060157102203,8.8,HIGH
CVE-2021-40777,0.1883713022781367,5.18870604372423e-06,0.4375185956560547,0.004111208150824708,0.0003621060157102203,7.8,HIGH
CVE-2021-28551,0.1883713022781367,5.18870604372423e-06,0.4375185956560547,0.004111208150824699,0.0003621060157102203,7.8,HIGH
CVE-2021-28561,0.1883713022781367,5.18870604372423e-06,0.4375185956560547,0.004111208150824707,0.0003621060157102203,8.8,HIGH
CVE-2021-40779,0.1883713022781367,5.18870604372423e-06,0.4375185956560547,0.0041112081508247016,0.0003621060157102203,7.8,HIGH
CVE-2021-45053,0.1883713022781367,5.18870604372423e-06,0.4375185956560547,0.004111208150824706,0.0003621060157102203,7.8,HIGH
CVE-2021-36005,0.1883713022781367,5.18870604372423e-06,0.4375185956560547,0.004111208150824703,0.0003621060157102203,7.8,HIGH
CVE-2021-43113,0.16218973138388304,9.451376971767102e-06,0.5134427374301676,0.026337973150470803,0.0003610879545416457,9.8,CRITICAL
CVE-2021-3693,0.16218973138388304,9.451376971767102e-06,0.5134427374301676,0.026337973150470814,0.0003610879545416457,8.8,HIGH
CVE-2021-46828,0.16218973138388304,9.451376971767102e-06,0.5134427374301676,0.02633797315047082,0.0003610879545416457,7.5,HIGH
CVE-2021-3694,0.16218973138388304,9.451376971767102e-06,0.5134427374301676,0.026337973150470803,0.0003610879545416457,8.2,HIGH
CVE-2021-32493,0.16218973138388304,9.451376971767102e-06,0.5134427374301676,0.026337973150470817,0.0003610879545416457,7.8,HIGH
CVE-2021-32491,0.16218973138388304,9.451376971767102e-06,0.5134427374301676,0.02633797315047081,0.0003610879545416457,7.8,HIGH
CVE-2021-32492,0.16218973138388304,9.451376971767102e-06,0.5134427374301676,0.02633797315047081,0.00036108795454164566,7.8,HIGH
CVE-2021-32490,0.16218973138388304,9.451376971767102e-06,0.5134427374301676,0.026337973150470817,0.00036108795454164566,7.8,HIGH
CVE-2021-3500,0.16218973138388304,9.451376971767102e-06,0.5134427374301676,0.026337973150470803,0.00036108795454164566,7.8,HIGH
CVE-2021-36409,0.16218973138388304,9.451376971767102e-06,0.5134427374301676,0.02633797315047081,0.00036108795454164566,7.8,HIGH
CVE-2021-33623,0.15300918055083307,0.00023108194608333643,0.5104130510239501,0.025067648756572428,0.00036097415546112565,7.5,HIGH
CVE-2021-25636,0.157429445766746,0.00035856568310154487,0.5186948853615521,0.027110432043878387,0.00036050652360621955,7.5,HIGH
CVE-2021-41057,0.18599115946956818,3.5458839850651086e-05,0.4370634566800416,0.004052570068223478,0.00035864476210151653,7.1,HIGH
CVE-2021-20272,0.1037062223733424,0.002197361617359852,0.46534810126582277,0.01516061403856938,0.00035742434771527423,7.5,HIGH
CVE-2021-20275,0.1037062223733424,0.002197361617359852,0.46534810126582277,0.015160614038569388,0.00035742434771527423,7.5,HIGH
CVE-2021-20273,0.1037062223733424,0.002197361617359852,0.46534810126582277,0.015160614038569387,0.00035742434771527423,7.5,HIGH
CVE-2021-20276,0.1037062223733424,0.002197361617359852,0.46534810126582277,0.015160614038569381,0.0003574243477152742,7.5,HIGH
CVE-2021-46829,0.157429445766746,4.872050292144256e-05,0.4943688014792402,0.024261659515949247,0.00035719589033439143,7.8,HIGH
CVE-2021-44014,0.020061203672220335,0.0,0.27693032015065916,3.280105258583574e-06,0.0003571657964229346,7.8,HIGH
CVE-2021-40355,0.020061203672220335,0.0,0.27693032015065916,3.2801052585803344e-06,0.0003571657964229346,8.8,HIGH
CVE-2021-34291,0.020061203672220335,0.0,0.27693032015065916,3.280105258583019e-06,0.0003571657964229346,7.8,HIGH
CVE-2021-38405,0.020061203672220335,0.0,0.27693032015065916,3.2801052585806597e-06,0.0003571657964229346,7.8,HIGH
CVE-2021-44006,0.020061203672220335,0.0,0.27693032015065916,3.280105258581273e-06,0.0003571657964229346,7.8,HIGH
CVE-2021-44013,0.020061203672220335,0.0,0.27693032015065916,3.2801052585812814e-06,0.0003571657964229346,7.8,HIGH
CVE-2021-44001,0.020061203672220335,0.0,0.27693032015065916,3.2801052585834168e-06,0.0003571657964229346,7.8,HIGH
CVE-2021-34324,0.020061203672220335,0.0,0.27693032015065916,3.2801052585822983e-06,0.0003571657964229346,7.8,HIGH
CVE-2021-34315,0.020061203672220335,0.0,0.27693032015065916,3.2801052585824994e-06,0.0003571657964229346,7.8,HIGH
CVE-2021-44005,0.020061203672220335,0.0,0.27693032015065916,3.280105258581186e-06,0.0003571657964229346,7.8,HIGH
CVE-2021-34300,0.020061203672220335,0.0,0.27693032015065916,3.280105258580486e-06,0.0003571657964229346,7.8,HIGH
CVE-2021-34316,0.020061203672220335,0.0,0.27693032015065916,3.2801052585834816e-06,0.0003571657964229346,7.8,HIGH
CVE-2021-34310,0.020061203672220335,0.0,0.27693032015065916,3.280105258580601e-06,0.0003571657964229346,7.8,HIGH
CVE-2021-34292,0.020061203672220335,0.0,0.27693032015065916,3.2801052585829784e-06,0.0003571657964229346,7.8,HIGH
CVE-2021-34326,0.020061203672220335,0.0,0.27693032015065916,3.2801052585796703e-06,0.0003571657964229346,7.8,HIGH
CVE-2021-27390,0.020061203672220335,0.0,0.27693032015065916,3.2801052585831347e-06,0.0003571657964229346,7.8,HIGH
CVE-2021-34314,0.020061203672220335,0.0,0.27693032015065916,3.280105258582205e-06,0.0003571657964229346,7.8,HIGH
CVE-2021-34319,0.020061203672220335,0.0,0.27693032015065916,3.280105258581004e-06,0.0003571657964229346,7.8,HIGH
CVE-2021-44000,0.020061203672220335,0.0,0.27693032015065916,3.2801052585818426e-06,0.0003571657964229346,7.8,HIGH
CVE-2021-34293,0.020061203672220335,0.0,0.27693032015065916,3.2801052585811975e-06,0.0003571657964229346,7.8,HIGH
CVE-2021-34309,0.020061203672220335,0.0,0.27693032015065916,3.280105258581671e-06,0.0003571657964229346,7.8,HIGH
CVE-2021-34313,0.020061203672220335,0.0,0.27693032015065916,3.280105258583056e-06,0.0003571657964229346,7.8,HIGH
CVE-2021-34305,0.020061203672220335,0.0,0.27693032015065916,3.2801052585802493e-06,0.0003571657964229346,7.8,HIGH
CVE-2021-34312,0.020061203672220335,0.0,0.27693032015065916,3.280105258580729e-06,0.0003571657964229346,7.8,HIGH
CVE-2021-34311,0.020061203672220335,0.0,0.27693032015065916,3.2801052585834456e-06,0.0003571657964229346,7.8,HIGH
CVE-2021-34298,0.020061203672220335,0.0,0.27693032015065916,3.280105258580741e-06,0.0003571657964229346,7.8,HIGH
CVE-2021-34317,0.020061203672220335,0.0,0.27693032015065916,3.280105258581213e-06,0.0003571657964229346,7.8,HIGH
CVE-2021-34296,0.020061203672220335,0.0,0.27693032015065916,3.2801052585811937e-06,0.0003571657964229346,7.8,HIGH
CVE-2021-34318,0.020061203672220335,0.0,0.27693032015065916,3.280105258584017e-06,0.0003571657964229346,7.8,HIGH
CVE-2021-34323,0.020061203672220335,0.0,0.27693032015065916,3.2801052585824194e-06,0.0003571657964229346,7.8,HIGH
CVE-2021-44016,0.020061203672220335,0.0,0.27693032015065916,3.2801052585841444e-06,0.0003571657964229346,7.8,HIGH
CVE-2021-44002,0.020061203672220335,0.0,0.27693032015065916,3.2801052585807545e-06,0.0003571657964229346,7.8,HIGH
CVE-2021-34301,0.020061203672220335,0.0,0.27693032015065916,3.2801052585821517e-06,0.0003571657964229346,7.8,HIGH
CVE-2021-34306,0.020061203672220335,0.0,0.27693032015065916,3.280105258581467e-06,0.0003571657964229346,7.8,HIGH
CVE-2021-34331,0.020061203672220335,0.0,0.27693032015065916,3.280105258581331e-06,0.0003571657964229346,7.8,HIGH
CVE-2021-40356,0.020061203672220335,0.0,0.27693032015065916,3.2801052585824893e-06,0.0003571657964229346,7.5,HIGH
CVE-2021-34330,0.020061203672220335,0.0,0.27693032015065916,3.2801052585821666e-06,0.0003571657964229346,7.8,HIGH
CVE-2021-44018,0.020061203672220335,0.0,0.27693032015065916,3.280105258580621e-06,0.0003571657964229346,7.8,HIGH
CVE-2021-34328,0.020061203672220335,0.0,0.27693032015065916,3.2801052585820907e-06,0.0003571657964229346,7.8,HIGH
CVE-2021-34327,0.020061203672220335,0.0,0.27693032015065916,3.280105258581633e-06,0.0003571657964229346,7.8,HIGH
CVE-2021-34329,0.020061203672220335,0.0,0.27693032015065916,3.2801052585840965e-06,0.0003571657964229346,7.8,HIGH
CVE-2021-40354,0.020061203672220335,0.0,0.27693032015065916,3.280105258580958e-06,0.0003571657964229346,7.1,HIGH
CVE-2021-34294,0.020061203672220335,0.0,0.27693032015065916,3.280105258581147e-06,0.0003571657964229346,7.8,HIGH
CVE-2021-34295,0.020061203672220335,0.0,0.27693032015065916,3.2801052585821094e-06,0.0003571657964229346,7.8,HIGH
CVE-2021-34297,0.020061203672220335,0.0,0.27693032015065916,3.280105258582197e-06,0.0003571657964229346,7.8,HIGH
CVE-2021-34690,0.18599115946956818,2.334524238654564e-06,0.43699851411589896,0.00405276032483076,0.0003568424069993101,9.8,CRITICAL
CVE-2021-34692,0.18599115946956818,2.334524238654564e-06,0.43699851411589896,0.0040527603248307585,0.0003568424069993101,7.8,HIGH
CVE-2021-1051,0.18599115946956818,7.118354805704606e-06,0.44218914448955043,0.004076515891516041,0.000356476616767646,8.4,HIGH
CVE-2021-21102,0.1856511390683441,0.0,0.4369335908483138,0.004051412982402261,0.0003557574201828346,8.8,HIGH
CVE-2021-21066,0.1856511390683441,0.0,0.4369335908483138,0.004051412982402262,0.0003557574201828346,7.8,HIGH
CVE-2021-40755,0.1856511390683441,0.0,0.4369335908483138,0.004051412982402258,0.0003557574201828346,7.8,HIGH
CVE-2021-39817,0.1856511390683441,0.0,0.4369335908483138,0.00405141298240226,0.0003557574201828346,7.8,HIGH
CVE-2021-0061,0.1856511390683441,0.0,0.4369335908483138,0.004051412982402263,0.0003557574201828346,7.8,HIGH
CVE-2021-40754,0.1856511390683441,0.0,0.4369335908483138,0.004051412982402262,0.0003557574201828346,7.8,HIGH
CVE-2021-28954,0.1856511390683441,0.0,0.4369335908483138,0.004051412982402262,0.0003557574201828346,7.8,HIGH
CVE-2021-36134,0.1856511390683441,0.0,0.4369335908483138,0.004051412982402254,0.0003557574201828346,7.4,HIGH
CVE-2021-4225,0.1856511390683441,0.0,0.4369335908483138,0.004051412982402255,0.0003557574201828346,8.8,HIGH
CVE-2021-34959,0.1856511390683441,0.0,0.4369335908483138,0.004051412982402265,0.0003557574201828346,7.8,HIGH
CVE-2021-36376,0.1856511390683441,0.0,0.4369335908483138,0.004051412982402259,0.0003557574201828346,7.8,HIGH
CVE-2021-28591,0.1856511390683441,0.0,0.4369335908483138,0.004051412982402258,0.0003557574201828346,7.8,HIGH
CVE-2021-45231,0.1856511390683441,0.0,0.4369335908483138,0.004051412982402261,0.0003557574201828346,7.8,HIGH
CVE-2021-26612,0.1856511390683441,0.0,0.4369335908483138,0.004051412982402265,0.0003557574201828346,8.1,HIGH
CVE-2021-34954,0.1856511390683441,0.0,0.4369335908483138,0.004051412982402257,0.0003557574201828346,7.8,HIGH
CVE-2021-21007,0.1856511390683441,0.0,0.4369335908483138,0.004051412982402255,0.0003557574201828346,7.0,HIGH
CVE-2021-21077,0.1856511390683441,0.0,0.4369335908483138,0.004051412982402261,0.0003557574201828346,7.8,HIGH
CVE-2021-28607,0.1856511390683441,0.0,0.4369335908483138,0.004051412982402262,0.0003557574201828346,7.8,HIGH
CVE-2021-43940,0.1856511390683441,0.0,0.4369335908483138,0.004051412982402257,0.0003557574201828346,7.8,HIGH
CVE-2021-3013,0.1856511390683441,0.0,0.4369335908483138,0.004051412982402263,0.0003557574201828346,9.8,CRITICAL
CVE-2021-26605,0.1856511390683441,0.0,0.4369335908483138,0.004051412982402264,0.0003557574201828346,7.5,HIGH
CVE-2021-36742,0.1856511390683441,0.0,0.4369335908483138,0.00405141298240226,0.0003557574201828346,7.8,HIGH
CVE-2021-36011,0.1856511390683441,0.0,0.4369335908483138,0.00405141298240226,0.0003557574201828346,8.3,HIGH
CVE-2021-42956,0.1856511390683441,0.0,0.4369335908483138,0.004051412982402258,0.0003557574201828346,7.8,HIGH
CVE-2021-34965,0.1856511390683441,0.0,0.4369335908483138,0.004051412982402258,0.0003557574201828346,7.8,HIGH
CVE-2021-21075,0.1856511390683441,0.0,0.4369335908483138,0.004051412982402264,0.0003557574201828346,7.1,HIGH
CVE-2021-3626,0.1856511390683441,0.0,0.4369335908483138,0.004051412982402261,0.0003557574201828346,8.8,HIGH
CVE-2021-40683,0.1856511390683441,0.0,0.4369335908483138,0.0040514129824022645,0.0003557574201828346,7.8,HIGH
CVE-2021-21092,0.1856511390683441,0.0,0.4369335908483138,0.004051412982402261,0.0003557574201828346,7.8,HIGH
CVE-2021-21095,0.1856511390683441,0.0,0.4369335908483138,0.004051412982402263,0.0003557574201828346,7.8,HIGH
CVE-2021-28570,0.1856511390683441,0.0,0.4369335908483138,0.004051412982402262,0.0003557574201828346,8.3,HIGH
CVE-2021-34968,0.1856511390683441,0.0,0.4369335908483138,0.00405141298240226,0.0003557574201828346,7.8,HIGH
CVE-2021-31456,0.1856511390683441,0.0,0.4369335908483138,0.004051412982402259,0.0003557574201828346,7.8,HIGH
CVE-2021-31437,0.1856511390683441,0.0,0.4369335908483138,0.004051412982402262,0.0003557574201828346,7.8,HIGH
CVE-2021-34955,0.1856511390683441,0.0,0.4369335908483138,0.004051412982402264,0.0003557574201828346,7.8,HIGH
CVE-2021-34845,0.1856511390683441,0.0,0.4369335908483138,0.004051412982402257,0.0003557574201828346,7.8,HIGH
CVE-2021-35997,0.1856511390683441,0.0,0.4369335908483138,0.004051412982402258,0.0003557574201828346,7.8,HIGH
CVE-2021-42721,0.1856511390683441,0.0,0.4369335908483138,0.004051412982402262,0.0003557574201828346,7.8,HIGH
CVE-2021-39832,0.1856511390683441,0.0,0.4369335908483138,0.004051412982402258,0.0003557574201828346,7.8,HIGH
CVE-2021-27267,0.1856511390683441,0.0,0.4369335908483138,0.004051412982402262,0.0003557574201828346,7.8,HIGH
CVE-2021-26610,0.1856511390683441,0.0,0.4369335908483138,0.00405141298240226,0.0003557574201828346,7.2,HIGH
CVE-2021-28629,0.1856511390683441,0.0,0.4369335908483138,0.004051412982402262,0.0003557574201828346,7.8,HIGH
CVE-2021-31438,0.1856511390683441,0.0,0.4369335908483138,0.004051412982402258,0.0003557574201828346,7.8,HIGH
CVE-2021-26630,0.1856511390683441,0.0,0.4369335908483138,0.004051412982402264,0.0003557574201828346,7.8,HIGH
CVE-2021-44204,0.1856511390683441,0.0,0.4369335908483138,0.00405141298240226,0.0003557574201828346,7.8,HIGH
CVE-2021-0066,0.1856511390683441,0.0,0.4369335908483138,0.00405141298240226,0.0003557574201828346,8.4,HIGH
CVE-2021-36078,0.1856511390683441,0.0,0.4369335908483138,0.004051412982402264,0.0003557574201828346,7.8,HIGH
CVE-2021-45440,0.1856511390683441,0.0,0.4369335908483138,0.004051412982402255,0.0003557574201828346,7.8,HIGH
CVE-2021-34836,0.1856511390683441,0.0,0.4369335908483138,0.004051412982402263,0.0003557574201828346,7.8,HIGH
CVE-2021-34966,0.1856511390683441,0.0,0.4369335908483138,0.004051412982402255,0.0003557574201828346,7.8,HIGH
CVE-2021-43021,0.1856511390683441,0.0,0.4369335908483138,0.004051412982402265,0.0003557574201828346,7.8,HIGH
CVE-2021-33055,0.1856511390683441,0.0,0.4369335908483138,0.004051412982402261,0.0003557574201828346,9.8,CRITICAL
CVE-2021-31442,0.1856511390683441,0.0,0.4369335908483138,0.004051412982402264,0.0003557574201828346,7.8,HIGH
CVE-2021-34848,0.1856511390683441,0.0,0.4369335908483138,0.00405141298240226,0.0003557574201828346,7.8,HIGH
CVE-2021-27193,0.1856511390683441,0.0,0.4369335908483138,0.004051412982402261,0.0003557574201828346,9.8,CRITICAL
CVE-2021-21104,0.1856511390683441,0.0,0.4369335908483138,0.0040514129824022645,0.0003557574201828346,8.8,HIGH
CVE-2021-25249,0.1856511390683441,0.0,0.4369335908483138,0.004051412982402259,0.0003557574201828346,7.8,HIGH
CVE-2021-25247,0.1856511390683441,0.0,0.4369335908483138,0.00405141298240226,0.0003557574201828346,7.8,HIGH
CVE-2021-40826,0.1856511390683441,0.0,0.4369335908483138,0.004051412982402262,0.0003557574201828346,7.8,HIGH
CVE-2021-40733,0.1856511390683441,0.0,0.4369335908483138,0.004051412982402258,0.0003557574201828346,7.8,HIGH
CVE-2021-41022,0.1856511390683441,0.0,0.4369335908483138,0.004051412982402258,0.0003557574201828346,7.8,HIGH
CVE-2021-30359,0.1856511390683441,0.0,0.4369335908483138,0.004051412982402259,0.0003557574201828346,7.8,HIGH
CVE-2021-43022,0.1856511390683441,0.0,0.4369335908483138,0.004051412982402261,0.0003557574201828346,7.8,HIGH
CVE-2021-33436,0.1856511390683441,0.0,0.4369335908483138,0.004051412982402265,0.0003557574201828346,7.3,HIGH
CVE-2021-44205,0.1856511390683441,0.0,0.4369335908483138,0.004051412982402262,0.0003557574201828346,7.3,HIGH
CVE-2021-34956,0.1856511390683441,0.0,0.4369335908483138,0.004051412982402264,0.0003557574201828346,7.8,HIGH
CVE-2021-44206,0.1856511390683441,0.0,0.4369335908483138,0.00405141298240226,0.0003557574201828346,7.3,HIGH
CVE-2021-26603,0.1856511390683441,0.0,0.4369335908483138,0.004051412982402258,0.0003557574201828346,8.6,HIGH
CVE-2021-36070,0.1856511390683441,0.0,0.4369335908483138,0.004051412982402256,0.0003557574201828346,7.8,HIGH
CVE-2021-31455,0.1856511390683441,0.0,0.4369335908483138,0.004051412982402259,0.0003557574201828346,7.8,HIGH
CVE-2021-31441,0.1856511390683441,0.0,0.4369335908483138,0.0040514129824022575,0.0003557574201828346,7.8,HIGH
CVE-2021-32462,0.1856511390683441,0.0,0.4369335908483138,0.004051412982402257,0.0003557574201828346,8.8,HIGH
CVE-2021-28819,0.1856511390683441,0.0,0.4369335908483138,0.004051412982402268,0.0003557574201828346,8.8,HIGH
CVE-2021-26618,0.1856511390683441,0.0,0.4369335908483138,0.004051412982402265,0.0003557574201828346,7.1,HIGH
CVE-2021-42105,0.1856511390683441,0.0,0.4369335908483138,0.004051412982402257,0.0003557574201828346,7.8,HIGH
CVE-2021-20532,0.1856511390683441,0.0,0.4369335908483138,0.004051412982402261,0.0003557574201828346,7.8,HIGH
CVE-2021-28604,0.1856511390683441,0.0,0.4369335908483138,0.004051412982402268,0.0003557574201828346,7.8,HIGH
CVE-2021-40760,0.1856511390683441,0.0,0.4369335908483138,0.004051412982402265,0.0003557574201828346,7.8,HIGH
CVE-2021-26607,0.1856511390683441,0.0,0.4369335908483138,0.004051412982402261,0.0003557574201828346,8.1,HIGH
CVE-2021-36073,0.1856511390683441,0.0,0.4369335908483138,0.0040514129824022645,0.0003557574201828346,7.8,HIGH
CVE-2021-28130,0.1856511390683441,0.0,0.4369335908483138,0.004051412982402249,0.0003557574201828346,7.8,HIGH
CVE-2021-34839,0.1856511390683441,0.0,0.4369335908483138,0.004051412982402261,0.0003557574201828346,7.8,HIGH
CVE-2021-35989,0.1856511390683441,0.0,0.4369335908483138,0.0040514129824022575,0.0003557574201828346,7.8,HIGH
CVE-2021-26606,0.1856511390683441,0.0,0.4369335908483138,0.004051412982402267,0.0003557574201828346,9.8,CRITICAL
CVE-2021-34831,0.1856511390683441,0.0,0.4369335908483138,0.0040514129824022645,0.0003557574201828346,7.8,HIGH
CVE-2021-28606,0.1856511390683441,0.0,0.4369335908483138,0.004051412982402254,0.0003557574201828346,7.8,HIGH
CVE-2021-3042,0.1856511390683441,0.0,0.4369335908483138,0.00405141298240226,0.0003557574201828346,7.8,HIGH
CVE-2021-33500,0.1856511390683441,0.0,0.4369335908483138,0.004051412982402262,0.0003557574201828346,7.5,HIGH
CVE-2021-21011,0.1856511390683441,0.0,0.4369335908483138,0.004051412982402262,0.0003557574201828346,7.0,HIGH
CVE-2021-21098,0.1856511390683441,0.0,0.4369335908483138,0.004051412982402261,0.0003557574201828346,8.8,HIGH
CVE-2021-34974,0.1856511390683441,0.0,0.4369335908483138,0.004051412982402257,0.0003557574201828346,7.8,HIGH
CVE-2021-31450,0.1856511390683441,0.0,0.4369335908483138,0.004051412982402263,0.0003557574201828346,7.8,HIGH
CVE-2021-21912,0.1856511390683441,0.0,0.4369335908483138,0.00405141298240226,0.0003557574201828346,7.8,HIGH
CVE-2021-31461,0.1856511390683441,0.0,0.4369335908483138,0.004051412982402265,0.0003557574201828346,7.8,HIGH
CVE-2021-40758,0.1856511390683441,0.0,0.4369335908483138,0.004051412982402267,0.0003557574201828346,7.8,HIGH
CVE-2021-20081,0.1856511390683441,0.0,0.4369335908483138,0.00405141298240226,0.0003557574201828346,7.2,HIGH
CVE-2021-34849,0.1856511390683441,0.0,0.4369335908483138,0.0040514129824022575,0.0003557574201828346,7.8,HIGH
CVE-2021-31468,0.1856511390683441,0.0,0.4369335908483138,0.004051412982402256,0.0003557574201828346,7.8,HIGH
CVE-2021-42108,0.1856511390683441,0.0,0.4369335908483138,0.00405141298240226,0.0003557574201828346,7.8,HIGH
CVE-2021-20442,0.1856511390683441,0.0,0.4369335908483138,0.004051412982402257,0.0003557574201828346,7.5,HIGH
CVE-2021-42743,0.1856511390683441,0.0,0.4369335908483138,0.004051412982402257,0.0003557574201828346,8.8,HIGH
CVE-2021-43029,0.1856511390683441,0.0,0.4369335908483138,0.004051412982402259,0.0003557574201828346,7.8,HIGH
CVE-2021-31470,0.1856511390683441,0.0,0.4369335908483138,0.004051412982402263,0.0003557574201828346,7.8,HIGH
CVE-2021-41785,0.1856511390683441,0.0,0.4369335908483138,0.004051412982402263,0.0003557574201828346,7.8,HIGH
CVE-2021-3041,0.1856511390683441,0.0,0.4369335908483138,0.004051412982402256,0.0003557574201828346,7.8,HIGH
CVE-2021-43753,0.1856511390683441,0.0,0.4369335908483138,0.004051412982402258,0.0003557574201828346,7.8,HIGH
CVE-2021-28571,0.1856511390683441,0.0,0.4369335908483138,0.004051412982402259,0.0003557574201828346,8.3,HIGH
CVE-2021-36741,0.1856511390683441,0.0,0.4369335908483138,0.004051412982402259,0.0003557574201828346,8.8,HIGH
CVE-2021-21105,0.1856511390683441,0.0,0.4369335908483138,0.004051412982402259,0.0003557574201828346,8.8,HIGH
CVE-2021-28620,0.1856511390683441,0.0,0.4369335908483138,0.00405141298240226,0.0003557574201828346,7.8,HIGH
CVE-2021-27271,0.1856511390683441,0.0,0.4369335908483138,0.004051412982402259,0.0003557574201828346,7.8,HIGH
CVE-2021-31458,0.1856511390683441,0.0,0.4369335908483138,0.004051412982402259,0.0003557574201828346,7.8,HIGH
CVE-2021-44466,0.1856511390683441,0.0,0.4369335908483138,0.004051412982402259,0.0003557574201828346,7.3,HIGH
CVE-2021-35999,0.1856511390683441,0.0,0.4369335908483138,0.004051412982402266,0.0003557574201828346,7.8,HIGH
CVE-2021-35990,0.1856511390683441,0.0,0.4369335908483138,0.0040514129824022575,0.0003557574201828346,7.8,HIGH
CVE-2021-26625,0.1856511390683441,0.0,0.4369335908483138,0.004051412982402264,0.0003557574201828346,8.8,HIGH
CVE-2021-41784,0.1856511390683441,0.0,0.4369335908483138,0.004051412982402264,0.0003557574201828346,7.8,HIGH
CVE-2021-21911,0.1856511390683441,0.0,0.4369335908483138,0.004051412982402255,0.0003557574201828346,7.8,HIGH
CVE-2021-42102,0.1856511390683441,0.0,0.4369335908483138,0.004051412982402256,0.0003557574201828346,7.8,HIGH
CVE-2021-36075,0.1856511390683441,0.0,0.4369335908483138,0.004051412982402259,0.0003557574201828346,7.8,HIGH
CVE-2021-34961,0.1856511390683441,0.0,0.4369335908483138,0.004051412982402267,0.0003557574201828346,7.8,HIGH
CVE-2021-42011,0.1856511390683441,0.0,0.4369335908483138,0.004051412982402263,0.0003557574201828346,7.8,HIGH
CVE-2021-36072,0.1856511390683441,0.0,0.4369335908483138,0.004051412982402258,0.0003557574201828346,7.8,HIGH
CVE-2021-42106,0.1856511390683441,0.0,0.4369335908483138,0.004051412982402258,0.0003557574201828346,7.8,HIGH
CVE-2021-1073,0.1856511390683441,0.0,0.4369335908483138,0.004051412982402263,0.0003557574201828346,8.3,HIGH
CVE-2021-40759,0.1856511390683441,0.0,0.4369335908483138,0.0040514129824022575,0.0003557574201828346,7.8,HIGH
CVE-2021-28826,0.1856511390683441,0.0,0.4369335908483138,0.0040514129824022575,0.0003557574201828346,8.8,HIGH
CVE-2021-41782,0.1856511390683441,0.0,0.4369335908483138,0.004051412982402265,0.0003557574201828346,7.8,HIGH
CVE-2021-34957,0.1856511390683441,0.0,0.4369335908483138,0.004051412982402258,0.0003557574201828346,7.8,HIGH
CVE-2021-27891,0.1856511390683441,0.0,0.4369335908483138,0.004051412982402261,0.0003557574201828346,8.8,HIGH
CVE-2021-38571,0.1856511390683441,0.0,0.4369335908483138,0.00405141298240226,0.0003557574201828346,7.8,HIGH
CVE-2021-28927,0.1856511390683441,0.0,0.4369335908483138,0.004051412982402265,0.0003557574201828346,7.8,HIGH
CVE-2021-40715,0.1856511390683441,0.0,0.4369335908483138,0.004051412982402264,0.0003557574201828346,7.8,HIGH
CVE-2021-44548,0.1856511390683441,0.0,0.4369335908483138,0.004051412982402262,0.0003557574201828346,9.8,CRITICAL
CVE-2021-26617,0.1856511390683441,0.0,0.4369335908483138,0.004051412982402258,0.0003557574201828346,8.1,HIGH
CVE-2021-34960,0.1856511390683441,0.0,0.4369335908483138,0.0040514129824022575,0.0003557574201828346,7.8,HIGH
CVE-2021-44024,0.1856511390683441,0.0,0.4369335908483138,0.004051412982402264,0.0003557574201828346,7.1,HIGH
CVE-2021-29221,0.1856511390683441,0.0,0.4369335908483138,0.0040514129824022575,0.0003557574201828346,7.0,HIGH
CVE-2021-0062,0.1856511390683441,0.0,0.4369335908483138,0.004051412982402256,0.0003557574201828346,7.8,HIGH
CVE-2021-34844,0.1856511390683441,0.0,0.4369335908483138,0.0040514129824022575,0.0003557574201828346,7.8,HIGH
CVE-2021-37594,0.1856511390683441,0.0,0.4369335908483138,0.004051412982402258,0.0003557574201828346,9.8,CRITICAL
CVE-2021-39830,0.1856511390683441,0.0,0.4369335908483138,0.00405141298240226,0.0003557574201828346,7.8,HIGH
CVE-2021-31519,0.1856511390683441,0.0,0.4369335908483138,0.0040514129824022575,0.0003557574201828346,7.3,HIGH
CVE-2021-40772,0.1856511390683441,0.0,0.4369335908483138,0.004051412982402257,0.0003557574201828346,7.8,HIGH
CVE-2021-34843,0.1856511390683441,0.0,0.4369335908483138,0.004051412982402263,0.0003557574201828346,7.8,HIGH
CVE-2021-36015,0.1856511390683441,0.0,0.4369335908483138,0.0040514129824022645,0.0003557574201828346,7.8,HIGH
CVE-2021-21008,0.1856511390683441,0.0,0.4369335908483138,0.004051412982402262,0.0003557574201828346,7.0,HIGH
CVE-2021-36017,0.1856511390683441,0.0,0.4369335908483138,0.004051412982402263,0.0003557574201828346,7.8,HIGH
CVE-2021-36079,0.1856511390683441,0.0,0.4369335908483138,0.004051412982402261,0.0003557574201828346,7.8,HIGH
CVE-2021-21072,0.1856511390683441,0.0,0.4369335908483138,0.004051412982402257,0.0003557574201828346,7.1,HIGH
CVE-2021-31454,0.1856511390683441,0.0,0.4369335908483138,0.004051412982402261,0.0003557574201828346,7.8,HIGH
CVE-2021-28818,0.1856511390683441,0.0,0.4369335908483138,0.004051412982402262,0.0003557574201828346,8.8,HIGH
CVE-2021-40751,0.1856511390683441,0.0,0.4369335908483138,0.004051412982402263,0.0003557574201828346,7.8,HIGH
CVE-2021-25265,0.1856511390683441,0.0,0.4369335908483138,0.00405141298240226,0.0003557574201828346,8.8,HIGH
CVE-2021-44023,0.1856511390683441,0.0,0.4369335908483138,0.0040514129824022645,0.0003557574201828346,7.1,HIGH
CVE-2021-39831,0.1856511390683441,0.0,0.4369335908483138,0.004051412982402258,0.0003557574201828346,7.8,HIGH
CVE-2021-28586,0.1856511390683441,0.0,0.4369335908483138,0.004051412982402261,0.0003557574201828346,7.8,HIGH
CVE-2021-21010,0.1856511390683441,0.0,0.4369335908483138,0.00405141298240226,0.0003557574201828346,7.0,HIGH
CVE-2021-21053,0.1856511390683441,0.0,0.4369335908483138,0.004051412982402257,0.0003557574201828346,7.8,HIGH
CVE-2021-40753,0.1856511390683441,0.0,0.4369335908483138,0.004051412982402264,0.0003557574201828346,7.8,HIGH
CVE-2021-36076,0.1856511390683441,0.0,0.4369335908483138,0.004051412982402268,0.0003557574201828346,7.8,HIGH
CVE-2021-28608,0.1856511390683441,0.0,0.4369335908483138,0.004051412982402259,0.0003557574201828346,7.8,HIGH
CVE-2021-31776,0.1856511390683441,0.0,0.4369335908483138,0.004051412982402265,0.0003557574201828346,7.8,HIGH
CVE-2021-23139,0.1856511390683441,0.0,0.4369335908483138,0.004051412982402262,0.0003557574201828346,7.5,HIGH
CVE-2021-34832,0.1856511390683441,0.0,0.4369335908483138,0.004051412982402261,0.0003557574201828346,7.8,HIGH
CVE-2021-26472,0.1856511390683441,0.0,0.4369335908483138,0.004051412982402261,0.0003557574201828346,10.0,CRITICAL
CVE-2021-43025,0.1856511390683441,0.0,0.4369335908483138,0.004051412982402264,0.0003557574201828346,7.8,HIGH
CVE-2021-36069,0.1856511390683441,0.0,0.4369335908483138,0.0040514129824022645,0.0003557574201828346,7.8,HIGH
CVE-2021-34835,0.1856511390683441,0.0,0.4369335908483138,0.004051412982402259,0.0003557574201828346,7.8,HIGH
CVE-2021-31914,0.1856511390683441,0.0,0.4369335908483138,0.004051412982402264,0.0003557574201828346,9.8,CRITICAL
CVE-2021-34803,0.1856511390683441,0.0,0.4369335908483138,0.0040514129824022645,0.0003557574201828346,7.8,HIGH
CVE-2021-34837,0.1856511390683441,0.0,0.4369335908483138,0.0040514129824022645,0.0003557574201828346,7.8,HIGH
CVE-2021-36067,0.1856511390683441,0.0,0.4369335908483138,0.00405141298240226,0.0003557574201828346,7.8,HIGH
CVE-2021-32460,0.1856511390683441,0.0,0.4369335908483138,0.004051412982402265,0.0003557574201828346,7.8,HIGH
CVE-2021-43326,0.1856511390683441,0.0,0.4369335908483138,0.004051412982402259,0.0003557574201828346,7.8,HIGH
CVE-2021-42563,0.1856511390683441,0.0,0.4369335908483138,0.0040514129824022575,0.0003557574201828346,7.8,HIGH
CVE-2021-34853,0.1856511390683441,0.0,0.4369335908483138,0.00405141298240226,0.0003557574201828346,7.8,HIGH
CVE-2021-34834,0.1856511390683441,0.0,0.4369335908483138,0.004051412982402256,0.0003557574201828346,7.8,HIGH
CVE-2021-21093,0.1856511390683441,0.0,0.4369335908483138,0.004051412982402262,0.0003557574201828346,7.8,HIGH
CVE-2021-35448,0.1856511390683441,0.0,0.4369335908483138,0.0040514129824022645,0.0003557574201828346,7.8,HIGH
CVE-2021-31449,0.1856511390683441,0.0,0.4369335908483138,0.004051412982402259,0.0003557574201828346,7.8,HIGH
CVE-2021-30490,0.1856511390683441,0.0,0.4369335908483138,0.0040514129824022575,0.0003557574201828346,7.8,HIGH
CVE-2021-42728,0.1856511390683441,0.0,0.4369335908483138,0.004051412982402265,0.0003557574201828346,7.8,HIGH
CVE-2021-44226,0.1856511390683441,0.0,0.4369335908483138,0.00405141298240226,0.0003557574201828346,7.3,HIGH
CVE-2021-34967,0.1856511390683441,0.0,0.4369335908483138,0.004051412982402259,0.0003557574201828346,7.8,HIGH
CVE-2021-36958,0.1856511390683441,0.0,0.4369335908483138,0.004051412982402262,0.0003557574201828346,7.8,HIGH
CVE-2021-35213,0.1856511390683441,0.0,0.4369335908483138,0.004051412982402258,0.0003557574201828346,8.9,HIGH
CVE-2021-21074,0.1856511390683441,0.0,0.4369335908483138,0.004051412982402262,0.0003557574201828346,7.1,HIGH
CVE-2021-36744,0.1856511390683441,0.0,0.4369335908483138,0.00405141298240226,0.0003557574201828346,7.8,HIGH
CVE-2021-35222,0.1856511390683441,0.0,0.4369335908483138,0.004051412982402261,0.0003557574201828346,8.0,HIGH
CVE-2021-21065,0.1856511390683441,0.0,0.4369335908483138,0.004051412982402264,0.0003557574201828346,7.8,HIGH
CVE-2021-28649,0.1856511390683441,0.0,0.4369335908483138,0.004051412982402263,0.0003557574201828346,7.3,HIGH
CVE-2021-34964,0.1856511390683441,0.0,0.4369335908483138,0.004051412982402259,0.0003557574201828346,7.8,HIGH
CVE-2021-25251,0.1856511390683441,0.0,0.4369335908483138,0.004051412982402263,0.0003557574201828346,7.2,HIGH
CVE-2021-34952,0.1856511390683441,0.0,0.4369335908483138,0.004051412982402252,0.0003557574201828346,7.8,HIGH
CVE-2021-27261,0.1856511390683441,0.0,0.4369335908483138,0.004051412982402259,0.0003557574201828346,7.8,HIGH
CVE-2021-26619,0.1856511390683441,0.0,0.4369335908483138,0.004051412982402255,0.0003557574201828346,7.1,HIGH
CVE-2021-34840,0.1856511390683441,0.0,0.4369335908483138,0.004051412982402266,0.0003557574201828346,7.8,HIGH
CVE-2021-42726,0.1856511390683441,0.0,0.4369335908483138,0.00405141298240226,0.0003557574201828346,7.8,HIGH
CVE-2021-21090,0.1856511390683441,0.0,0.4369335908483138,0.004051412982402257,0.0003557574201828346,8.8,HIGH
CVE-2021-40989,0.1856511390683441,0.0,0.4369335908483138,0.004051412982402263,0.0003557574201828346,7.8,HIGH
CVE-2021-35994,0.1856511390683441,0.0,0.4369335908483138,0.004051412982402259,0.0003557574201828346,7.8,HIGH
CVE-2021-26644,0.1856511390683441,0.0,0.4369335908483138,0.004051412982402258,0.0003557574201828346,8.8,HIGH
CVE-2021-42103,0.1856511390683441,0.0,0.4369335908483138,0.004051412982402263,0.0003557574201828346,7.8,HIGH
CVE-2021-31452,0.1856511390683441,0.0,0.4369335908483138,0.004051412982402257,0.0003557574201828346,7.8,HIGH
CVE-2021-45442,0.1856511390683441,0.0,0.4369335908483138,0.004051412982402261,0.0003557574201828346,7.1,HIGH
CVE-2021-34850,0.1856511390683441,0.0,0.4369335908483138,0.004051412982402259,0.0003557574201828346,7.8,HIGH
CVE-2021-31457,0.1856511390683441,0.0,0.4369335908483138,0.004051412982402257,0.0003557574201828346,7.8,HIGH
CVE-2021-31473,0.1856511390683441,0.0,0.4369335908483138,0.004051412982402265,0.0003557574201828346,7.8,HIGH
CVE-2021-42101,0.1856511390683441,0.0,0.4369335908483138,0.004051412982402262,0.0003557574201828346,7.8,HIGH
CVE-2021-41781,0.1856511390683441,0.0,0.4369335908483138,0.004051412982402253,0.0003557574201828346,7.8,HIGH
CVE-2021-42104,0.1856511390683441,0.0,0.4369335908483138,0.004051412982402258,0.0003557574201828346,7.8,HIGH
CVE-2021-42272,0.1856511390683441,0.0,0.4369335908483138,0.004051412982402265,0.0003557574201828346,7.8,HIGH
CVE-2021-38088,0.1856511390683441,0.0,0.4369335908483138,0.00405141298240225,0.0003557574201828346,7.8,HIGH
CVE-2021-31434,0.1856511390683441,0.0,0.4369335908483138,0.004051412982402267,0.0003557574201828346,7.8,HIGH
CVE-2021-37595,0.1856511390683441,0.0,0.4369335908483138,0.004051412982402264,0.0003557574201828346,9.8,CRITICAL
CVE-2021-21076,0.1856511390683441,0.0,0.4369335908483138,0.0040514129824022575,0.0003557574201828346,7.1,HIGH
CVE-2021-35996,0.1856511390683441,0.0,0.4369335908483138,0.004051412982402258,0.0003557574201828346,7.8,HIGH
CVE-2021-31465,0.1856511390683441,0.0,0.4369335908483138,0.00405141298240226,0.0003557574201828346,7.8,HIGH
CVE-2021-42954,0.1856511390683441,0.0,0.4369335908483138,0.00405141298240226,0.0003557574201828346,7.8,HIGH
CVE-2021-42727,0.1856511390683441,0.0,0.4369335908483138,0.004051412982402259,0.0003557574201828346,7.8,HIGH
CVE-2021-35053,0.1856511390683441,0.0,0.4369335908483138,0.004051412982402257,0.0003557574201828346,7.5,HIGH
CVE-2021-21910,0.1856511390683441,0.0,0.4369335908483138,0.004051412982402254,0.0003557574201828346,7.8,HIGH
CVE-2021-36068,0.1856511390683441,0.0,0.4369335908483138,0.004051412982402259,0.0003557574201828346,7.8,HIGH
CVE-2021-27270,0.1856511390683441,0.0,0.4369335908483138,0.004051412982402268,0.0003557574201828346,7.8,HIGH
CVE-2021-42737,0.1856511390683441,0.0,0.4369335908483138,0.004051412982402266,0.0003557574201828346,7.8,HIGH
CVE-2021-27192,0.1856511390683441,0.0,0.4369335908483138,0.004051412982402263,0.0003557574201828346,7.8,HIGH
CVE-2021-44198,0.1856511390683441,0.0,0.4369335908483138,0.004051412982402254,0.0003557574201828346,7.8,HIGH
CVE-2021-31460,0.1856511390683441,0.0,0.4369335908483138,0.004051412982402265,0.0003557574201828346,7.8,HIGH
CVE-2021-31476,0.1856511390683441,0.0,0.4369335908483138,0.004051412982402258,0.0003557574201828346,7.8,HIGH
CVE-2021-34948,0.1856511390683441,0.0,0.4369335908483138,0.0040514129824022575,0.0003557574201828346,7.8,HIGH
CVE-2021-27194,0.1856511390683441,0.0,0.4369335908483138,0.004051412982402258,0.0003557574201828346,8.8,HIGH
CVE-2021-26608,0.1856511390683441,0.0,0.4369335908483138,0.004051412982402261,0.0003557574201828346,8.8,HIGH
CVE-2021-42724,0.1856511390683441,0.0,0.4369335908483138,0.004051412982402263,0.0003557574201828346,7.8,HIGH
CVE-2021-38086,0.1856511390683441,0.0,0.4369335908483138,0.0040514129824022575,0.0003557574201828346,7.8,HIGH
CVE-2021-28581,0.1856511390683441,0.0,0.4369335908483138,0.004051412982402257,0.0003557574201828346,7.3,HIGH
CVE-2021-29644,0.1856511390683441,0.0,0.4369335908483138,0.004051412982402266,0.0003557574201828346,8.1,HIGH
CVE-2021-28603,0.1856511390683441,0.0,0.4369335908483138,0.00405141298240226,0.0003557574201828346,7.8,HIGH
CVE-2021-43011,0.1856511390683441,0.0,0.4369335908483138,0.004051412982402259,0.0003557574201828346,7.8,HIGH
CVE-2021-43012,0.1856511390683441,0.0,0.4369335908483138,0.004051412982402264,0.0003557574201828346,7.8,HIGH
CVE-2021-34971,0.1856511390683441,0.0,0.4369335908483138,0.004051412982402264,0.0003557574201828346,7.8,HIGH
CVE-2021-34847,0.1856511390683441,0.0,0.4369335908483138,0.00405141298240226,0.0003557574201828346,7.8,HIGH
CVE-2021-26629,0.1856511390683441,0.0,0.4369335908483138,0.004051412982402255,0.0003557574201828346,8.8,HIGH
CVE-2021-40757,0.1856511390683441,0.0,0.4369335908483138,0.004051412982402254,0.0003557574201828346,7.8,HIGH
CVE-2021-42729,0.1856511390683441,0.0,0.4369335908483138,0.004051412982402259,0.0003557574201828346,7.8,HIGH
CVE-2021-34852,0.1856511390683441,0.0,0.4369335908483138,0.004051412982402261,0.0003557574201828346,7.8,HIGH
CVE-2021-28624,0.1856511390683441,0.0,0.4369335908483138,0.004051412982402259,0.0003557574201828346,7.8,HIGH
CVE-2021-28822,0.1856511390683441,0.0,0.4369335908483138,0.004051412982402262,0.0003557574201828346,8.8,HIGH
CVE-2021-42835,0.1856511390683441,0.0,0.4369335908483138,0.004051412982402261,0.0003557574201828346,7.0,HIGH
CVE-2021-39816,0.1856511390683441,0.0,0.4369335908483138,0.004051412982402253,0.0003557574201828346,7.8,HIGH
CVE-2021-42107,0.1856511390683441,0.0,0.4369335908483138,0.004051412982402259,0.0003557574201828346,7.8,HIGH
CVE-2021-26613,0.1856511390683441,0.0,0.4369335908483138,0.004051412982402261,0.0003557574201828346,8.1,HIGH
CVE-2021-34950,0.1856511390683441,0.0,0.4369335908483138,0.004051412982402263,0.0003557574201828346,7.8,HIGH
CVE-2021-34953,0.1856511390683441,0.0,0.4369335908483138,0.004051412982402264,0.0003557574201828346,7.8,HIGH
CVE-2021-36004,0.1856511390683441,0.0,0.4369335908483138,0.004051412982402261,0.0003557574201828346,8.8,HIGH
CVE-2021-36059,0.1856511390683441,0.0,0.4369335908483138,0.004051412982402265,0.0003557574201828346,7.8,HIGH
CVE-2021-40752,0.1856511390683441,0.0,0.4369335908483138,0.004051412982402264,0.0003557574201828346,7.8,HIGH
CVE-2021-28592,0.1856511390683441,0.0,0.4369335908483138,0.004051412982402256,0.0003557574201828346,7.8,HIGH
CVE-2021-31435,0.1856511390683441,0.0,0.4369335908483138,0.004051412982402258,0.0003557574201828346,7.8,HIGH
CVE-2021-27269,0.1856511390683441,0.0,0.4369335908483138,0.004051412982402262,0.0003557574201828346,7.8,HIGH
CVE-2021-28622,0.1856511390683441,0.0,0.4369335908483138,0.004051412982402262,0.0003557574201828346,7.8,HIGH
CVE-2021-32463,0.1856511390683441,0.0,0.4369335908483138,0.004051412982402254,0.0003557574201828346,7.8,HIGH
CVE-2021-28820,0.1856511390683441,0.0,0.4369335908483138,0.004051412982402259,0.0003557574201828346,8.8,HIGH
CVE-2021-28602,0.1856511390683441,0.0,0.4369335908483138,0.004051412982402257,0.0003557574201828346,7.8,HIGH
CVE-2021-34958,0.1856511390683441,0.0,0.4369335908483138,0.004051412982402258,0.0003557574201828346,7.8,HIGH
CVE-2021-36000,0.1856511390683441,0.0,0.4369335908483138,0.004051412982402265,0.0003557574201828346,7.8,HIGH
CVE-2021-31453,0.1856511390683441,0.0,0.4369335908483138,0.00405141298240226,0.0003557574201828346,7.8,HIGH
CVE-2021-31472,0.1856511390683441,0.0,0.4369335908483138,0.004051412982402258,0.0003557574201828346,7.8,HIGH
CVE-2021-42990,0.1856511390683441,0.0,0.4369335908483138,0.004051412982402261,0.0003557574201828346,8.8,HIGH
CVE-2021-40710,0.1856511390683441,0.0,0.4369335908483138,0.004051412982402265,0.0003557574201828346,7.8,HIGH
CVE-2021-40771,0.1856511390683441,0.0,0.4369335908483138,0.004051412982402261,0.0003557574201828346,7.8,HIGH
CVE-2021-27892,0.1856511390683441,0.0,0.4369335908483138,0.00405141298240226,0.0003557574201828346,7.8,HIGH
CVE-2021-42713,0.1856511390683441,0.0,0.4369335908483138,0.004051412982402261,0.0003557574201828346,7.8,HIGH
CVE-2021-34962,0.1856511390683441,0.0,0.4369335908483138,0.004051412982402253,0.0003557574201828346,7.8,HIGH
CVE-2021-42923,0.1856511390683441,0.0,0.4369335908483138,0.004051412982402254,0.0003557574201828346,7.3,HIGH
CVE-2021-21101,0.1856511390683441,0.0,0.4369335908483138,0.004051412982402255,0.0003557574201828346,8.8,HIGH
CVE-2021-21052,0.1856511390683441,0.0,0.4369335908483138,0.004051412982402258,0.0003557574201828346,7.8,HIGH
CVE-2021-29645,0.1856511390683441,0.0,0.4369335908483138,0.004051412982402261,0.0003557574201828346,7.0,HIGH
CVE-2021-40775,0.1856511390683441,0.0,0.4369335908483138,0.004051412982402258,0.0003557574201828346,7.8,HIGH
CVE-2021-34838,0.1856511390683441,0.0,0.4369335908483138,0.00405141298240226,0.0003557574201828346,7.8,HIGH
CVE-2021-42714,0.1856511390683441,0.0,0.4369335908483138,0.004051412982402262,0.0003557574201828346,7.8,HIGH
CVE-2021-40784,0.1856511390683441,0.0,0.4369335908483138,0.004051412982402262,0.0003557574201828346,7.8,HIGH
CVE-2021-39829,0.1856511390683441,0.0,0.4369335908483138,0.004051412982402259,0.0003557574201828346,7.8,HIGH
CVE-2021-43325,0.1856511390683441,0.0,0.4369335908483138,0.004051412982402258,0.0003557574201828346,7.8,HIGH
CVE-2021-28817,0.1856511390683441,0.0,0.4369335908483138,0.00405141298240226,0.0003557574201828346,8.8,HIGH
CVE-2021-43028,0.1856511390683441,0.0,0.4369335908483138,0.004051412982402259,0.0003557574201828346,7.8,HIGH
CVE-2021-34963,0.1856511390683441,0.0,0.4369335908483138,0.004051412982402259,0.0003557574201828346,7.8,HIGH
CVE-2021-34833,0.1856511390683441,0.0,0.4369335908483138,0.0040514129824022645,0.0003557574201828346,7.8,HIGH
CVE-2021-28605,0.1856511390683441,0.0,0.4369335908483138,0.004051412982402263,0.0003557574201828346,7.8,HIGH
CVE-2021-34851,0.1856511390683441,0.0,0.4369335908483138,0.0040514129824022575,0.0003557574201828346,7.8,HIGH
CVE-2021-40770,0.1856511390683441,0.0,0.4369335908483138,0.004051412982402267,0.0003557574201828346,7.8,HIGH
CVE-2021-42993,0.1856511390683441,0.0,0.4369335908483138,0.004051412982402267,0.0003557574201828346,8.8,HIGH
CVE-2021-34846,0.1856511390683441,0.0,0.4369335908483138,0.004051412982402265,0.0003557574201828346,7.8,HIGH
CVE-2021-34975,0.1856511390683441,0.0,0.4369335908483138,0.004051412982402257,0.0003557574201828346,7.8,HIGH
CVE-2021-31459,0.1856511390683441,0.0,0.4369335908483138,0.004051412982402258,0.0003557574201828346,7.8,HIGH
CVE-2021-28821,0.1856511390683441,0.0,0.4369335908483138,0.004051412982402261,0.0003557574201828346,8.8,HIGH
CVE-2021-26642,0.1856511390683441,0.0,0.4369335908483138,0.004051412982402258,0.0003557574201828346,8.8,HIGH
CVE-2021-3606,0.1856511390683441,0.0,0.4369335908483138,0.004051412982402268,0.0003557574201828346,7.8,HIGH
CVE-2021-42730,0.1856511390683441,0.0,0.4369335908483138,0.004051412982402264,0.0003557574201828346,7.8,HIGH
CVE-2021-41635,0.1856511390683441,0.0,0.4369335908483138,0.004051412982402261,0.0003557574201828346,8.8,HIGH
CVE-2021-43747,0.1856511390683441,0.0,0.4369335908483138,0.004051412982402256,0.0003557574201828346,7.8,HIGH
CVE-2021-31466,0.1856511390683441,0.0,0.4369335908483138,0.004051412982402258,0.0003557574201828346,7.8,HIGH
CVE-2021-43800,0.1856511390683441,0.0,0.4369335908483138,0.004051412982402257,0.0003557574201828346,7.5,HIGH
CVE-2021-26622,0.1856511390683441,0.0,0.4369335908483138,0.00405141298240226,0.0003557574201828346,9.6,CRITICAL
CVE-2021-34841,0.1856511390683441,0.0,0.4369335908483138,0.004051412982402264,0.0003557574201828346,7.8,HIGH
CVE-2021-40783,0.1856511390683441,0.0,0.4369335908483138,0.00405141298240226,0.0003557574201828346,7.8,HIGH
CVE-2021-43023,0.1856511390683441,0.0,0.4369335908483138,0.00405141298240226,0.0003557574201828346,7.8,HIGH
CVE-2021-21056,0.1856511390683441,0.0,0.4369335908483138,0.0040514129824022575,0.0003557574201828346,7.8,HIGH
CVE-2021-42723,0.1856511390683441,0.0,0.4369335908483138,0.004051412982402265,0.0003557574201828346,7.8,HIGH
CVE-2021-43026,0.1856511390683441,0.0,0.4369335908483138,0.0040514129824022575,0.0003557574201828346,7.8,HIGH
CVE-2021-25261,0.1856511390683441,0.0,0.4369335908483138,0.004051412982402256,0.0003557574201828346,7.8,HIGH
CVE-2021-28610,0.1856511390683441,0.0,0.4369335908483138,0.004051412982402262,0.0003557574201828346,7.8,HIGH
CVE-2021-43024,0.1856511390683441,0.0,0.4369335908483138,0.004051412982402262,0.0003557574201828346,7.8,HIGH
CVE-2021-40827,0.1856511390683441,0.0,0.4369335908483138,0.00405141298240226,0.0003557574201828346,7.8,HIGH
CVE-2021-28621,0.1856511390683441,0.0,0.4369335908483138,0.004051412982402264,0.0003557574201828346,7.8,HIGH
CVE-2021-32466,0.1856511390683441,0.0,0.4369335908483138,0.0040514129824022645,0.0003557574201828346,7.0,HIGH
CVE-2021-31436,0.1856511390683441,0.0,0.4369335908483138,0.004051412982402258,0.0003557574201828346,7.8,HIGH
CVE-2021-27268,0.1856511390683441,0.0,0.4369335908483138,0.0040514129824022575,0.0003557574201828346,7.8,HIGH
CVE-2021-31433,0.1856511390683441,0.0,0.4369335908483138,0.004051412982402257,0.0003557574201828346,7.8,HIGH
CVE-2021-31451,0.1856511390683441,0.0,0.4369335908483138,0.004051412982402257,0.0003557574201828346,7.8,HIGH
CVE-2021-42738,0.1856511390683441,0.0,0.4369335908483138,0.004051412982402258,0.0003557574201828346,7.8,HIGH
CVE-2021-23175,0.1856511390683441,0.0,0.4369335908483138,0.004051412982402265,0.0003557574201828346,8.2,HIGH
CVE-2021-26626,0.1856511390683441,0.0,0.4369335908483138,0.00405141298240226,0.0003557574201828346,8.1,HIGH
CVE-2021-26623,0.1856511390683441,0.0,0.4369335908483138,0.004051412982402257,0.0003557574201828346,7.8,HIGH
CVE-2021-41783,0.1856511390683441,0.0,0.4369335908483138,0.004051412982402256,0.0003557574201828346,7.8,HIGH
CVE-2021-34842,0.1856511390683441,0.0,0.4369335908483138,0.004051412982402256,0.0003557574201828346,7.8,HIGH
CVE-2021-31844,0.1856511390683441,0.0,0.4369335908483138,0.004051412982402259,0.0003557574201828346,8.2,HIGH
CVE-2021-36009,0.1856511390683441,0.0,0.4369335908483138,0.004051412982402253,0.0003557574201828346,7.8,HIGH
CVE-2021-27893,0.1856511390683441,0.0,0.4369335908483138,0.004051412982402256,0.0003557574201828346,7.0,HIGH
CVE-2021-41780,0.1856511390683441,0.0,0.4369335908483138,0.004051412982402259,0.0003557574201828346,7.8,HIGH
CVE-2021-26677,0.1856511390683441,0.0,0.4369335908483138,0.004051412982402259,0.0003557574201828346,7.8,HIGH
CVE-2021-42524,0.1856511390683441,0.0,0.4369335908483138,0.004051412982402261,0.0003557574201828346,7.8,HIGH
CVE-2021-22117,0.1856511390683441,0.0,0.4369335908483138,0.004051412982402258,0.0003557574201828346,7.8,HIGH
CVE-2021-28596,0.1856511390683441,0.0,0.4369335908483138,0.004051412982402255,0.0003557574201828346,7.8,HIGH
CVE-2021-21071,0.1856511390683441,0.0,0.4369335908483138,0.004051412982402256,0.0003557574201828346,7.8,HIGH
CVE-2021-32461,0.1856511390683441,0.0,0.4369335908483138,0.004051412982402261,0.0003557574201828346,7.8,HIGH
CVE-2021-45441,0.1856511390683441,0.0,0.4369335908483138,0.004051412982402262,0.0003557574201828346,7.8,HIGH
CVE-2021-21094,0.1856511390683441,0.0,0.4369335908483138,0.004051412982402257,0.0003557574201828346,7.8,HIGH
CVE-2021-35245,0.1856511390683441,0.0,0.4369335908483138,0.004051412982402263,0.0003557574201828346,8.4,HIGH
CVE-2021-28825,0.1856511390683441,0.0,0.4369335908483138,0.004051412982402257,0.0003557574201828346,8.8,HIGH
CVE-2021-42955,0.1856511390683441,0.0,0.4369335908483138,0.004051412982402252,0.0003557574201828346,7.3,HIGH
CVE-2021-0510,0.07956477388643318,3.3314156731677426e-06,0.3839425587467363,0.00010417412032543963,0.0003556494921485713,7.8,HIGH
CVE-2021-0933,0.07956477388643318,3.3314156731677426e-06,0.3839425587467363,0.00010417412032543737,0.0003556494921485713,8.0,HIGH
CVE-2021-0631,0.07956477388643318,3.3314156731677426e-06,0.3839425587467363,0.0001041741203254365,0.0003556494921485713,7.5,HIGH
CVE-2021-0965,0.07956477388643318,3.3314156731677426e-06,0.3839425587467363,0.00010417412032543884,0.0003556494921485713,8.8,HIGH
CVE-2021-0317,0.07956477388643318,3.3314156731677426e-06,0.3839425587467363,0.00010417412032543731,0.0003556494921485713,7.8,HIGH
CVE-2021-0522,0.07956477388643318,3.3314156731677426e-06,0.3839425587467363,0.00010417412032543645,0.0003556494921485713,7.5,HIGH
CVE-2021-0889,0.07956477388643318,3.3314156731677426e-06,0.3839425587467363,0.00010417412032543909,0.0003556494921485713,9.8,CRITICAL
CVE-2021-25478,0.07956477388643318,3.3314156731677426e-06,0.3839425587467363,0.00010417412032543894,0.0003556494921485713,7.2,HIGH
CVE-2021-1036,0.07956477388643318,3.3314156731677426e-06,0.3839425587467363,0.00010417412032543966,0.0003556494921485713,7.8,HIGH
CVE-2021-0870,0.07956477388643318,3.3314156731677426e-06,0.3839425587467363,0.00010417412032543689,0.0003556494921485713,8.1,HIGH
CVE-2021-0675,0.07956477388643318,3.3314156731677426e-06,0.3839425587467363,0.0001041741203254413,0.0003556494921485713,7.8,HIGH
CVE-2021-0514,0.07956477388643318,3.3314156731677426e-06,0.3839425587467363,0.00010417412032543943,0.0003556494921485713,8.1,HIGH
CVE-2021-0437,0.07956477388643318,3.3314156731677426e-06,0.3839425587467363,0.00010417412032543883,0.0003556494921485713,7.8,HIGH
CVE-2021-0600,0.07956477388643318,3.3314156731677426e-06,0.3839425587467363,0.0001041741203254402,0.0003556494921485713,7.8,HIGH
CVE-2021-0926,0.07956477388643318,3.3314156731677426e-06,0.3839425587467363,0.00010417412032544017,0.0003556494921485713,7.8,HIGH
CVE-2021-25428,0.07956477388643318,3.3314156731677426e-06,0.3839425587467363,0.00010417412032543762,0.0003556494921485713,7.8,HIGH
CVE-2021-0953,0.07956477388643318,3.3314156731677426e-06,0.3839425587467363,0.00010417412032543788,0.0003556494921485713,7.8,HIGH
CVE-2021-0930,0.07956477388643318,3.3314156731677426e-06,0.3839425587467363,0.00010417412032543907,0.0003556494921485713,8.8,HIGH
CVE-2021-25407,0.07956477388643318,3.3314156731677426e-06,0.3839425587467363,0.00010417412032543631,0.0003556494921485713,7.8,HIGH
CVE-2021-0516,0.07956477388643318,3.3314156731677426e-06,0.3839425587467363,0.00010417412032543598,0.0003556494921485713,9.8,CRITICAL
CVE-2021-0508,0.07956477388643318,3.3314156731677426e-06,0.3839425587467363,0.00010417412032544131,0.0003556494921485713,7.0,HIGH
CVE-2021-0315,0.07956477388643318,3.3314156731677426e-06,0.3839425587467363,0.00010417412032544025,0.0003556494921485713,7.3,HIGH
CVE-2021-0473,0.07956477388643318,3.3314156731677426e-06,0.3839425587467363,0.00010417412032543764,0.0003556494921485713,8.8,HIGH
CVE-2021-39625,0.07956477388643318,3.3314156731677426e-06,0.3839425587467363,0.00010417412032543796,0.0003556494921485713,7.3,HIGH
CVE-2021-0652,0.07956477388643318,3.3314156731677426e-06,0.3839425587467363,0.00010417412032543718,0.0003556494921485713,7.8,HIGH
CVE-2021-0306,0.07956477388643318,3.3314156731677426e-06,0.3839425587467363,0.00010417412032543868,0.0003556494921485713,7.8,HIGH
CVE-2021-1039,0.07956477388643318,3.3314156731677426e-06,0.3839425587467363,0.00010417412032543884,0.0003556494921485713,7.8,HIGH
CVE-2021-0692,0.07956477388643318,3.3314156731677426e-06,0.3839425587467363,0.00010417412032543863,0.0003556494921485713,7.8,HIGH
CVE-2021-39618,0.07956477388643318,3.3314156731677426e-06,0.3839425587467363,0.00010417412032543786,0.0003556494921485713,7.8,HIGH
CVE-2021-0683,0.07956477388643318,3.3314156731677426e-06,0.3839425587467363,0.00010417412032543825,0.0003556494921485713,7.8,HIGH
CVE-2021-25408,0.07956477388643318,3.3314156731677426e-06,0.3839425587467363,0.00010417412032543762,0.0003556494921485713,7.8,HIGH
CVE-2021-0396,0.07956477388643318,3.3314156731677426e-06,0.3839425587467363,0.00010417412032543536,0.0003556494921485713,9.8,CRITICAL
CVE-2021-0391,0.07956477388643318,3.3314156731677426e-06,0.3839425587467363,0.00010417412032544032,0.0003556494921485713,7.8,HIGH
CVE-2021-0328,0.07956477388643318,3.3314156731677426e-06,0.3839425587467363,0.00010417412032543947,0.0003556494921485713,7.8,HIGH
CVE-2021-0515,0.07956477388643318,3.3314156731677426e-06,0.3839425587467363,0.00010417412032543853,0.0003556494921485713,9.8,CRITICAL
CVE-2021-0333,0.07956477388643318,3.3314156731677426e-06,0.3839425587467363,0.00010417412032543959,0.0003556494921485713,7.3,HIGH
CVE-2021-25426,0.07956477388643318,3.3314156731677426e-06,0.3839425587467363,0.00010417412032543943,0.0003556494921485713,7.5,HIGH
CVE-2021-0476,0.07956477388643318,3.3314156731677426e-06,0.3839425587467363,0.00010417412032543733,0.0003556494921485713,7.0,HIGH
CVE-2021-0318,0.07956477388643318,3.3314156731677426e-06,0.3839425587467363,0.0001041741203254379,0.0003556494921485713,7.8,HIGH
CVE-2021-25414,0.07956477388643318,3.3314156731677426e-06,0.3839425587467363,0.00010417412032543775,0.0003556494921485713,7.8,HIGH
CVE-2021-0390,0.07956477388643318,3.3314156731677426e-06,0.3839425587467363,0.00010417412032543703,0.0003556494921485713,7.8,HIGH
CVE-2021-0507,0.07956477388643318,3.3314156731677426e-06,0.3839425587467363,0.00010417412032543842,0.0003556494921485713,8.8,HIGH
CVE-2021-0967,0.07956477388643318,3.3314156731677426e-06,0.3839425587467363,0.00010417412032543688,0.0003556494921485713,8.8,HIGH
CVE-2021-0433,0.07956477388643318,3.3314156731677426e-06,0.3839425587467363,0.00010417412032543711,0.0003556494921485713,8.0,HIGH
CVE-2021-0963,0.07956477388643318,3.3314156731677426e-06,0.3839425587467363,0.00010417412032543787,0.0003556494921485713,7.1,HIGH
CVE-2021-0970,0.07956477388643318,3.3314156731677426e-06,0.3839425587467363,0.00010417412032543603,0.0003556494921485713,7.8,HIGH
CVE-2021-0316,0.07956477388643318,3.3314156731677426e-06,0.3839425587467363,0.00010417412032543554,0.0003556494921485713,9.8,CRITICAL
CVE-2021-0684,0.07956477388643318,3.3314156731677426e-06,0.3839425587467363,0.00010417412032543513,0.0003556494921485713,7.8,HIGH
CVE-2021-0351,0.07956477388643318,3.3314156731677426e-06,0.3839425587467363,0.0001041741203254403,0.0003556494921485713,7.5,HIGH
CVE-2021-0478,0.07956477388643318,3.3314156731677426e-06,0.3839425587467363,0.00010417412032543692,0.0003556494921485713,7.8,HIGH
CVE-2021-0334,0.07956477388643318,3.3314156731677426e-06,0.3839425587467363,0.00010417412032543979,0.0003556494921485713,7.8,HIGH
CVE-2021-25387,0.07956477388643318,3.3314156731677426e-06,0.3839425587467363,0.00010417412032543958,0.0003556494921485713,9.0,CRITICAL
CVE-2021-0598,0.07956477388643318,3.3314156731677426e-06,0.3839425587467363,0.00010417412032543964,0.0003556494921485713,7.3,HIGH
CVE-2021-0330,0.07956477388643318,3.3314156731677426e-06,0.3839425587467363,0.00010417412032543669,0.0003556494921485713,7.8,HIGH
CVE-2021-0481,0.07956477388643318,3.3314156731677426e-06,0.3839425587467363,0.00010417412032543578,0.0003556494921485713,7.8,HIGH
CVE-2021-1040,0.07956477388643318,3.3314156731677426e-06,0.3839425587467363,0.00010417412032543815,0.0003556494921485713,7.8,HIGH
CVE-2021-0392,0.07956477388643318,3.3314156731677426e-06,0.3839425587467363,0.00010417412032543966,0.0003556494921485713,7.8,HIGH
CVE-2021-0431,0.07956477388643318,3.3314156731677426e-06,0.3839425587467363,0.00010417412032543725,0.0003556494921485713,7.5,HIGH
CVE-2021-0513,0.07956477388643318,3.3314156731677426e-06,0.3839425587467363,0.00010417412032544151,0.0003556494921485713,7.8,HIGH
CVE-2021-0688,0.07956477388643318,3.3314156731677426e-06,0.3839425587467363,0.00010417412032543733,0.0003556494921485713,7.0,HIGH
CVE-2021-25385,0.07956477388643318,3.3314156731677426e-06,0.3839425587467363,0.00010417412032543807,0.0003556494921485713,9.0,CRITICAL
CVE-2021-0589,0.07956477388643318,3.3314156731677426e-06,0.3839425587467363,0.00010417412032543731,0.0003556494921485713,7.8,HIGH
CVE-2021-0928,0.07956477388643318,3.3314156731677426e-06,0.3839425587467363,0.0001041741203254379,0.0003556494921485713,7.8,HIGH
CVE-2021-30162,0.07956477388643318,3.3314156731677426e-06,0.3839425587467363,0.00010417412032543852,0.0003556494921485713,7.1,HIGH
CVE-2021-0519,0.07956477388643318,3.3314156731677426e-06,0.3839425587467363,0.00010417412032543661,0.0003556494921485713,7.8,HIGH
CVE-2021-39629,0.07956477388643318,3.3314156731677426e-06,0.3839425587467363,0.00010417412032543821,0.0003556494921485713,7.0,HIGH
CVE-2021-0591,0.07956477388643318,3.3314156731677426e-06,0.3839425587467363,0.00010417412032543746,0.0003556494921485713,7.3,HIGH
CVE-2021-0511,0.07956477388643318,3.3314156731677426e-06,0.3839425587467363,0.0001041741203254377,0.0003556494921485713,7.8,HIGH
CVE-2021-25384,0.07956477388643318,3.3314156731677426e-06,0.3839425587467363,0.00010417412032543776,0.0003556494921485713,9.0,CRITICAL
CVE-2021-25470,0.07956477388643318,3.3314156731677426e-06,0.3839425587467363,0.00010417412032544017,0.0003556494921485713,7.9,HIGH
CVE-2021-0586,0.07956477388643318,3.3314156731677426e-06,0.3839425587467363,0.00010417412032544004,0.0003556494921485713,7.8,HIGH
CVE-2021-25502,0.07956477388643318,3.3314156731677426e-06,0.3839425587467363,0.00010417412032543547,0.0003556494921485713,7.9,HIGH
CVE-2021-25383,0.07956477388643318,3.3314156731677426e-06,0.3839425587467363,0.00010417412032544099,0.0003556494921485713,9.0,CRITICAL
CVE-2021-0640,0.07956477388643318,3.3314156731677426e-06,0.3839425587467363,0.00010417412032543647,0.0003556494921485713,7.8,HIGH
CVE-2021-0435,0.07956477388643318,3.3314156731677426e-06,0.3839425587467363,0.00010417412032543684,0.0003556494921485713,7.5,HIGH
CVE-2021-0319,0.07956477388643318,3.3314156731677426e-06,0.3839425587467363,0.00010417412032543752,0.0003556494921485713,7.3,HIGH
CVE-2021-25479,0.07956477388643318,3.3314156731677426e-06,0.3839425587467363,0.00010417412032543893,0.0003556494921485713,7.2,HIGH
CVE-2021-25386,0.07956477388643318,3.3314156731677426e-06,0.3839425587467363,0.00010417412032543848,0.0003556494921485713,9.0,CRITICAL
CVE-2021-0336,0.07956477388643318,3.3314156731677426e-06,0.3839425587467363,0.0001041741203254389,0.0003556494921485713,7.8,HIGH
CVE-2021-39621,0.07956477388643318,3.3314156731677426e-06,0.3839425587467363,0.0001041741203254386,0.0003556494921485713,7.8,HIGH
CVE-2021-0587,0.07956477388643318,3.3314156731677426e-06,0.3839425587467363,0.00010417412032543677,0.0003556494921485713,7.8,HIGH
CVE-2021-0393,0.07956477388643318,3.3314156731677426e-06,0.3839425587467363,0.00010417412032544035,0.0003556494921485713,7.8,HIGH
CVE-2021-0509,0.07956477388643318,3.3314156731677426e-06,0.3839425587467363,0.00010417412032543776,0.0003556494921485713,7.0,HIGH
CVE-2021-0630,0.07956477388643318,3.3314156731677426e-06,0.3839425587467363,0.00010417412032543821,0.0003556494921485713,7.5,HIGH
CVE-2021-0434,0.07956477388643318,3.3314156731677426e-06,0.3839425587467363,0.00010417412032543776,0.0003556494921485713,7.3,HIGH
CVE-2021-0327,0.07956477388643318,3.3314156731677426e-06,0.3839425587467363,0.00010417412032543764,0.0003556494921485713,7.8,HIGH
CVE-2021-0397,0.07956477388643318,3.3314156731677426e-06,0.3839425587467363,0.00010417412032543993,0.0003556494921485713,9.8,CRITICAL
CVE-2021-0596,0.07956477388643318,3.3314156731677426e-06,0.3839425587467363,0.00010417412032543834,0.0003556494921485713,7.5,HIGH
CVE-2021-39626,0.07956477388643318,3.3314156731677426e-06,0.3839425587467363,0.00010417412032544165,0.0003556494921485713,7.8,HIGH
CVE-2021-0474,0.07956477388643318,3.3314156731677426e-06,0.3839425587467363,0.0001041741203254385,0.0003556494921485713,9.8,CRITICAL
CVE-2021-0646,0.07956477388643318,3.3314156731677426e-06,0.3839425587467363,0.00010417412032543914,0.0003556494921485713,7.8,HIGH
CVE-2021-0325,0.07956477388643318,3.3314156731677426e-06,0.3839425587467363,0.00010417412032543752,0.0003556494921485713,8.8,HIGH
CVE-2021-0927,0.07956477388643318,3.3314156731677426e-06,0.3839425587467363,0.00010417412032543811,0.0003556494921485713,7.8,HIGH
CVE-2021-0708,0.07956477388643318,3.3314156731677426e-06,0.3839425587467363,0.00010417412032543582,0.0003556494921485713,7.8,HIGH
CVE-2021-0506,0.07956477388643318,3.3314156731677426e-06,0.3839425587467363,0.00010417412032543795,0.0003556494921485713,7.3,HIGH
CVE-2021-0313,0.07956477388643318,3.3314156731677426e-06,0.3839425587467363,0.0001041741203254392,0.0003556494921485713,7.5,HIGH
CVE-2021-0477,0.07956477388643318,3.3314156731677426e-06,0.3839425587467363,0.00010417412032543907,0.0003556494921485713,7.8,HIGH
CVE-2021-0337,0.07956477388643318,3.3314156731677426e-06,0.3839425587467363,0.00010417412032543784,0.0003556494921485713,7.8,HIGH
CVE-2021-0593,0.07956477388643318,3.3314156731677426e-06,0.3839425587467363,0.00010417412032543933,0.0003556494921485713,7.8,HIGH
CVE-2021-0594,0.07956477388643318,3.3314156731677426e-06,0.3839425587467363,0.00010417412032543979,0.0003556494921485713,8.0,HIGH
CVE-2021-0595,0.07956477388643318,3.3314156731677426e-06,0.3839425587467363,0.00010417412032543594,0.0003556494921485713,7.8,HIGH
CVE-2021-0472,0.07956477388643318,3.3314156731677426e-06,0.3839425587467363,0.00010417412032544103,0.0003556494921485713,7.8,HIGH
CVE-2021-0341,0.07956477388643318,3.3314156731677426e-06,0.3839425587467363,0.00010417412032543504,0.0003556494921485713,7.5,HIGH
CVE-2021-0968,0.07956477388643318,3.3314156731677426e-06,0.3839425587467363,0.0001041741203254399,0.0003556494921485713,8.8,HIGH
CVE-2021-0329,0.07956477388643318,3.3314156731677426e-06,0.3839425587467363,0.00010417412032543578,0.0003556494921485713,7.8,HIGH
CVE-2021-0429,0.07956477388643318,3.3314156731677426e-06,0.3839425587467363,0.00010417412032543882,0.0003556494921485713,7.8,HIGH
CVE-2021-39623,0.07956477388643318,3.3314156731677426e-06,0.3839425587467363,0.00010417412032543836,0.0003556494921485713,9.8,CRITICAL
CVE-2021-0331,0.07956477388643318,3.3314156731677426e-06,0.3839425587467363,0.00010417412032543861,0.0003556494921485713,7.3,HIGH
CVE-2021-39627,0.07956477388643318,3.3314156731677426e-06,0.3839425587467363,0.00010417412032543963,0.0003556494921485713,7.8,HIGH
CVE-2021-25356,0.07956477388643318,3.3314156731677426e-06,0.3839425587467363,0.00010417412032543792,0.0003556494921485713,7.1,HIGH
CVE-2021-20190,0.11118667120027202,0.0009805800278593268,0.5074189095928227,0.015621620558978212,0.00035366371051135965,8.1,HIGH
CVE-2021-1368,0.004080244814688882,0.00302754535088557,0.37589468302658485,6.901416904508102e-05,0.0003529734770744557,8.8,HIGH
CVE-2021-39692,0.07888473308398504,2.2641372003022886e-06,0.38369210697977824,0.00010389947397866501,0.00035273817506790436,7.8,HIGH
CVE-2021-0430,0.07888473308398504,2.2641372003022886e-06,0.38369210697977824,0.00010389947397866545,0.00035273817506790436,9.8,CRITICAL
CVE-2021-39622,0.07888473308398504,2.2641372003022886e-06,0.38369210697977824,0.00010389947397866479,0.00035273817506790436,7.8,HIGH
CVE-2021-39704,0.07888473308398504,2.2641372003022886e-06,0.38369210697977824,0.0001038994739786626,0.00035273817506790436,7.8,HIGH
CVE-2021-0611,0.07888473308398504,2.2641372003022886e-06,0.38369210697977824,0.00010389947397866238,0.00035273817506790436,7.8,HIGH
CVE-2021-0610,0.07888473308398504,2.2641372003022886e-06,0.38369210697977824,0.0001038994739786645,0.00035273817506790436,7.8,HIGH
CVE-2021-39807,0.07888473308398504,2.2641372003022886e-06,0.38369210697977824,0.00010389947397866335,0.00035273817506790436,7.8,HIGH
CVE-2021-25485,0.07888473308398504,2.2641372003022886e-06,0.38369210697977824,0.00010389947397866562,0.00035273817506790436,7.5,HIGH
CVE-2021-0981,0.07888473308398504,2.2641372003022886e-06,0.38369210697977824,0.00010389947397866577,0.00035273817506790436,7.8,HIGH
CVE-2021-0612,0.07888473308398504,2.2641372003022886e-06,0.38369210697977824,0.00010389947397866277,0.00035273817506790436,7.8,HIGH
CVE-2021-39707,0.07888473308398504,2.2641372003022886e-06,0.38369210697977824,0.00010389947397866569,0.00035273817506790436,7.8,HIGH
CVE-2021-39674,0.07888473308398504,2.2641372003022886e-06,0.38369210697977824,0.00010389947397866365,0.00035273817506790436,7.8,HIGH
CVE-2021-0332,0.07888473308398504,2.2641372003022886e-06,0.38369210697977824,0.00010389947397866716,0.00035273817506790436,7.8,HIGH
CVE-2021-25500,0.07888473308398504,2.2641372003022886e-06,0.38369210697977824,0.00010389947397866716,0.00035273817506790436,7.2,HIGH
CVE-2021-0483,0.07888473308398504,2.2641372003022886e-06,0.38369210697977824,0.00010389947397866277,0.00035273817506790436,7.8,HIGH
CVE-2021-0307,0.07888473308398504,2.2641372003022886e-06,0.38369210697977824,0.00010389947397866203,0.00035273817506790436,7.8,HIGH
CVE-2021-0520,0.07888473308398504,2.2641372003022886e-06,0.38369210697977824,0.00010389947397866231,0.00035273817506790436,7.0,HIGH
CVE-2021-39809,0.07888473308398504,2.2641372003022886e-06,0.38369210697977824,0.00010389947397866612,0.00035273817506790436,7.5,HIGH
CVE-2021-39706,0.07888473308398504,2.2641372003022886e-06,0.38369210697977824,0.00010389947397866331,0.00035273817506790436,7.8,HIGH
CVE-2021-0486,0.07888473308398504,2.2641372003022886e-06,0.38369210697977824,0.00010389947397866468,0.00035273817506790436,7.8,HIGH
CVE-2021-0954,0.07888473308398504,2.2641372003022886e-06,0.38369210697977824,0.00010389947397866444,0.00035273817506790436,7.3,HIGH
CVE-2021-0705,0.07888473308398504,2.2641372003022886e-06,0.38369210697977824,0.00010389947397866479,0.00035273817506790436,7.8,HIGH
CVE-2021-39808,0.07888473308398504,2.2641372003022886e-06,0.38369210697977824,0.00010389947397866518,0.00035273817506790436,7.8,HIGH
CVE-2021-25361,0.07888473308398504,2.2641372003022886e-06,0.38369210697977824,0.00010389947397866121,0.00035273817506790436,7.9,HIGH
CVE-2021-0523,0.07888473308398504,2.2641372003022886e-06,0.38369210697977824,0.00010389947397866673,0.00035273817506790436,7.3,HIGH
CVE-2021-39691,0.07888473308398504,2.2641372003022886e-06,0.38369210697977824,0.00010389947397866525,0.00035273817506790436,7.3,HIGH
CVE-2021-0475,0.07888473308398504,2.2641372003022886e-06,0.38369210697977824,0.00010389947397866483,0.00035273817506790436,8.8,HIGH
CVE-2021-25517,0.07888473308398504,2.2641372003022886e-06,0.38369210697977824,0.00010389947397866283,0.00035273817506790436,7.7,HIGH
CVE-2021-39738,0.07888473308398504,2.2641372003022886e-06,0.38369210697977824,0.0001038994739786618,0.00035273817506790436,7.8,HIGH
CVE-2021-0602,0.07888473308398504,2.2641372003022886e-06,0.38369210697977824,0.0001038994739786667,0.00035273817506790436,7.8,HIGH
CVE-2021-39696,0.07888473308398504,2.2641372003022886e-06,0.38369210697977824,0.00010389947397866474,0.00035273817506790436,7.8,HIGH
CVE-2021-0957,0.07888473308398504,2.2641372003022886e-06,0.38369210697977824,0.00010389947397866555,0.00035273817506790436,7.8,HIGH
CVE-2021-0673,0.07888473308398504,2.2641372003022886e-06,0.38369210697977824,0.00010389947397866127,0.00035273817506790436,7.8,HIGH
CVE-2021-39796,0.07888473308398504,2.2641372003022886e-06,0.38369210697977824,0.00010389947397866571,0.00035273817506790436,7.3,HIGH
CVE-2021-1528,0.0047602856171370285,2.080342359630633e-06,0.27284534743482697,1.1016390888254024e-06,0.0003520330863868681,7.8,HIGH
CVE-2021-1513,0.0047602856171370285,2.080342359630633e-06,0.27284534743482697,1.1016390888228666e-06,0.000352033086386868,7.5,HIGH
CVE-2021-20298,0.15028901734104047,0.0001806830866861255,0.5095287595287595,0.0248402514599322,0.0003509527638865391,7.5,HIGH
CVE-2021-20299,0.15028901734104047,0.0001806830866861255,0.5095287595287595,0.024840251459932204,0.0003509527638865391,7.5,HIGH
CVE-2021-28965,0.15776946616797008,4.8723815246162896e-05,0.5187863820779679,0.027138548134186827,0.0003490238543586273,7.5,HIGH
CVE-2021-32565,0.15062903774226455,0.0001626308577395868,0.5096170507710969,0.024791703351044914,0.00034845616250480375,7.5,HIGH
CVE-2021-35474,0.15062903774226455,0.0001626308577395868,0.5096170507710969,0.02479170335104491,0.00034845616250480375,9.8,CRITICAL
CVE-2021-32567,0.15062903774226455,0.0001626308577395868,0.5096170507710969,0.02479170335104491,0.00034845616250480375,7.5,HIGH
CVE-2021-32566,0.15062903774226455,0.0001626308577395868,0.5096170507710969,0.024791703351044907,0.00034845616250480375,7.5,HIGH
CVE-2021-35042,0.15776946616797008,2.462036993008298e-06,0.5188779110797459,0.02718326092679989,0.0003468411868976005,9.8,CRITICAL
CVE-2021-27379,0.15164909894593676,9.551097552223133e-05,0.5098821081830791,0.0250789846473176,0.00034621301405373534,7.8,HIGH
CVE-2021-21143,0.15776946616797008,3.42653534532502e-05,0.4998300475866757,0.025694281420745535,0.00034485619346402035,8.8,HIGH
CVE-2021-21154,0.15776946616797008,3.42653534532502e-05,0.4998300475866757,0.025694281420745535,0.00034485619346402035,9.6,CRITICAL
CVE-2021-21156,0.15776946616797008,3.42653534532502e-05,0.4998300475866757,0.02569428142074554,0.00034485619346402035,8.8,HIGH
CVE-2021-21146,0.15776946616797008,3.42653534532502e-05,0.4998300475866757,0.02569428142074553,0.00034485619346402035,9.6,CRITICAL
CVE-2021-21145,0.15776946616797008,3.42653534532502e-05,0.4998300475866757,0.02569428142074553,0.00034485619346402035,8.8,HIGH
CVE-2021-21151,0.15776946616797008,3.42653534532502e-05,0.4998300475866757,0.025694281420745528,0.00034485619346402035,9.6,CRITICAL
CVE-2021-21144,0.15776946616797008,3.42653534532502e-05,0.4998300475866757,0.02569428142074553,0.00034485619346402035,8.8,HIGH
CVE-2021-32273,0.1499489969398164,6.793674565561312e-05,0.509440498874069,0.024790053456282,0.00034444668310918786,7.8,HIGH
CVE-2021-32272,0.1499489969398164,6.793674565561312e-05,0.509440498874069,0.024790053456282022,0.00034444668310918786,7.8,HIGH
CVE-2021-36377,0.1564093845630738,0.0,0.5184205887537459,0.027059126952768582,0.0003439851460519748,7.5,HIGH
CVE-2021-41500,0.1564093845630738,0.0,0.5184205887537459,0.027059126952768582,0.0003439851460519748,7.5,HIGH
CVE-2021-32810,0.1564093845630738,0.0,0.5184205887537459,0.027059126952768586,0.0003439851460519748,9.8,CRITICAL
CVE-2021-38512,0.1564093845630738,0.0,0.5184205887537459,0.027059126952768586,0.0003439851460519748,7.5,HIGH
CVE-2021-28484,0.1564093845630738,0.0,0.5184205887537459,0.027059126952768586,0.0003439851460519748,7.5,HIGH
CVE-2021-25218,0.1564093845630738,0.0,0.5184205887537459,0.02705912695276859,0.0003439851460519748,7.5,HIGH
CVE-2021-45848,0.1564093845630738,0.0,0.5184205887537459,0.027059126952768586,0.0003439851460519748,7.5,HIGH
CVE-2021-44686,0.1564093845630738,0.0,0.5184205887537459,0.02705912695276859,0.0003439851460519748,7.5,HIGH
CVE-2021-3781,0.1564093845630738,0.0,0.5184205887537459,0.02705912695276858,0.0003439851460519748,9.9,CRITICAL
CVE-2021-32677,0.1564093845630738,0.0,0.5184205887537459,0.027059126952768586,0.0003439851460519748,8.2,HIGH
CVE-2021-1056,0.13736824209452567,0.0047962481612220205,0.5127266387726639,0.015985167406060274,0.00034220127485777487,7.1,HIGH
CVE-2021-0445,0.07582454947296838,2.096346298643894e-06,0.3833919958284448,0.00010255716195187204,0.00034064546601238964,7.8,HIGH
CVE-2021-1573,0.005780346820809249,0.002143584767363517,0.3752711496746204,6.912938910432098e-05,0.000339413087038404,8.6,HIGH
CVE-2021-34704,0.005780346820809249,0.002143584767363517,0.3752711496746204,6.912938910431982e-05,0.000339413087038404,8.6,HIGH
CVE-2021-22880,0.13362801768106086,0.0006555779265302821,0.49073919572834973,0.02247933178225476,0.0003384019071463237,7.5,HIGH
CVE-2021-43666,0.1499489969398164,2.201949413671127e-05,0.509440498874069,0.024791402117506838,0.00033735135607860947,7.5,HIGH
CVE-2021-44732,0.1499489969398164,2.201949413671127e-05,0.509440498874069,0.024791402117506852,0.00033735135607860947,9.8,CRITICAL
CVE-2021-36690,0.10540632437946278,0.0002005915678427233,0.4019956260251504,0.003951357064788686,0.0003370369092623943,7.5,HIGH
CVE-2021-40116,0.005440326419585175,0.0,0.27396367023754076,4.4398590024830315e-07,0.000336802076673613,8.6,HIGH
CVE-2021-40117,0.005440326419585175,0.0,0.27396367023754076,4.439859002485887e-07,0.000336802076673613,8.6,HIGH
CVE-2021-34762,0.005440326419585175,0.0,0.27396367023754076,4.439859002478185e-07,0.000336802076673613,8.1,HIGH
CVE-2021-34793,0.005440326419585175,0.0,0.27396367023754076,4.4398590024823004e-07,0.000336802076673613,8.6,HIGH
CVE-2021-1493,0.005440326419585175,0.0,0.27396367023754076,4.4398590024745046e-07,0.000336802076673613,8.5,HIGH
CVE-2021-40118,0.005440326419585175,0.0,0.27396367023754076,4.439859002476624e-07,0.000336802076673613,8.6,HIGH
CVE-2021-1445,0.005440326419585175,0.0,0.27396367023754076,4.439859002467263e-07,0.000336802076673613,8.6,HIGH
CVE-2021-1501,0.005440326419585175,0.0,0.27396367023754076,4.4398590024822766e-07,0.000336802076673613,8.6,HIGH
CVE-2021-34781,0.005440326419585175,0.0,0.27396367023754076,4.4398590024527517e-07,0.000336802076673613,8.6,HIGH
CVE-2021-1504,0.005440326419585175,0.0,0.27396367023754076,4.439859002468556e-07,0.000336802076673613,8.6,HIGH
CVE-2021-34792,0.005440326419585175,0.0,0.27396367023754076,4.439859002486757e-07,0.000336802076673613,8.6,HIGH
CVE-2021-34783,0.005440326419585175,0.0,0.27396367023754076,4.4398590024779065e-07,0.000336802076673613,8.6,HIGH
CVE-2021-42097,0.1499489969398164,7.105266081657964e-07,0.509440498874069,0.024813409332020638,0.0003360580399129487,8.0,HIGH
CVE-2021-23926,0.10778646718803128,0.0009509176713584969,0.466973642426167,0.015569000492524541,0.00033596307231052833,9.1,CRITICAL
CVE-2021-21261,0.1499489969398164,5.843875429045908e-08,0.509440498874069,0.024849732058310186,0.0003359441849307555,7.3,HIGH
CVE-2021-33038,0.14960897653859231,0.0,0.5093522687911327,0.024789543215261122,0.0003353345620040548,7.5,HIGH
CVE-2021-40516,0.14960897653859231,0.0,0.5093522687911327,0.024789543215261126,0.0003353345620040548,7.5,HIGH
CVE-2021-3918,0.14960897653859231,0.0,0.5093522687911327,0.024789543215261126,0.0003353345620040548,9.8,CRITICAL
CVE-2021-29509,0.14960897653859231,0.0,0.5093522687911327,0.024789543215261122,0.0003353345620040548,7.5,HIGH
CVE-2021-32862,0.14960897653859231,0.0,0.5093522687911327,0.024789543215261115,0.0003353345620040548,7.5,HIGH
CVE-2021-36052,0.14960897653859231,0.0,0.5093522687911327,0.024789543215261115,0.0003353345620040548,7.8,HIGH
CVE-2021-36047,0.14960897653859231,0.0,0.5093522687911327,0.024789543215261126,0.0003353345620040548,7.8,HIGH
CVE-2021-36055,0.14960897653859231,0.0,0.5093522687911327,0.024789543215261133,0.0003353345620040548,7.8,HIGH
CVE-2021-43400,0.14960897653859231,0.0,0.5093522687911327,0.024789543215261122,0.0003353345620040548,9.1,CRITICAL
CVE-2021-36048,0.14960897653859231,0.0,0.5093522687911327,0.024789543215261115,0.0003353345620040548,7.8,HIGH
CVE-2021-30130,0.14960897653859231,0.0,0.5093522687911327,0.024789543215261122,0.00033533456200405474,7.5,HIGH
CVE-2021-36369,0.14960897653859231,0.0,0.5093522687911327,0.024789543215261133,0.00033533456200405474,7.5,HIGH
CVE-2021-42532,0.14960897653859231,0.0,0.5093522687911327,0.024789543215261122,0.00033533456200405474,7.8,HIGH
CVE-2021-37789,0.14960897653859231,0.0,0.5093522687911327,0.02478954321526113,0.00033533456200405474,8.1,HIGH
CVE-2021-36064,0.14960897653859231,0.0,0.5093522687911327,0.024789543215261126,0.00033533456200405474,7.8,HIGH
CVE-2021-23518,0.14960897653859231,0.0,0.5093522687911327,0.02478954321526113,0.00033533456200405474,7.3,HIGH
CVE-2021-36046,0.14960897653859231,0.0,0.5093522687911327,0.024789543215261126,0.00033533456200405474,7.8,HIGH
CVE-2021-42771,0.14960897653859231,0.0,0.5093522687911327,0.024789543215261122,0.00033533456200405474,7.8,HIGH
CVE-2021-42529,0.14960897653859231,0.0,0.5093522687911327,0.02478954321526112,0.00033533456200405474,7.8,HIGH
CVE-2021-35472,0.14960897653859231,0.0,0.5093522687911327,0.024789543215261136,0.00033533456200405474,8.8,HIGH
CVE-2021-40874,0.14960897653859231,0.0,0.5093522687911327,0.024789543215261122,0.00033533456200405474,9.8,CRITICAL
CVE-2021-36050,0.14960897653859231,0.0,0.5093522687911327,0.02478954321526113,0.00033533456200405474,7.8,HIGH
CVE-2021-43304,0.14960897653859231,0.0,0.5093522687911327,0.024789543215261133,0.00033533456200405474,8.8,HIGH
CVE-2021-42530,0.14960897653859231,0.0,0.5093522687911327,0.024789543215261133,0.00033533456200405474,7.8,HIGH
CVE-2021-42388,0.14960897653859231,0.0,0.5093522687911327,0.02478954321526112,0.00033533456200405474,8.1,HIGH
CVE-2021-3805,0.14960897653859231,0.0,0.5093522687911327,0.02478954321526112,0.00033533456200405474,7.5,HIGH
CVE-2021-36051,0.14960897653859231,0.0,0.5093522687911327,0.024789543215261133,0.00033533456200405474,7.8,HIGH
CVE-2021-39847,0.14960897653859231,0.0,0.5093522687911327,0.024789543215261115,0.00033533456200405474,7.8,HIGH
CVE-2021-42531,0.14960897653859231,0.0,0.5093522687911327,0.024789543215261126,0.00033533456200405474,7.8,HIGH
CVE-2021-3803,0.14960897653859231,0.0,0.5093522687911327,0.024789543215261122,0.00033533456200405474,7.5,HIGH
CVE-2021-43305,0.14960897653859231,0.0,0.5093522687911327,0.024789543215261115,0.00033533456200405474,8.8,HIGH
CVE-2021-42387,0.14960897653859231,0.0,0.5093522687911327,0.024789543215261122,0.00033533456200405474,8.1,HIGH
CVE-2021-40330,0.14960897653859231,0.0,0.5093522687911327,0.024789543215261126,0.00033533456200405474,7.5,HIGH
CVE-2021-1387,0.0034002040122407345,2.3114915107007032e-07,0.2738616258497067,2.1986550106847346e-07,0.00033073608020746387,8.6,HIGH
CVE-2021-1588,0.0034002040122407345,2.3114915107007032e-07,0.2738616258497067,2.1986550106834561e-07,0.00033073608020746387,8.6,HIGH
CVE-2021-1587,0.0034002040122407345,2.3114915107007032e-07,0.2738616258497067,2.198655010691823e-07,0.00033073608020746387,8.6,HIGH
CVE-2021-22555,0.11254675280516832,0.0001684041831722868,0.41416701872975636,0.005756970396585646,0.0003305260677211737,8.3,HIGH
CVE-2021-3609,0.10676640598435906,0.00017040898581527984,0.41352643419572555,0.00504971028386175,0.0003284752391021668,7.0,HIGH
CVE-2021-20194,0.11492689561373683,0.00017566434934997518,0.4149851841399746,0.006224779279681205,0.0003249805811360306,7.8,HIGH
CVE-2021-39668,0.0717443046582795,8.341313127421704e-08,0.38264376788966953,0.00010080977320251775,0.0003240992167568883,7.8,HIGH
CVE-2021-39794,0.0717443046582795,8.341313127421704e-08,0.38264376788966953,0.00010080977320252211,0.0003240992167568883,7.8,HIGH
CVE-2021-39662,0.0717443046582795,8.341313127421704e-08,0.38264376788966953,0.0001008097732025201,0.0003240992167568883,7.8,HIGH
CVE-2021-39619,0.0717443046582795,8.341313127421704e-08,0.38264376788966953,0.00010080977320252099,0.0003240992167568883,7.8,HIGH
CVE-2021-39669,0.0717443046582795,8.341313127421704e-08,0.38264376788966953,0.00010080977320252271,0.0003240992167568883,7.8,HIGH
CVE-2021-39632,0.0717443046582795,8.341313127421704e-08,0.38264376788966953,0.0001008097732025214,0.0003240992167568883,7.8,HIGH
CVE-2021-39701,0.0717443046582795,8.341313127421704e-08,0.38264376788966953,0.00010080977320252114,0.0003240992167568883,7.8,HIGH
CVE-2021-39620,0.0717443046582795,8.341313127421704e-08,0.38264376788966953,0.00010080977320252055,0.0003240992167568883,7.8,HIGH
CVE-2021-0956,0.0717443046582795,8.341313127421704e-08,0.38264376788966953,0.0001008097732025198,0.0003240992167568883,9.8,CRITICAL
CVE-2021-39697,0.0717443046582795,8.341313127421704e-08,0.38264376788966953,0.00010080977320252134,0.0003240992167568883,7.8,HIGH
CVE-2021-3490,0.10540632437946278,0.00011380392279435281,0.39646805068751684,0.004614693971466689,0.00032368295187475723,7.8,HIGH
CVE-2021-3491,0.10540632437946278,0.00011380392279435281,0.39646805068751684,0.004614693971466686,0.00032368295187475723,7.8,HIGH
CVE-2021-3489,0.10540632437946278,0.00011380392279435281,0.39646805068751684,0.004614693971466687,0.00032368295187475723,7.8,HIGH
CVE-2021-20308,0.10064603876232574,0.0013573078150834505,0.4646863643545584,0.015158930312897147,0.0003230058587129879,9.8,CRITICAL
CVE-2021-43579,0.10064603876232574,0.0013573078150834505,0.4646863643545584,0.015158930312897152,0.0003230058587129879,7.8,HIGH
CVE-2021-0517,0.07140428425705543,0.0,0.3825939898529986,0.00010066051690741588,0.00032274812133701154,7.5,HIGH
CVE-2021-0389,0.07140428425705543,0.0,0.3825939898529986,0.00010066051690741599,0.00032274812133701154,7.8,HIGH
CVE-2021-0921,0.07140428425705543,0.0,0.3825939898529986,0.0001006605169074162,0.00032274812133701154,7.8,HIGH
CVE-2021-0482,0.07140428425705543,0.0,0.3825939898529986,0.00010066051690741768,0.00032274812133701154,7.0,HIGH
CVE-2021-0487,0.07140428425705543,0.0,0.3825939898529986,0.00010066051690741725,0.00032274812133701154,7.8,HIGH
CVE-2021-0539,0.07140428425705543,0.0,0.3825939898529986,0.0001006605169074174,0.00032274812133701154,7.8,HIGH
CVE-2021-0426,0.07140428425705543,0.0,0.3825939898529986,0.00010066051690741589,0.00032274812133701154,7.8,HIGH
CVE-2021-0694,0.07140428425705543,0.0,0.3825939898529986,0.00010066051690741841,0.00032274812133701154,7.8,HIGH
CVE-2021-0553,0.07140428425705543,0.0,0.3825939898529986,0.00010066051690741588,0.00032274812133701154,7.3,HIGH
CVE-2021-0547,0.07140428425705543,0.0,0.3825939898529986,0.00010066051690741519,0.00032274812133701154,7.8,HIGH
CVE-2021-25410,0.07140428425705543,0.0,0.3825939898529986,0.00010066051690741478,0.00032274812133701154,7.1,HIGH
CVE-2021-0385,0.07140428425705543,0.0,0.3825939898529986,0.0001006605169074147,0.00032274812133701154,7.8,HIGH
CVE-2021-0395,0.07140428425705543,0.0,0.3825939898529986,0.00010066051690741858,0.00032274812133701154,7.8,HIGH
CVE-2021-0442,0.07140428425705543,0.0,0.3825939898529986,0.0001006605169074166,0.00032274812133701154,7.8,HIGH
CVE-2021-0537,0.07140428425705543,0.0,0.3825939898529986,0.00010066051690741683,0.00032274812133701154,7.3,HIGH
CVE-2021-0550,0.07140428425705543,0.0,0.3825939898529986,0.00010066051690741795,0.00032274812133701154,7.8,HIGH
CVE-2021-0571,0.07140428425705543,0.0,0.3825939898529986,0.00010066051690741656,0.00032274812133701154,7.8,HIGH
CVE-2021-39676,0.07140428425705543,0.0,0.3825939898529986,0.00010066051690741845,0.00032274812133701154,7.8,HIGH
CVE-2021-0432,0.07140428425705543,0.0,0.3825939898529986,0.000100660516907416,0.00032274812133701154,7.0,HIGH
CVE-2021-0376,0.07140428425705543,0.0,0.3825939898529986,0.00010066051690741721,0.00032274812133701154,7.8,HIGH
CVE-2021-0555,0.07140428425705543,0.0,0.3825939898529986,0.00010066051690741583,0.00032274812133701154,7.5,HIGH
CVE-2021-0570,0.07140428425705543,0.0,0.3825939898529986,0.0001006605169074161,0.00032274812133701154,7.8,HIGH
CVE-2021-0536,0.07140428425705543,0.0,0.3825939898529986,0.00010066051690741703,0.00032274812133701154,7.8,HIGH
CVE-2021-0386,0.07140428425705543,0.0,0.3825939898529986,0.00010066051690741499,0.00032274812133701154,7.8,HIGH
CVE-2021-0505,0.07140428425705543,0.0,0.3825939898529986,0.00010066051690741535,0.00032274812133701154,7.8,HIGH
CVE-2021-0645,0.07140428425705543,0.0,0.3825939898529986,0.00010066051690741766,0.00032274812133701154,7.8,HIGH
CVE-2021-0310,0.07140428425705543,0.0,0.3825939898529986,0.0001006605169074187,0.00032274812133701154,7.8,HIGH
CVE-2021-23243,0.07140428425705543,0.0,0.3825939898529986,0.0001006605169074152,0.0003227481213370115,7.8,HIGH
CVE-2021-0922,0.07140428425705543,0.0,0.3825939898529986,0.00010066051690741592,0.0003227481213370115,7.8,HIGH
CVE-2021-25388,0.07140428425705543,0.0,0.3825939898529986,0.00010066051690741715,0.0003227481213370115,7.1,HIGH
CVE-2021-0398,0.07140428425705543,0.0,0.3825939898529986,0.0001006605169074177,0.0003227481213370115,7.8,HIGH
CVE-2021-0388,0.07140428425705543,0.0,0.3825939898529986,0.00010066051690741676,0.0003227481213370115,7.8,HIGH
CVE-2021-39695,0.07140428425705543,0.0,0.3825939898529986,0.0001006605169074174,0.0003227481213370115,7.8,HIGH
CVE-2021-0372,0.07140428425705543,0.0,0.3825939898529986,0.00010066051690741633,0.0003227481213370115,7.8,HIGH
CVE-2021-0955,0.07140428425705543,0.0,0.3825939898529986,0.00010066051690741512,0.0003227481213370115,7.0,HIGH
CVE-2021-0446,0.07140428425705543,0.0,0.3825939898529986,0.00010066051690741814,0.0003227481213370115,7.3,HIGH
CVE-2021-0441,0.07140428425705543,0.0,0.3825939898529986,0.00010066051690741683,0.0003227481213370115,7.3,HIGH
CVE-2021-0427,0.07140428425705543,0.0,0.3825939898529986,0.00010066051690741535,0.0003227481213370115,7.8,HIGH
CVE-2021-0538,0.07140428425705543,0.0,0.3825939898529986,0.00010066051690741714,0.0003227481213370115,7.3,HIGH
CVE-2021-0567,0.07140428425705543,0.0,0.3825939898529986,0.00010066051690741728,0.0003227481213370115,7.8,HIGH
CVE-2021-0603,0.07140428425705543,0.0,0.3825939898529986,0.0001006605169074159,0.0003227481213370115,7.8,HIGH
CVE-2021-0383,0.07140428425705543,0.0,0.3825939898529986,0.00010066051690741517,0.0003227481213370115,7.8,HIGH
CVE-2021-39677,0.07140428425705543,0.0,0.3825939898529986,0.00010066051690741816,0.0003227481213370115,7.5,HIGH
CVE-2021-0557,0.07140428425705543,0.0,0.3825939898529986,0.0001006605169074187,0.0003227481213370115,8.8,HIGH
CVE-2021-0649,0.07140428425705543,0.0,0.3825939898529986,0.00010066051690741798,0.00032274812133701144,7.8,HIGH
CVE-2021-0568,0.07140428425705543,0.0,0.3825939898529986,0.0001006605169074167,0.00032274812133701144,7.8,HIGH
CVE-2021-0685,0.07140428425705543,0.0,0.3825939898529986,0.00010066051690741309,0.00032274812133701144,7.8,HIGH
CVE-2021-0369,0.07140428425705543,0.0,0.3825939898529986,0.00010066051690741508,0.00032274812133701144,7.8,HIGH
CVE-2021-0303,0.07140428425705543,0.0,0.3825939898529986,0.00010066051690741665,0.00032274812133701144,7.0,HIGH
CVE-2021-0548,0.07140428425705543,0.0,0.3825939898529986,0.00010066051690741741,0.00032274812133701144,7.8,HIGH
CVE-2021-0565,0.07140428425705543,0.0,0.3825939898529986,0.00010066051690741821,0.00032274812133701144,7.0,HIGH
CVE-2021-0380,0.07140428425705543,0.0,0.3825939898529986,0.00010066051690741749,0.00032274812133701144,7.8,HIGH
CVE-2021-0439,0.07140428425705543,0.0,0.3825939898529986,0.00010066051690741714,0.00032274812133701144,7.8,HIGH
CVE-2021-0534,0.07140428425705543,0.0,0.3825939898529986,0.0001006605169074166,0.00032274812133701144,7.8,HIGH
CVE-2021-0485,0.07140428425705543,0.0,0.3825939898529986,0.00010066051690741661,0.00032274812133701144,7.8,HIGH
CVE-2021-40391,0.1101666099965998,0.0007390393890068655,0.467270416269463,0.01604408527118268,0.00032139354892147084,9.8,CRITICAL
CVE-2021-1785,0.09758585515130908,7.6105189854853736e-06,0.3982396750169262,0.002638782174852253,0.0003198377227585278,7.8,HIGH
CVE-2021-30759,0.09758585515130908,7.6105189854853736e-06,0.3982396750169262,0.0026387821748522543,0.0003198377227585278,7.8,HIGH
CVE-2021-30781,0.09758585515130908,7.6105189854853736e-06,0.3982396750169262,0.0026387821748522573,0.0003198377227585278,7.8,HIGH
CVE-2021-30971,0.09758585515130908,7.6105189854853736e-06,0.3982396750169262,0.0026387821748522578,0.0003198377227585278,7.8,HIGH
CVE-2021-1747,0.09758585515130908,7.6105189854853736e-06,0.3982396750169262,0.0026387821748522543,0.0003198377227585278,7.8,HIGH
CVE-2021-1813,0.09758585515130908,7.6105189854853736e-06,0.3982396750169262,0.0026387821748522573,0.0003198377227585278,7.8,HIGH
CVE-2021-30792,0.09758585515130908,7.6105189854853736e-06,0.3982396750169262,0.0026387821748522534,0.0003198377227585278,7.8,HIGH
CVE-2021-30681,0.09758585515130908,7.6105189854853736e-06,0.3982396750169262,0.0026387821748522547,0.0003198377227585278,7.8,HIGH
CVE-2021-30725,0.09758585515130908,7.6105189854853736e-06,0.3982396750169262,0.002638782174852255,0.0003198377227585278,7.8,HIGH
CVE-2021-30789,0.09758585515130908,7.6105189854853736e-06,0.3982396750169262,0.002638782174852255,0.0003198377227585278,7.8,HIGH
CVE-2021-30942,0.09758585515130908,7.6105189854853736e-06,0.3982396750169262,0.0026387821748522547,0.0003198377227585278,7.8,HIGH
CVE-2021-30937,0.09758585515130908,7.6105189854853736e-06,0.3982396750169262,0.0026387821748522586,0.0003198377227585278,7.8,HIGH
CVE-2021-1754,0.09758585515130908,7.6105189854853736e-06,0.3982396750169262,0.002638782174852256,0.0003198377227585278,7.8,HIGH
CVE-2021-30842,0.09758585515130908,7.6105189854853736e-06,0.3982396750169262,0.0026387821748522595,0.0003198377227585278,7.8,HIGH
CVE-2021-30693,0.09758585515130908,7.6105189854853736e-06,0.3982396750169262,0.0026387821748522543,0.0003198377227585278,7.8,HIGH
CVE-2021-30859,0.09758585515130908,7.6105189854853736e-06,0.3982396750169262,0.0026387821748522573,0.00031983772275852773,7.8,HIGH
CVE-2021-1741,0.09758585515130908,7.6105189854853736e-06,0.3982396750169262,0.002638782174852255,0.00031983772275852773,7.8,HIGH
CVE-2021-1757,0.09758585515130908,7.6105189854853736e-06,0.3982396750169262,0.0026387821748522578,0.00031983772275852773,7.8,HIGH
CVE-2021-1808,0.09758585515130908,7.6105189854853736e-06,0.3982396750169262,0.0026387821748522578,0.00031983772275852773,7.5,HIGH
CVE-2021-30652,0.09758585515130908,7.6105189854853736e-06,0.3982396750169262,0.002638782174852255,0.00031983772275852773,7.0,HIGH
CVE-2021-1759,0.09758585515130908,7.6105189854853736e-06,0.3982396750169262,0.002638782174852259,0.00031983772275852773,7.8,HIGH
CVE-2021-30834,0.09758585515130908,7.6105189854853736e-06,0.3982396750169262,0.0026387821748522578,0.00031983772275852773,7.8,HIGH
CVE-2021-30995,0.09758585515130908,7.6105189854853736e-06,0.3982396750169262,0.002638782174852254,0.00031983772275852773,7.0,HIGH
CVE-2021-30843,0.09758585515130908,7.6105189854853736e-06,0.3982396750169262,0.002638782174852256,0.00031983772275852773,7.8,HIGH
CVE-2021-30701,0.09758585515130908,7.6105189854853736e-06,0.3982396750169262,0.0026387821748522578,0.00031983772275852773,7.8,HIGH
CVE-2021-1818,0.09758585515130908,7.6105189854853736e-06,0.3982396750169262,0.0026387821748522586,0.00031983772275852773,9.8,CRITICAL
CVE-2021-30926,0.09758585515130908,7.6105189854853736e-06,0.3982396750169262,0.002638782174852257,0.00031983772275852773,7.8,HIGH
CVE-2021-30919,0.09758585515130908,7.6105189854853736e-06,0.3982396750169262,0.002638782174852254,0.00031983772275852773,7.8,HIGH
CVE-2021-30903,0.09758585515130908,7.6105189854853736e-06,0.3982396750169262,0.002638782174852256,0.00031983772275852773,7.8,HIGH
CVE-2021-30916,0.09758585515130908,7.6105189854853736e-06,0.3982396750169262,0.0026387821748522578,0.00031983772275852773,7.8,HIGH
CVE-2021-1787,0.09758585515130908,7.6105189854853736e-06,0.3982396750169262,0.0026387821748522526,0.00031983772275852773,7.8,HIGH
CVE-2021-30958,0.09758585515130908,7.6105189854853736e-06,0.3982396750169262,0.002638782174852254,0.00031983772275852773,7.8,HIGH
CVE-2021-1783,0.09758585515130908,7.6105189854853736e-06,0.3982396750169262,0.002638782174852258,0.00031983772275852773,7.8,HIGH
CVE-2021-1809,0.09758585515130908,7.6105189854853736e-06,0.3982396750169262,0.0026387821748522573,0.00031983772275852773,7.5,HIGH
CVE-2021-1782,0.09758585515130908,7.6105189854853736e-06,0.3982396750169262,0.0026387821748522543,0.00031983772275852773,7.0,HIGH
CVE-2021-30780,0.09758585515130908,7.6105189854853736e-06,0.3982396750169262,0.0026387821748522534,0.00031983772275852773,7.8,HIGH
CVE-2021-30945,0.09758585515130908,7.6105189854853736e-06,0.3982396750169262,0.0026387821748522547,0.00031983772275852773,7.8,HIGH
CVE-2021-30917,0.09758585515130908,7.6105189854853736e-06,0.3982396750169262,0.0026387821748522556,0.00031983772275852773,7.8,HIGH
CVE-2021-1858,0.09758585515130908,7.6105189854853736e-06,0.3982396750169262,0.0026387821748522625,0.00031983772275852773,7.8,HIGH
CVE-2021-1763,0.09758585515130908,7.6105189854853736e-06,0.3982396750169262,0.0026387821748522543,0.00031983772275852773,7.8,HIGH
CVE-2021-30949,0.09758585515130908,7.6105189854853736e-06,0.3982396750169262,0.002638782174852254,0.00031983772275852773,7.8,HIGH
CVE-2021-31010,0.09758585515130908,7.6105189854853736e-06,0.3982396750169262,0.002638782174852253,0.00031983772275852773,7.5,HIGH
CVE-2021-1793,0.09758585515130908,7.6105189854853736e-06,0.3982396750169262,0.0026387821748522534,0.00031983772275852773,7.8,HIGH
CVE-2021-1761,0.09758585515130908,7.6105189854853736e-06,0.3982396750169262,0.002638782174852257,0.00031983772275852773,7.5,HIGH
CVE-2021-30775,0.09758585515130908,7.6105189854853736e-06,0.3982396750169262,0.002638782174852256,0.00031983772275852773,7.8,HIGH
CVE-2021-30799,0.09758585515130908,7.6105189854853736e-06,0.3982396750169262,0.0026387821748522556,0.00031983772275852773,8.8,HIGH
CVE-2021-30704,0.09758585515130908,7.6105189854853736e-06,0.3982396750169262,0.002638782174852256,0.00031983772275852773,7.8,HIGH
CVE-2021-1743,0.09758585515130908,7.6105189854853736e-06,0.3982396750169262,0.0026387821748522565,0.00031983772275852773,7.8,HIGH
CVE-2021-1777,0.09758585515130908,7.6105189854853736e-06,0.3982396750169262,0.002638782174852255,0.00031983772275852773,7.8,HIGH
CVE-2021-30857,0.09758585515130908,7.6105189854853736e-06,0.3982396750169262,0.0026387821748522547,0.00031983772275852773,7.0,HIGH
CVE-2021-30703,0.09758585515130908,7.6105189854853736e-06,0.3982396750169262,0.0026387821748522543,0.00031983772275852773,7.8,HIGH
CVE-2021-1882,0.09758585515130908,7.6105189854853736e-06,0.3982396750169262,0.0026387821748522586,0.00031983772275852773,9.8,CRITICAL
CVE-2021-1762,0.09758585515130908,7.6105189854853736e-06,0.3982396750169262,0.0026387821748522604,0.00031983772275852773,7.8,HIGH
CVE-2021-1745,0.09758585515130908,7.6105189854853736e-06,0.3982396750169262,0.0026387821748522534,0.00031983772275852773,7.8,HIGH
CVE-2021-30980,0.09758585515130908,7.6105189854853736e-06,0.3982396750169262,0.002638782174852254,0.00031983772275852773,7.8,HIGH
CVE-2021-30715,0.09758585515130908,7.6105189854853736e-06,0.3982396750169262,0.002638782174852259,0.00031983772275852773,7.5,HIGH
CVE-2021-1742,0.09758585515130908,7.6105189854853736e-06,0.3982396750169262,0.0026387821748522573,0.00031983772275852773,7.8,HIGH
CVE-2021-1753,0.09758585515130908,7.6105189854853736e-06,0.3982396750169262,0.0026387821748522578,0.00031983772275852773,7.8,HIGH
CVE-2021-30939,0.09758585515130908,7.6105189854853736e-06,0.3982396750169262,0.002638782174852255,0.00031983772275852773,7.8,HIGH
CVE-2021-30677,0.09758585515130908,7.6105189854853736e-06,0.3982396750169262,0.0026387821748522556,0.00031983772275852773,8.8,HIGH
CVE-2021-30881,0.09758585515130908,7.6105189854853736e-06,0.3982396750169262,0.002638782174852255,0.00031983772275852773,7.8,HIGH
CVE-2021-1875,0.09758585515130908,7.6105189854853736e-06,0.3982396750169262,0.002638782174852257,0.00031983772275852773,7.8,HIGH
CVE-2021-1843,0.09758585515130908,7.6105189854853736e-06,0.3982396750169262,0.0026387821748522573,0.00031983772275852773,7.8,HIGH
CVE-2021-30869,0.09758585515130908,7.6105189854853736e-06,0.3982396750169262,0.002638782174852256,0.00031983772275852773,7.8,HIGH
CVE-2021-30835,0.09758585515130908,7.6105189854853736e-06,0.3982396750169262,0.002638782174852257,0.00031983772275852773,7.8,HIGH
CVE-2021-1744,0.09758585515130908,7.6105189854853736e-06,0.3982396750169262,0.002638782174852254,0.00031983772275852773,7.8,HIGH
CVE-2021-1774,0.09758585515130908,7.6105189854853736e-06,0.3982396750169262,0.002638782174852257,0.00031983772275852773,7.8,HIGH
CVE-2021-1772,0.09758585515130908,7.6105189854853736e-06,0.3982396750169262,0.0026387821748522578,0.00031983772275852773,7.8,HIGH
CVE-2021-30909,0.09758585515130908,7.6105189854853736e-06,0.3982396750169262,0.0026387821748522578,0.00031983772275852773,7.8,HIGH
CVE-2021-30847,0.09758585515130908,7.6105189854853736e-06,0.3982396750169262,0.002638782174852256,0.00031983772275852773,7.8,HIGH
CVE-2021-1758,0.09758585515130908,7.6105189854853736e-06,0.3982396750169262,0.002638782174852257,0.00031983772275852773,7.8,HIGH
CVE-2021-1767,0.09758585515130908,7.6105189854853736e-06,0.3982396750169262,0.0026387821748522534,0.00031983772275852773,7.8,HIGH
CVE-2021-1738,0.09758585515130908,7.6105189854853736e-06,0.3982396750169262,0.002638782174852256,0.00031983772275852773,7.8,HIGH
CVE-2021-1851,0.09758585515130908,7.6105189854853736e-06,0.3982396750169262,0.002638782174852256,0.00031983772275852773,8.8,HIGH
CVE-2021-30785,0.09758585515130908,7.6105189854853736e-06,0.3982396750169262,0.002638782174852254,0.00031983772275852773,7.8,HIGH
CVE-2021-30979,0.09758585515130908,7.6105189854853736e-06,0.3982396750169262,0.0026387821748522573,0.00031983772275852773,7.8,HIGH
CVE-2021-30760,0.09758585515130908,7.6105189854853736e-06,0.3982396750169262,0.0026387821748522547,0.00031983772275852773,7.8,HIGH
CVE-2021-30737,0.09758585515130908,7.6105189854853736e-06,0.3982396750169262,0.0026387821748522565,0.00031983772275852773,8.8,HIGH
CVE-2021-30860,0.09758585515130908,7.6105189854853736e-06,0.3982396750169262,0.0026387821748522556,0.00031983772275852773,7.8,HIGH
CVE-2021-30906,0.09758585515130908,7.6105189854853736e-06,0.3982396750169262,0.0026387821748522586,0.00031983772275852773,7.8,HIGH
CVE-2021-1792,0.09758585515130908,7.6105189854853736e-06,0.3982396750169262,0.002638782174852253,0.00031983772275852773,8.8,HIGH
CVE-2021-1737,0.09758585515130908,7.6105189854853736e-06,0.3982396750169262,0.002638782174852256,0.00031983772275852773,7.8,HIGH
CVE-2021-1746,0.09758585515130908,7.6105189854853736e-06,0.3982396750169262,0.002638782174852256,0.00031983772275852773,7.8,HIGH
CVE-2021-30710,0.09758585515130908,7.6105189854853736e-06,0.3982396750169262,0.0026387821748522573,0.00031983772275852773,7.1,HIGH
CVE-2021-30841,0.09758585515130908,7.6105189854853736e-06,0.3982396750169262,0.0026387821748522547,0.00031983772275852773,7.8,HIGH
CVE-2021-1881,0.09758585515130908,7.6105189854853736e-06,0.3982396750169262,0.0026387821748522578,0.00031983772275852773,7.8,HIGH
CVE-2021-1768,0.09758585515130908,7.6105189854853736e-06,0.3982396750169262,0.002638782174852255,0.00031983772275852773,7.8,HIGH
CVE-2021-1776,0.09758585515130908,7.6105189854853736e-06,0.3982396750169262,0.0026387821748522547,0.00031983772275852773,7.8,HIGH
CVE-2021-30774,0.09758585515130908,7.6105189854853736e-06,0.3982396750169262,0.002638782174852257,0.00031983772275852773,7.8,HIGH
CVE-2021-30788,0.09758585515130908,7.6105189854853736e-06,0.3982396750169262,0.0026387821748522543,0.00031983772275852773,7.1,HIGH
CVE-2021-1764,0.09758585515130908,7.6105189854853736e-06,0.3982396750169262,0.0026387821748522543,0.00031983772275852773,7.5,HIGH
CVE-2021-1868,0.09758585515130908,7.6105189854853736e-06,0.3982396750169262,0.0026387821748522573,0.00031983772275852773,7.8,HIGH
CVE-2021-30708,0.09758585515130908,7.6105189854853736e-06,0.3982396750169262,0.002638782174852255,0.00031983772275852773,7.8,HIGH
CVE-2021-30907,0.09758585515130908,7.6105189854853736e-06,0.3982396750169262,0.0026387821748522578,0.00031983772275852773,7.8,HIGH
CVE-2021-30724,0.09758585515130908,7.6105189854853736e-06,0.3982396750169262,0.002638782174852256,0.00031983772275852773,7.8,HIGH
CVE-2021-26708,0.1101666099965998,0.00014459296170251068,0.4138755980861244,0.0055455993046981365,0.0003185150791191877,7.0,HIGH
CVE-2021-31440,0.10982658959537572,0.00012611069306178217,0.41364275668073136,0.005401898088944474,0.0003178652922840992,7.0,HIGH
CVE-2021-28691,0.10982658959537572,0.00012611069306178217,0.41364275668073136,0.005401898088944472,0.00031786529228409907,7.8,HIGH
CVE-2021-30653,0.09690581434886093,7.053498758611754e-06,0.3981318532557195,0.0026356356292319932,0.00031770588039144724,7.8,HIGH
CVE-2021-30848,0.09690581434886093,7.053498758611754e-06,0.3981318532557195,0.002635635629231993,0.00031770588039144724,7.8,HIGH
CVE-2021-30852,0.09690581434886093,7.053498758611754e-06,0.3981318532557195,0.0026356356292319937,0.00031770588039144724,8.8,HIGH
CVE-2021-30874,0.09690581434886093,7.053498758611754e-06,0.3981318532557195,0.002635635629231992,0.00031770588039144724,7.5,HIGH
CVE-2021-30809,0.09690581434886093,7.053498758611754e-06,0.3981318532557195,0.00263563562923199,0.00031770588039144724,8.8,HIGH
CVE-2021-30996,0.09690581434886093,7.053498758611754e-06,0.3981318532557195,0.0026356356292319967,0.00031770588039144724,7.0,HIGH
CVE-2021-30740,0.09690581434886093,7.053498758611754e-06,0.3981318532557195,0.0026356356292319954,0.00031770588039144724,7.8,HIGH
CVE-2021-30955,0.09690581434886093,7.053498758611754e-06,0.3981318532557195,0.0026356356292319915,0.00031770588039144724,7.0,HIGH
CVE-2021-30664,0.09690581434886093,7.053498758611754e-06,0.3981318532557195,0.0026356356292319937,0.00031770588039144724,7.8,HIGH
CVE-2021-30923,0.09690581434886093,7.053498758611754e-06,0.3981318532557195,0.0026356356292319906,0.00031770588039144724,7.0,HIGH
CVE-2021-30966,0.09690581434886093,7.053498758611754e-06,0.3981318532557195,0.0026356356292319945,0.00031770588039144724,7.5,HIGH
CVE-2021-30849,0.09690581434886093,7.053498758611754e-06,0.3981318532557195,0.0026356356292319915,0.00031770588039144724,7.8,HIGH
CVE-2021-30838,0.09690581434886093,7.053498758611754e-06,0.3981318532557195,0.002635635629231992,0.00031770588039144724,7.8,HIGH
CVE-2021-30814,0.09690581434886093,7.053498758611754e-06,0.3981318532557195,0.00263563562923199,0.00031770588039144724,7.8,HIGH
CVE-2021-30927,0.09690581434886093,7.053498758611754e-06,0.3981318532557195,0.0026356356292319924,0.00031770588039144724,7.8,HIGH
CVE-2021-1867,0.09690581434886093,7.053498758611754e-06,0.3981318532557195,0.0026356356292319932,0.00031770588039144724,8.8,HIGH
CVE-2021-30779,0.09690581434886093,7.053498758611754e-06,0.3981318532557195,0.00263563562923199,0.00031770588039144724,7.8,HIGH
CVE-2021-30807,0.09690581434886093,7.053498758611754e-06,0.3981318532557195,0.0026356356292319932,0.00031770588039144724,7.8,HIGH
CVE-2021-30888,0.09690581434886093,7.053498758611754e-06,0.3981318532557195,0.002635635629231992,0.00031770588039144724,7.4,HIGH
CVE-2021-30734,0.09690581434886093,7.053498758611754e-06,0.3981318532557195,0.00263563562923199,0.00031770588039144724,8.8,HIGH
CVE-2021-30924,0.09690581434886093,7.053498758611754e-06,0.3981318532557195,0.00263563562923199,0.00031770588039144724,7.5,HIGH
CVE-2021-1849,0.09690581434886093,7.053498758611754e-06,0.3981318532557195,0.0026356356292319937,0.00031770588039144724,7.5,HIGH
CVE-2021-30883,0.09690581434886093,7.053498758611754e-06,0.3981318532557195,0.0026356356292319893,0.00031770588039144724,7.8,HIGH
CVE-2021-31009,0.09690581434886093,7.053498758611754e-06,0.3981318532557195,0.0026356356292319945,0.00031770588039144724,9.8,CRITICAL
CVE-2021-30665,0.09690581434886093,7.053498758611754e-06,0.3981318532557195,0.0026356356292319945,0.00031770588039144724,8.8,HIGH
CVE-2021-30797,0.09690581434886093,7.053498758611754e-06,0.3981318532557195,0.002635635629231992,0.00031770588039144724,8.8,HIGH
CVE-2021-30798,0.09690581434886093,7.053498758611754e-06,0.3981318532557195,0.0026356356292319932,0.00031770588039144724,7.5,HIGH
CVE-2021-30889,0.09690581434886093,7.053498758611754e-06,0.3981318532557195,0.002635635629231991,0.00031770588039144724,8.8,HIGH
CVE-2021-30886,0.09690581434886093,7.053498758611754e-06,0.3981318532557195,0.0026356356292319932,0.00031770588039144724,7.8,HIGH
CVE-2021-30840,0.09690581434886093,7.053498758611754e-06,0.3981318532557195,0.002635635629231994,0.00031770588039144724,7.8,HIGH
CVE-2021-30707,0.09690581434886093,7.053498758611754e-06,0.3981318532557195,0.0026356356292319932,0.00031770588039144724,8.8,HIGH
CVE-2021-30928,0.09690581434886093,7.053498758611754e-06,0.3981318532557195,0.002635635629231993,0.00031770588039144724,7.8,HIGH
CVE-2021-1885,0.09690581434886093,7.053498758611754e-06,0.3981318532557195,0.002635635629231995,0.00031770588039144724,7.8,HIGH
CVE-2021-30743,0.09690581434886093,7.053498758611754e-06,0.3981318532557195,0.0026356356292319915,0.00031770588039144724,7.8,HIGH
CVE-2021-30698,0.09690581434886093,7.053498758611754e-06,0.3981318532557195,0.0026356356292319906,0.00031770588039144724,7.5,HIGH
CVE-2021-30795,0.09690581434886093,7.053498758611754e-06,0.3981318532557195,0.0026356356292319945,0.00031770588039144724,8.8,HIGH
CVE-2021-30736,0.09690581434886093,7.053498758611754e-06,0.3981318532557195,0.002635635629231992,0.00031770588039144724,7.8,HIGH
CVE-2021-30661,0.09690581434886093,7.053498758611754e-06,0.3981318532557195,0.002635635629231992,0.00031770588039144724,8.8,HIGH
CVE-2021-30925,0.09690581434886093,7.053498758611754e-06,0.3981318532557195,0.0026356356292319915,0.00031770588039144724,9.1,CRITICAL
CVE-2021-30752,0.09690581434886093,7.053498758611754e-06,0.3981318532557195,0.002635635629231994,0.00031770588039144724,7.8,HIGH
CVE-2021-1770,0.09690581434886093,7.053498758611754e-06,0.3981318532557195,0.002635635629231992,0.00031770588039144724,9.8,CRITICAL
CVE-2021-30786,0.09690581434886093,7.053498758611754e-06,0.3981318532557195,0.0026356356292319906,0.00031770588039144724,7.0,HIGH
CVE-2021-30818,0.09690581434886093,7.053498758611754e-06,0.3981318532557195,0.002635635629231994,0.00031770588039144724,8.8,HIGH
CVE-2021-30771,0.09690581434886093,7.053498758611754e-06,0.3981318532557195,0.002635635629231989,0.00031770588039144724,7.8,HIGH
CVE-2021-30900,0.09690581434886093,7.053498758611754e-06,0.3981318532557195,0.0026356356292319906,0.00031770588039144724,7.8,HIGH
CVE-2021-30993,0.09690581434886093,7.053498758611754e-06,0.3981318532557195,0.002635635629231991,0.00031770588039144724,8.1,HIGH
CVE-2021-30663,0.09690581434886093,7.053498758611754e-06,0.3981318532557195,0.002635635629231991,0.00031770588039144724,8.8,HIGH
CVE-2021-30957,0.09690581434886093,7.053498758611754e-06,0.3981318532557195,0.0026356356292319945,0.00031770588039144724,7.8,HIGH
CVE-2021-30660,0.09690581434886093,7.053498758611754e-06,0.3981318532557195,0.00263563562923199,0.00031770588039144724,7.5,HIGH
CVE-2021-30758,0.09690581434886093,7.053498758611754e-06,0.3981318532557195,0.002635635629231988,0.00031770588039144724,8.8,HIGH
CVE-2021-1817,0.09690581434886093,7.053498758611754e-06,0.3981318532557195,0.0026356356292319937,0.00031770588039144724,8.8,HIGH
CVE-2021-30748,0.09690581434886093,7.053498758611754e-06,0.3981318532557195,0.0026356356292319932,0.00031770588039144724,7.8,HIGH
CVE-2021-30749,0.09690581434886093,7.053498758611754e-06,0.3981318532557195,0.0026356356292319898,0.00031770588039144724,8.8,HIGH
CVE-2021-20236,0.14008840530431826,3.3212719216818744e-05,0.477125243348475,0.023222799667928496,0.00031571232763426987,9.8,CRITICAL
CVE-2021-30500,0.13974838490309419,3.316852969826721e-05,0.4770478507704785,0.02317367243264196,0.0003150774372168199,7.8,HIGH
CVE-2021-3404,0.13974838490309419,3.316852969826721e-05,0.4770478507704785,0.023173672432641963,0.0003150774372168199,7.8,HIGH
CVE-2021-3403,0.13974838490309419,3.316852969826721e-05,0.4770478507704785,0.023173672432641967,0.0003150774372168199,7.8,HIGH
CVE-2021-45485,0.10574634478068684,0.00010587987760951465,0.4108115658611538,0.004876999062205404,0.0003144914767585963,7.5,HIGH
CVE-2021-20226,0.10846650799047944,0.00011730897194499825,0.4134101771155468,0.005319940331500025,0.0003138169097122501,7.8,HIGH
CVE-2021-40401,0.10914654879292758,0.0008159909898359873,0.4803985625612545,0.016984958238345352,0.0003132044506395753,8.6,HIGH
CVE-2021-34718,0.003060183611016661,0.0,0.2738361266294227,1.0993824493718446e-07,0.00031311447358032147,8.1,HIGH
CVE-2021-1288,0.003060183611016661,0.0,0.2738361266294227,1.0993824493779398e-07,0.00031311447358032147,8.6,HIGH
CVE-2021-1268,0.003060183611016661,0.0,0.2738361266294227,1.0993824493563885e-07,0.00031311447358032147,7.4,HIGH
CVE-2021-1370,0.003060183611016661,0.0,0.2738361266294227,1.0993824493563345e-07,0.00031311447358032147,7.8,HIGH
CVE-2021-34719,0.003060183611016661,0.0,0.2738361266294227,1.0993824493641796e-07,0.00031311447358032147,7.8,HIGH
CVE-2021-34728,0.003060183611016661,0.0,0.2738361266294227,1.0993824493452044e-07,0.00031311447358032147,7.8,HIGH
CVE-2021-34713,0.003060183611016661,0.0,0.2738361266294227,1.0993824493600694e-07,0.00031311447358032147,7.4,HIGH
CVE-2021-1313,0.003060183611016661,0.0,0.2738361266294227,1.099382449364661e-07,0.00031311447358032147,8.6,HIGH
CVE-2021-34720,0.003060183611016661,0.0,0.2738361266294227,1.0993824493609616e-07,0.00031311447358032147,8.6,HIGH
CVE-2021-35574,0.010540632437946278,5.242681360326121e-05,0.35639844886088223,0.00018347350931374203,0.0003116881465843824,7.5,HIGH
CVE-2021-27023,0.09486569194151649,0.0013586947099898732,0.4694333599361532,0.015106304117683553,0.00031049353174824506,9.8,CRITICAL
CVE-2021-25288,0.13260795647738866,0.00012987050617016446,0.47207062600321026,0.022247185097369535,0.00030869839365434945,9.1,CRITICAL
CVE-2021-28677,0.13260795647738866,0.00012987050617016446,0.47207062600321026,0.022247185097369546,0.0003086983936543494,7.5,HIGH
CVE-2021-28676,0.13260795647738866,0.00012987050617016446,0.47207062600321026,0.022247185097369535,0.0003086983936543494,7.5,HIGH
CVE-2021-25287,0.13260795647738866,0.00012987050617016446,0.47207062600321026,0.022247185097369532,0.0003086983936543494,9.1,CRITICAL
CVE-2021-23240,0.13634818089085346,2.852387065727708e-05,0.49155941835199735,0.022845563595436724,0.0003049765984339064,7.8,HIGH
CVE-2021-1750,0.09112546752805169,3.780293805519175e-06,0.39244729116626637,0.002025769044028625,0.0003041066897653331,7.8,HIGH
CVE-2021-1228,0.003060183611016661,0.0,0.2738361266294227,2.1952293385491797e-07,0.0002989611791356221,7.4,HIGH
CVE-2021-1586,0.003060183611016661,0.0,0.2738361266294227,2.1952293385542217e-07,0.0002989611791356221,8.6,HIGH
CVE-2021-1523,0.003060183611016661,0.0,0.2738361266294227,2.1952293385284658e-07,0.0002989611791356221,8.6,HIGH
CVE-2021-1230,0.003060183611016661,0.0,0.2738361266294227,2.195229338531622e-07,0.0002989611791356221,8.6,HIGH
CVE-2021-1361,0.003060183611016661,0.0,0.2738361266294227,2.195229338538131e-07,0.0002989611791356221,9.8,CRITICAL
CVE-2021-3580,0.11866712002720163,8.759709458387806e-05,0.4706353016482637,0.017221633275456165,0.0002985758771245086,7.5,HIGH
CVE-2021-43057,0.10268616116967018,4.981110147952261e-05,0.41000975881778895,0.004573785164141164,0.00029677589197957873,7.8,HIGH
CVE-2021-34866,0.10268616116967018,4.981110147952261e-05,0.41000975881778895,0.004573785164141162,0.0002967758919795787,7.8,HIGH
CVE-2021-4090,0.10268616116967018,4.981110147952261e-05,0.41000975881778895,0.004573785164141158,0.0002967758919795787,7.1,HIGH
CVE-2021-42252,0.10268616116967018,4.981110147952261e-05,0.41000975881778895,0.00457378516414116,0.0002967758919795787,7.8,HIGH
CVE-2021-45100,0.10268616116967018,4.981110147952261e-05,0.41000975881778895,0.00457378516414116,0.0002967758919795787,7.5,HIGH
CVE-2021-3325,0.13260795647738866,2.898744014248268e-06,0.49049366244162773,0.022440112734531427,0.0002963020956198634,9.8,CRITICAL
CVE-2021-29421,0.13260795647738866,2.898744014248268e-06,0.49049366244162773,0.022440112734531434,0.0002963020956198634,7.5,HIGH
CVE-2021-43618,0.11424685481128868,0.00010589499394718333,0.46786509704104356,0.016267177943795254,0.0002951586725858298,7.5,HIGH
CVE-2021-38202,0.10234614076844611,3.7451311470668137e-05,0.3982396750169262,0.00458600367320912,0.00029504779551914334,7.5,HIGH
CVE-2021-38201,0.10234614076844611,3.7451311470668137e-05,0.3982396750169262,0.004586003673209124,0.00029504779551914334,7.5,HIGH
CVE-2021-4154,0.1013260795647739,7.204473075729824e-05,0.3953488372093023,0.004447004458381647,0.0002948123090136434,8.8,HIGH
CVE-2021-31535,0.13124787487249234,0.0,0.47176772537696504,0.022220825545199944,0.0002937217023439427,9.8,CRITICAL
CVE-2021-22879,0.13124787487249234,0.0,0.47176772537696504,0.022220825545199944,0.0002937217023439427,8.8,HIGH
CVE-2021-28089,0.13124787487249234,0.0,0.47176772537696504,0.022220825545199937,0.0002937217023439427,7.5,HIGH
CVE-2021-26117,0.10744644678680722,0.00016371872076035844,0.46764191445380826,0.01558069129342985,0.00029325632464453216,7.5,HIGH
CVE-2021-33912,0.09962597755865352,0.0006795785041460055,0.46446620341124445,0.015158666794647405,0.00029303751263486165,9.8,CRITICAL
CVE-2021-34404,0.03944236654199252,0.0004050041493593228,0.4032081162599397,0.00030270515129203696,0.000290024138201466,7.1,HIGH
CVE-2021-34403,0.03944236654199252,0.0004050041493593228,0.4032081162599397,0.00030270515129203284,0.000290024138201466,7.8,HIGH
CVE-2021-34401,0.03944236654199252,0.0004050041493593228,0.4032081162599397,0.0003027051512920326,0.000290024138201466,7.8,HIGH
CVE-2021-35659,0.00884053043182591,0.0,0.35450819672131145,5.157699991768897e-05,0.0002897290035347997,7.5,HIGH
CVE-2021-2450,0.00884053043182591,0.0,0.35450819672131145,5.157699991768891e-05,0.0002897290035347997,7.5,HIGH
CVE-2021-35660,0.00884053043182591,0.0,0.35450819672131145,5.157699991768691e-05,0.0002897290035347997,7.5,HIGH
CVE-2021-2069,0.00884053043182591,0.0,0.35450819672131145,5.157699991768733e-05,0.0002897290035347997,8.6,HIGH
CVE-2021-35658,0.00884053043182591,0.0,0.35450819672131145,5.157699991768972e-05,0.0002897290035347997,7.5,HIGH
CVE-2021-2419,0.00884053043182591,0.0,0.35450819672131145,5.157699991768634e-05,0.0002897290035347997,7.5,HIGH
CVE-2021-2240,0.00884053043182591,0.0,0.35450819672131145,5.157699991768666e-05,0.0002897290035347997,7.3,HIGH
CVE-2021-2430,0.00884053043182591,0.0,0.35450819672131145,5.1576999917688744e-05,0.0002897290035347997,7.5,HIGH
CVE-2021-35662,0.00884053043182591,0.0,0.35450819672131145,5.157699991768848e-05,0.0002897290035347997,7.5,HIGH
CVE-2021-2449,0.00884053043182591,0.0,0.35450819672131145,5.157699991768935e-05,0.0002897290035347997,7.5,HIGH
CVE-2021-2067,0.00884053043182591,0.0,0.35450819672131145,5.157699991768808e-05,0.0002897290035347997,8.6,HIGH
CVE-2021-35657,0.00884053043182591,0.0,0.35450819672131145,5.1576999917687836e-05,0.0002897290035347997,7.5,HIGH
CVE-2021-35661,0.00884053043182591,0.0,0.35450819672131145,5.157699991768801e-05,0.0002897290035347997,7.5,HIGH
CVE-2021-2066,0.00884053043182591,0.0,0.35450819672131145,5.1576999917686495e-05,0.0002897290035347997,8.6,HIGH
CVE-2021-35573,0.00884053043182591,0.0,0.35450819672131145,5.157699991768892e-05,0.0002897290035347997,7.5,HIGH
CVE-2021-2068,0.00884053043182591,0.0,0.35450819672131145,5.157699991768932e-05,0.0002897290035347997,8.6,HIGH
CVE-2021-2453,0.00884053043182591,0.0,0.35450819672131145,5.157699991768731e-05,0.0002897290035347997,7.5,HIGH
CVE-2021-2420,0.00884053043182591,0.0,0.35450819672131145,5.157699991768765e-05,0.0002897290035347997,7.5,HIGH
CVE-2021-2423,0.00884053043182591,0.0,0.35450819672131145,5.1576999917689795e-05,0.0002897290035347997,7.5,HIGH
CVE-2021-2431,0.00884053043182591,0.0,0.35450819672131145,5.157699991768975e-05,0.0002897290035347997,7.5,HIGH
CVE-2021-2451,0.00884053043182591,0.0,0.35450819672131145,5.157699991768719e-05,0.0002897290035347997,7.5,HIGH
CVE-2021-35572,0.00884053043182591,0.0,0.35450819672131145,5.1576999917689144e-05,0.0002897290035347997,7.5,HIGH
CVE-2021-2452,0.00884053043182591,0.0,0.35450819672131145,5.1576999917687206e-05,0.0002897290035347997,7.5,HIGH
CVE-2021-2242,0.00884053043182591,0.0,0.35450819672131145,5.15769999176893e-05,0.0002897290035347997,8.2,HIGH
CVE-2021-35656,0.00884053043182591,0.0,0.35450819672131145,5.15769999176877e-05,0.0002897290035347997,7.5,HIGH
CVE-2021-1880,0.08738524311458688,1.4309219398029737e-06,0.3966284558327714,0.0025633968926141787,0.0002891493032852361,7.8,HIGH
CVE-2021-1814,0.08738524311458688,1.4309219398029737e-06,0.3966284558327714,0.0025633968926141804,0.0002891493032852361,7.8,HIGH
CVE-2021-3560,0.11900714042842571,6.750974774916254e-05,0.48331963845521775,0.01859706510760196,0.000288975799715453,7.8,HIGH
CVE-2021-0879,0.03910234614076845,0.0,0.39646805068751684,0.00030256670835903174,0.0002885565001754405,7.8,HIGH
CVE-2021-39641,0.03910234614076845,0.0,0.39646805068751684,0.0003025667083590326,0.0002885565001754405,9.8,CRITICAL
CVE-2021-0947,0.03910234614076845,0.0,0.39646805068751684,0.00030256670835903185,0.0002885565001754405,7.5,HIGH
CVE-2021-1045,0.03910234614076845,0.0,0.39646805068751684,0.0003025667083590324,0.0002885565001754405,7.5,HIGH
CVE-2021-0576,0.03910234614076845,0.0,0.39646805068751684,0.0003025667083590315,0.0002885565001754405,7.8,HIGH
CVE-2021-39801,0.03910234614076845,0.0,0.39646805068751684,0.00030256670835903125,0.0002885565001754405,7.8,HIGH
CVE-2021-0528,0.03910234614076845,0.0,0.39646805068751684,0.0003025667083590308,0.0002885565001754405,7.8,HIGH
CVE-2021-0490,0.03910234614076845,0.0,0.39646805068751684,0.0003025667083590335,0.0002885565001754405,7.8,HIGH
CVE-2021-0883,0.03910234614076845,0.0,0.39646805068751684,0.0003025667083590323,0.0002885565001754405,7.8,HIGH
CVE-2021-0577,0.03910234614076845,0.0,0.39646805068751684,0.0003025667083590331,0.0002885565001754405,7.8,HIGH
CVE-2021-39812,0.03910234614076845,0.0,0.39646805068751684,0.00030256670835903364,0.0002885565001754405,7.8,HIGH
CVE-2021-39737,0.03910234614076845,0.0,0.39646805068751684,0.0003025667083590334,0.0002885565001754405,9.8,CRITICAL
CVE-2021-0936,0.03910234614076845,0.0,0.39646805068751684,0.0003025667083590321,0.0002885565001754405,7.8,HIGH
CVE-2021-0872,0.03910234614076845,0.0,0.39646805068751684,0.0003025667083590319,0.0002885565001754405,7.8,HIGH
CVE-2021-0876,0.03910234614076845,0.0,0.39646805068751684,0.00030256670835903234,0.0002885565001754405,7.8,HIGH
CVE-2021-0574,0.03910234614076845,0.0,0.39646805068751684,0.0003025667083590304,0.0002885565001754405,7.8,HIGH
CVE-2021-0492,0.03910234614076845,0.0,0.39646805068751684,0.00030256670835903114,0.0002885565001754405,7.8,HIGH
CVE-2021-0696,0.03910234614076845,0.0,0.39646805068751684,0.00030256670835903315,0.0002885565001754405,7.0,HIGH
CVE-2021-0945,0.03910234614076845,0.0,0.39646805068751684,0.0003025667083590347,0.0002885565001754405,9.8,CRITICAL
CVE-2021-0874,0.03910234614076845,0.0,0.39646805068751684,0.0003025667083590297,0.0002885565001754405,7.8,HIGH
CVE-2021-39714,0.03910234614076845,0.0,0.39646805068751684,0.0003025667083590311,0.0002885565001754405,7.8,HIGH
CVE-2021-1049,0.03910234614076845,0.0,0.39646805068751684,0.00030256670835903207,0.0002885565001754405,9.8,CRITICAL
CVE-2021-0532,0.03910234614076845,0.0,0.39646805068751684,0.0003025667083590327,0.0002885565001754405,7.0,HIGH
CVE-2021-0324,0.03910234614076845,0.0,0.39646805068751684,0.00030256670835903385,0.0002885565001754405,9.8,CRITICAL
CVE-2021-0699,0.03910234614076845,0.0,0.39646805068751684,0.00030256670835903396,0.0002885565001754405,7.8,HIGH
CVE-2021-39720,0.03910234614076845,0.0,0.39646805068751684,0.0003025667083590331,0.0002885565001754405,9.8,CRITICAL
CVE-2021-39651,0.03910234614076845,0.0,0.39646805068751684,0.0003025667083590355,0.0002885565001754405,7.8,HIGH
CVE-2021-0884,0.03910234614076845,0.0,0.39646805068751684,0.0003025667083590353,0.0002885565001754405,7.8,HIGH
CVE-2021-0533,0.03910234614076845,0.0,0.39646805068751684,0.0003025667083590331,0.0002885565001754405,7.0,HIGH
CVE-2021-39616,0.03910234614076845,0.0,0.39646805068751684,0.00030256670835903293,0.0002885565001754405,9.8,CRITICAL
CVE-2021-39684,0.03910234614076845,0.0,0.39646805068751684,0.0003025667083590309,0.0002885565001754405,7.8,HIGH
CVE-2021-0951,0.03910234614076845,0.0,0.39646805068751684,0.0003025667083590313,0.0002885565001754405,7.8,HIGH
CVE-2021-39698,0.03910234614076845,0.0,0.39646805068751684,0.00030256670835903104,0.0002885565001754405,7.8,HIGH
CVE-2021-0573,0.03910234614076845,0.0,0.39646805068751684,0.00030256670835903136,0.0002885565001754405,7.8,HIGH
CVE-2021-0885,0.03910234614076845,0.0,0.39646805068751684,0.0003025667083590329,0.0002885565001754405,7.8,HIGH
CVE-2021-0512,0.03910234614076845,0.0,0.39646805068751684,0.00030256670835903125,0.0002885565001754405,7.8,HIGH
CVE-2021-39661,0.03910234614076845,0.0,0.39646805068751684,0.0003025667083590323,0.0002885565001754405,7.8,HIGH
CVE-2021-40724,0.03910234614076845,0.0,0.39646805068751684,0.00030256670835903087,0.0002885565001754405,7.8,HIGH
CVE-2021-39681,0.03910234614076845,0.0,0.39646805068751684,0.0003025667083590333,0.0002885565001754405,7.8,HIGH
CVE-2021-39802,0.03910234614076845,0.0,0.39646805068751684,0.0003025667083590341,0.0002885565001754405,7.8,HIGH
CVE-2021-0607,0.03910234614076845,0.0,0.39646805068751684,0.0003025667083590317,0.0002885565001754405,7.8,HIGH
CVE-2021-0942,0.03910234614076845,0.0,0.39646805068751684,0.0003025667083590297,0.0002885565001754405,9.8,CRITICAL
CVE-2021-0527,0.03910234614076845,0.0,0.39646805068751684,0.00030256670835903185,0.0002885565001754405,7.8,HIGH
CVE-2021-39646,0.03910234614076845,0.0,0.39646805068751684,0.0003025667083590314,0.0002885565001754405,7.5,HIGH
CVE-2021-39734,0.03910234614076845,0.0,0.39646805068751684,0.0003025667083590353,0.0002885565001754405,7.8,HIGH
CVE-2021-39658,0.03910234614076845,0.0,0.39646805068751684,0.00030256670835903207,0.0002885565001754405,9.8,CRITICAL
CVE-2021-39793,0.03910234614076845,0.0,0.39646805068751684,0.0003025667083590308,0.0002885565001754405,7.8,HIGH
CVE-2021-39634,0.03910234614076845,0.0,0.39646805068751684,0.00030256670835903423,0.0002885565001754405,7.8,HIGH
CVE-2021-0946,0.03910234614076845,0.0,0.39646805068751684,0.00030256670835903223,0.0002885565001754405,7.5,HIGH
CVE-2021-39682,0.03910234614076845,0.0,0.39646805068751684,0.0003025667083590338,0.0002885565001754405,7.8,HIGH
CVE-2021-39710,0.03910234614076845,0.0,0.39646805068751684,0.00030256670835903223,0.0002885565001754405,9.8,CRITICAL
CVE-2021-0701,0.03910234614076845,0.0,0.39646805068751684,0.0003025667083590334,0.0002885565001754405,9.8,CRITICAL
CVE-2021-0498,0.03910234614076845,0.0,0.39646805068751684,0.00030256670835903223,0.0002885565001754405,7.8,HIGH
CVE-2021-0873,0.03910234614076845,0.0,0.39646805068751684,0.00030256670835902935,0.0002885565001754405,7.8,HIGH
CVE-2021-39644,0.03910234614076845,0.0,0.39646805068751684,0.00030256670835903147,0.0002885565001754405,9.8,CRITICAL
CVE-2021-0465,0.03910234614076845,0.0,0.39646805068751684,0.00030256670835903255,0.0002885565001754405,7.8,HIGH
CVE-2021-0608,0.03910234614076845,0.0,0.39646805068751684,0.00030256670835903353,0.0002885565001754405,7.8,HIGH
CVE-2021-39640,0.03910234614076845,0.0,0.39646805068751684,0.00030256670835903255,0.0002885565001754405,7.8,HIGH
CVE-2021-0929,0.03910234614076845,0.0,0.39646805068751684,0.0003025667083590324,0.0002885565001754405,7.8,HIGH
CVE-2021-39660,0.03910234614076845,0.0,0.39646805068751684,0.00030256670835903234,0.0002885565001754405,7.0,HIGH
CVE-2021-0494,0.03910234614076845,0.0,0.39646805068751684,0.0003025667083590345,0.0002885565001754405,7.8,HIGH
CVE-2021-0871,0.03910234614076845,0.0,0.39646805068751684,0.00030256670835903277,0.0002885565001754405,7.8,HIGH
CVE-2021-39723,0.03910234614076845,0.0,0.39646805068751684,0.000302566708359032,0.0002885565001754405,9.8,CRITICAL
CVE-2021-0493,0.03910234614076845,0.0,0.39646805068751684,0.00030256670835903467,0.0002885565001754405,7.8,HIGH
CVE-2021-0878,0.03910234614076845,0.0,0.39646805068751684,0.00030256670835903125,0.0002885565001754405,7.8,HIGH
CVE-2021-0526,0.03910234614076845,0.0,0.39646805068751684,0.00030256670835903163,0.0002885565001754405,7.8,HIGH
CVE-2021-0882,0.03910234614076845,0.0,0.39646805068751684,0.00030256670835903244,0.0002885565001754405,7.8,HIGH
CVE-2021-39672,0.03910234614076845,0.0,0.39646805068751684,0.0003025667083590325,0.0002885565001754405,7.8,HIGH
CVE-2021-0943,0.03910234614076845,0.0,0.39646805068751684,0.0003025667083590326,0.0002885565001754405,7.8,HIGH
CVE-2021-39653,0.03910234614076845,0.0,0.39646805068751684,0.0003025667083590341,0.0002885565001754405,7.8,HIGH
CVE-2021-39635,0.03910234614076845,0.0,0.39646805068751684,0.0003025667083590303,0.0002885565001754405,9.1,CRITICAL
CVE-2021-0489,0.03910234614076845,0.0,0.39646805068751684,0.00030256670835903017,0.0002885565001754405,7.8,HIGH
CVE-2021-0529,0.03910234614076845,0.0,0.39646805068751684,0.00030256670835903434,0.0002885565001754405,7.8,HIGH
CVE-2021-0891,0.03910234614076845,0.0,0.39646805068751684,0.0003025667083590299,0.0002885565001754405,7.5,HIGH
CVE-2021-0491,0.03910234614076845,0.0,0.39646805068751684,0.000302566708359031,0.0002885565001754405,7.8,HIGH
CVE-2021-0496,0.03910234614076845,0.0,0.39646805068751684,0.00030256670835903223,0.0002885565001754405,7.8,HIGH
CVE-2021-0592,0.03910234614076845,0.0,0.39646805068751684,0.0003025667083590346,0.0002885565001754405,8.8,HIGH
CVE-2021-0881,0.03910234614076845,0.0,0.39646805068751684,0.0003025667083590352,0.0002885565001754405,7.8,HIGH
CVE-2021-39655,0.03910234614076845,0.0,0.39646805068751684,0.00030256670835903207,0.0002885565001754405,9.8,CRITICAL
CVE-2021-39815,0.03910234614076845,0.0,0.39646805068751684,0.00030256670835903407,0.0002885565001754405,9.8,CRITICAL
CVE-2021-0707,0.03910234614076845,0.0,0.39646805068751684,0.00030256670835903125,0.0002885565001754405,7.8,HIGH
CVE-2021-0877,0.03910234614076845,0.0,0.39646805068751684,0.0003025667083590324,0.0002885565001754405,9.8,CRITICAL
CVE-2021-0530,0.03910234614076845,0.0,0.39646805068751684,0.0003025667083590322,0.0002885565001754405,7.8,HIGH
CVE-2021-1050,0.03910234614076845,0.0,0.39646805068751684,0.00030256670835903207,0.0002885565001754405,7.8,HIGH
CVE-2021-0697,0.03910234614076845,0.0,0.39646805068751684,0.00030256670835903255,0.0002885565001754405,7.0,HIGH
CVE-2021-0531,0.03910234614076845,0.0,0.39646805068751684,0.00030256670835903174,0.0002885565001754405,7.8,HIGH
CVE-2021-0464,0.03910234614076845,0.0,0.39646805068751684,0.0003025667083590331,0.0002885565001754405,7.8,HIGH
CVE-2021-39716,0.03910234614076845,0.0,0.39646805068751684,0.0003025667083590323,0.0002885565001754405,7.5,HIGH
CVE-2021-39686,0.03910234614076845,0.0,0.39646805068751684,0.00030256670835903445,0.0002885565001754405,7.0,HIGH
CVE-2021-0399,0.03910234614076845,0.0,0.39646805068751684,0.0003025667083590331,0.0002885565001754405,7.8,HIGH
CVE-2021-1044,0.03910234614076845,0.0,0.39646805068751684,0.0003025667083590296,0.0002885565001754405,7.8,HIGH
CVE-2021-0497,0.03910234614076845,0.0,0.39646805068751684,0.0003025667083590327,0.0002885565001754405,7.8,HIGH
CVE-2021-43189,0.03910234614076845,0.0,0.39646805068751684,0.00030256670835903385,0.0002885565001754405,7.3,HIGH
CVE-2021-0525,0.03910234614076845,0.0,0.39646805068751684,0.0003025667083590303,0.0002885565001754405,7.8,HIGH
CVE-2021-39726,0.03910234614076845,0.0,0.39646805068751684,0.0003025667083590314,0.0002885565001754405,7.5,HIGH
CVE-2021-39678,0.03910234614076845,0.0,0.39646805068751684,0.00030256670835903364,0.0002885565001754405,7.8,HIGH
CVE-2021-0495,0.03910234614076845,0.0,0.39646805068751684,0.00030256670835903033,0.0002885565001754405,7.8,HIGH
CVE-2021-0880,0.03910234614076845,0.0,0.39646805068751684,0.0003025667083590313,0.0002885565001754405,7.8,HIGH
CVE-2021-0924,0.03910234614076845,0.0,0.39646805068751684,0.0003025667083590358,0.0002885565001754405,7.8,HIGH
CVE-2021-39645,0.03910234614076845,0.0,0.39646805068751684,0.00030256670835903293,0.0002885565001754405,9.8,CRITICAL
CVE-2021-39685,0.03910234614076845,0.0,0.39646805068751684,0.00030256670835903467,0.0002885565001754405,7.8,HIGH
CVE-2021-0875,0.03910234614076845,0.0,0.39646805068751684,0.00030256670835903277,0.0002885565001754405,7.8,HIGH
CVE-2021-0869,0.03910234614076845,0.0,0.39646805068751684,0.00030256670835903125,0.0002885565001754405,9.8,CRITICAL
CVE-2021-39679,0.03910234614076845,0.0,0.39646805068751684,0.00030256670835903076,0.0002885565001754405,7.0,HIGH
CVE-2021-1048,0.03910234614076845,0.0,0.39646805068751684,0.0003025667083590343,0.0002885565001754405,7.8,HIGH
CVE-2021-39732,0.03910234614076845,0.0,0.39646805068751684,0.00030256670835903185,0.0002885565001754405,7.8,HIGH
CVE-2021-30922,0.08636518191091466,8.451075800872824e-07,0.39646805068751684,0.002553604840826056,0.0002861879009852653,7.8,HIGH
CVE-2021-1479,0.004420265215912955,0.0001353147130364277,0.3744112030553787,6.98962651426321e-05,0.00028599325938777706,7.8,HIGH
CVE-2021-1508,0.004420265215912955,0.0001353147130364277,0.3744112030553787,6.989626514263164e-05,0.00028599325938777706,9.8,CRITICAL
CVE-2021-1506,0.004420265215912955,0.0001353147130364277,0.3744112030553787,6.989626514263205e-05,0.00028599325938777706,9.8,CRITICAL
CVE-2021-1284,0.004420265215912955,0.0001353147130364277,0.3744112030553787,6.989626514263083e-05,0.00028599325938777706,8.8,HIGH
CVE-2021-1505,0.004420265215912955,0.0001353147130364277,0.3744112030553787,6.989626514263484e-05,0.00028599325938777706,9.8,CRITICAL
CVE-2021-1480,0.004420265215912955,0.0001353147130364277,0.3744112030553787,6.989626514263222e-05,0.00028599325938777706,7.8,HIGH
CVE-2021-1468,0.004420265215912955,0.0001353147130364277,0.3744112030553787,6.989626514263175e-05,0.00028599325938777706,9.8,CRITICAL
CVE-2021-1275,0.004420265215912955,0.0001353147130364277,0.3744112030553787,6.989626514263246e-05,0.00028599325938777706,9.8,CRITICAL
CVE-2021-1137,0.004420265215912955,0.0001353147130364277,0.3744112030553787,6.989626514263197e-05,0.000285993259387777,7.8,HIGH
CVE-2021-4440,0.09826589595375723,0.0,0.39487110633727174,0.004050310334015595,0.00028550449269066345,8.8,HIGH
CVE-2021-47614,0.09826589595375723,0.0,0.39487110633727174,0.004050310334015596,0.00028550449269066345,7.8,HIGH
CVE-2021-47245,0.09826589595375723,0.0,0.39487110633727174,0.004050310334015599,0.00028550449269066345,7.1,HIGH
CVE-2021-29657,0.09826589595375723,0.0,0.39487110633727174,0.004050310334015596,0.00028550449269066345,7.4,HIGH
CVE-2021-46936,0.09826589595375723,0.0,0.39487110633727174,0.004050310334015601,0.00028550449269066345,7.8,HIGH
CVE-2021-47048,0.09826589595375723,0.0,0.39487110633727174,0.004050310334015599,0.00028550449269066345,7.8,HIGH
CVE-2021-47288,0.09826589595375723,0.0,0.39487110633727174,0.004050310334015598,0.00028550449269066345,7.1,HIGH
CVE-2021-47063,0.09826589595375723,0.0,0.39487110633727174,0.004050310334015596,0.00028550449269066345,7.8,HIGH
CVE-2021-47198,0.09826589595375723,0.0,0.39487110633727174,0.004050310334015595,0.00028550449269066345,7.8,HIGH
CVE-2021-47058,0.09826589595375723,0.0,0.39487110633727174,0.004050310334015598,0.00028550449269066345,7.8,HIGH
CVE-2021-47200,0.09826589595375723,0.0,0.39487110633727174,0.004050310334015598,0.00028550449269066345,7.8,HIGH
CVE-2021-47026,0.09826589595375723,0.0,0.39487110633727174,0.004050310334015597,0.00028550449269066345,7.8,HIGH
CVE-2021-47219,0.09826589595375723,0.0,0.39487110633727174,0.004050310334015594,0.00028550449269066345,7.1,HIGH
CVE-2021-4202,0.09826589595375723,0.0,0.39487110633727174,0.004050310334015598,0.00028550449269066345,7.0,HIGH
CVE-2021-47639,0.09826589595375723,0.0,0.39487110633727174,0.0040503103340156,0.00028550449269066345,7.8,HIGH
CVE-2021-47561,0.09826589595375723,0.0,0.39487110633727174,0.004050310334015596,0.00028550449269066345,7.8,HIGH
CVE-2021-47107,0.09826589595375723,0.0,0.39487110633727174,0.004050310334015594,0.00028550449269066345,7.8,HIGH
CVE-2021-47293,0.09826589595375723,0.0,0.39487110633727174,0.004050310334015599,0.00028550449269066345,7.8,HIGH
CVE-2021-47306,0.09826589595375723,0.0,0.39487110633727174,0.004050310334015597,0.00028550449269066345,7.8,HIGH
CVE-2021-47596,0.09826589595375723,0.0,0.39487110633727174,0.004050310334015598,0.00028550449269066345,7.8,HIGH
CVE-2021-47324,0.09826589595375723,0.0,0.39487110633727174,0.004050310334015597,0.00028550449269066345,8.8,HIGH
CVE-2021-47194,0.09826589595375723,0.0,0.39487110633727174,0.004050310334015595,0.00028550449269066345,7.8,HIGH
CVE-2021-46952,0.09826589595375723,0.0,0.39487110633727174,0.004050310334015598,0.00028550449269066345,7.1,HIGH
CVE-2021-47372,0.09826589595375723,0.0,0.39487110633727174,0.004050310334015595,0.00028550449269066345,7.8,HIGH
CVE-2021-47262,0.09826589595375723,0.0,0.39487110633727174,0.0040503103340156,0.00028550449269066345,7.1,HIGH
CVE-2021-47355,0.09826589595375723,0.0,0.39487110633727174,0.004050310334015597,0.00028550449269066345,7.8,HIGH
CVE-2021-47065,0.09826589595375723,0.0,0.39487110633727174,0.004050310334015598,0.00028550449269066345,7.8,HIGH
CVE-2021-46978,0.09826589595375723,0.0,0.39487110633727174,0.004050310334015597,0.00028550449269066345,7.8,HIGH
CVE-2021-47486,0.09826589595375723,0.0,0.39487110633727174,0.004050310334015599,0.00028550449269066345,7.5,HIGH
CVE-2021-47566,0.09826589595375723,0.0,0.39487110633727174,0.004050310334015598,0.00028550449269066345,7.8,HIGH
CVE-2021-47589,0.09826589595375723,0.0,0.39487110633727174,0.004050310334015599,0.00028550449269066345,7.8,HIGH
CVE-2021-47138,0.09826589595375723,0.0,0.39487110633727174,0.004050310334015597,0.00028550449269066345,7.1,HIGH
CVE-2021-47251,0.09826589595375723,0.0,0.39487110633727174,0.004050310334015595,0.00028550449269066345,7.8,HIGH
CVE-2021-47334,0.09826589595375723,0.0,0.39487110633727174,0.004050310334015597,0.00028550449269066345,7.8,HIGH
CVE-2021-47277,0.09826589595375723,0.0,0.39487110633727174,0.004050310334015597,0.00028550449269066345,7.1,HIGH
CVE-2021-47014,0.09826589595375723,0.0,0.39487110633727174,0.004050310334015598,0.00028550449269066345,7.8,HIGH
CVE-2021-47670,0.09826589595375723,0.0,0.39487110633727174,0.004050310334015595,0.00028550449269066345,7.8,HIGH
CVE-2021-4439,0.09826589595375723,0.0,0.39487110633727174,0.004050310334015597,0.00028550449269066345,7.8,HIGH
CVE-2021-47646,0.09826589595375723,0.0,0.39487110633727174,0.004050310334015597,0.00028550449269066345,7.8,HIGH
CVE-2021-47106,0.09826589595375723,0.0,0.39487110633727174,0.0040503103340156,0.00028550449269066345,7.8,HIGH
CVE-2021-46938,0.09826589595375723,0.0,0.39487110633727174,0.004050310334015598,0.00028550449269066345,7.8,HIGH
CVE-2021-47040,0.09826589595375723,0.0,0.39487110633727174,0.004050310334015598,0.00028550449269066345,7.8,HIGH
CVE-2021-47458,0.09826589595375723,0.0,0.39487110633727174,0.004050310334015599,0.00028550449269066345,7.8,HIGH
CVE-2021-47175,0.09826589595375723,0.0,0.39487110633727174,0.004050310334015599,0.00028550449269066345,7.1,HIGH
CVE-2021-47087,0.09826589595375723,0.0,0.39487110633727174,0.0040503103340156,0.00028550449269066345,7.8,HIGH
CVE-2021-47240,0.09826589595375723,0.0,0.39487110633727174,0.004050310334015596,0.00028550449269066345,7.1,HIGH
CVE-2021-47004,0.09826589595375723,0.0,0.39487110633727174,0.004050310334015597,0.00028550449269066345,7.1,HIGH
CVE-2021-46993,0.09826589595375723,0.0,0.39487110633727174,0.004050310334015598,0.00028550449269066345,7.1,HIGH
CVE-2021-47341,0.09826589595375723,0.0,0.39487110633727174,0.004050310334015597,0.00028550449269066345,7.8,HIGH
CVE-2021-47123,0.09826589595375723,0.0,0.39487110633727174,0.004050310334015595,0.00028550449269066345,7.8,HIGH
CVE-2021-20268,0.09826589595375723,0.0,0.39487110633727174,0.004050310334015594,0.00028550449269066345,7.8,HIGH
CVE-2021-47039,0.09826589595375723,0.0,0.39487110633727174,0.004050310334015595,0.00028550449269066345,7.1,HIGH
CVE-2021-47505,0.09826589595375723,0.0,0.39487110633727174,0.004050310334015599,0.00028550449269066345,7.8,HIGH
CVE-2021-47088,0.09826589595375723,0.0,0.39487110633727174,0.004050310334015596,0.00028550449269066345,7.0,HIGH
CVE-2021-47137,0.09826589595375723,0.0,0.39487110633727174,0.004050310334015599,0.00028550449269066345,7.8,HIGH
CVE-2021-46998,0.09826589595375723,0.0,0.39487110633727174,0.004050310334015596,0.00028550449269066345,7.8,HIGH
CVE-2021-47576,0.09826589595375723,0.0,0.39487110633727174,0.004050310334015599,0.00028550449269066345,7.8,HIGH
CVE-2021-47348,0.09826589595375723,0.0,0.39487110633727174,0.004050310334015599,0.00028550449269066345,9.1,CRITICAL
CVE-2021-47191,0.09826589595375723,0.0,0.39487110633727174,0.004050310334015594,0.00028550449269066345,7.1,HIGH
CVE-2021-47640,0.09826589595375723,0.0,0.39487110633727174,0.004050310334015598,0.00028550449269066345,7.8,HIGH
CVE-2021-47028,0.09826589595375723,0.0,0.39487110633727174,0.004050310334015598,0.00028550449269066345,7.8,HIGH
CVE-2021-46992,0.09826589595375723,0.0,0.39487110633727174,0.0040503103340156,0.00028550449269066345,7.1,HIGH
CVE-2021-46965,0.09826589595375723,0.0,0.39487110633727174,0.004050310334015599,0.00028550449269066345,7.1,HIGH
CVE-2021-47241,0.09826589595375723,0.0,0.39487110633727174,0.0040503103340156,0.00028550449269066345,7.5,HIGH
CVE-2021-47393,0.09826589595375723,0.0,0.39487110633727174,0.004050310334015599,0.00028550449269066345,7.1,HIGH
CVE-2021-4460,0.09826589595375723,0.0,0.39487110633727174,0.0040503103340156004,0.00028550449269066345,7.1,HIGH
CVE-2021-47311,0.09826589595375723,0.0,0.39487110633727174,0.004050310334015597,0.00028550449269066345,7.8,HIGH
CVE-2021-47549,0.09826589595375723,0.0,0.39487110633727174,0.004050310334015597,0.00028550449269066345,7.8,HIGH
CVE-2021-47148,0.09826589595375723,0.0,0.39487110633727174,0.004050310334015596,0.00028550449269066345,7.8,HIGH
CVE-2021-47391,0.09826589595375723,0.0,0.39487110633727174,0.004050310334015597,0.00028550449269066345,7.8,HIGH
CVE-2021-47068,0.09826589595375723,0.0,0.39487110633727174,0.004050310334015599,0.00028550449269066345,7.8,HIGH
CVE-2021-47025,0.09826589595375723,0.0,0.39487110633727174,0.0040503103340156,0.00028550449269066345,7.8,HIGH
CVE-2021-47313,0.09826589595375723,0.0,0.39487110633727174,0.004050310334015596,0.00028550449269066345,8.4,HIGH
CVE-2021-47668,0.09826589595375723,0.0,0.39487110633727174,0.004050310334015595,0.00028550449269066345,7.8,HIGH
CVE-2021-47274,0.09826589595375723,0.0,0.39487110633727174,0.004050310334015596,0.00028550449269066345,9.8,CRITICAL
CVE-2021-47669,0.09826589595375723,0.0,0.39487110633727174,0.004050310334015596,0.00028550449269066345,7.8,HIGH
CVE-2021-47322,0.09826589595375723,0.0,0.39487110633727174,0.0040503103340156,0.00028550449269066345,7.8,HIGH
CVE-2021-46950,0.09826589595375723,0.0,0.39487110633727174,0.004050310334015599,0.00028550449269066345,7.8,HIGH
CVE-2021-47110,0.09826589595375723,0.0,0.39487110633727174,0.004050310334015596,0.00028550449269066345,7.1,HIGH
CVE-2021-47342,0.09826589595375723,0.0,0.39487110633727174,0.0040503103340156,0.00028550449269066345,7.8,HIGH
CVE-2021-47427,0.09826589595375723,0.0,0.39487110633727174,0.004050310334015595,0.00028550449269066345,7.8,HIGH
CVE-2021-47483,0.09826589595375723,0.0,0.39487110633727174,0.004050310334015598,0.00028550449269066345,7.8,HIGH
CVE-2021-46955,0.09826589595375723,0.0,0.39487110633727174,0.0040503103340156004,0.00028550449269066345,7.1,HIGH
CVE-2021-47204,0.09826589595375723,0.0,0.39487110633727174,0.004050310334015598,0.00028550449269066345,7.8,HIGH
CVE-2021-29266,0.09826589595375723,0.0,0.39487110633727174,0.0040503103340156004,0.00028550449269066345,7.8,HIGH
CVE-2021-47459,0.09826589595375723,0.0,0.39487110633727174,0.004050310334015597,0.00028550449269066345,7.8,HIGH
CVE-2021-47548,0.09826589595375723,0.0,0.39487110633727174,0.004050310334015599,0.00028550449269066345,9.8,CRITICAL
CVE-2021-47379,0.09826589595375723,0.0,0.39487110633727174,0.004050310334015596,0.00028550449269066345,7.8,HIGH
CVE-2021-32078,0.09826589595375723,0.0,0.39487110633727174,0.004050310334015599,0.00028550449269066345,7.1,HIGH
CVE-2021-47346,0.09826589595375723,0.0,0.39487110633727174,0.004050310334015598,0.00028550449269066345,7.1,HIGH
CVE-2021-47131,0.09826589595375723,0.0,0.39487110633727174,0.004050310334015598,0.00028550449269066345,7.8,HIGH
CVE-2021-47390,0.09826589595375723,0.0,0.39487110633727174,0.004050310334015599,0.00028550449269066345,7.1,HIGH
CVE-2021-47291,0.09826589595375723,0.0,0.39487110633727174,0.004050310334015597,0.00028550449269066345,7.1,HIGH
CVE-2021-47069,0.09826589595375723,0.0,0.39487110633727174,0.004050310334015598,0.00028550449269066345,7.0,HIGH
CVE-2021-47061,0.09826589595375723,0.0,0.39487110633727174,0.0040503103340156,0.00028550449269066345,7.8,HIGH
CVE-2021-47653,0.09826589595375723,0.0,0.39487110633727174,0.004050310334015596,0.00028550449269066345,7.8,HIGH
CVE-2021-47083,0.09826589595375723,0.0,0.39487110633727174,0.004050310334015597,0.00028550449269066345,7.1,HIGH
CVE-2021-47441,0.09826589595375723,0.0,0.39487110633727174,0.004050310334015596,0.00028550449269066345,7.3,HIGH
CVE-2021-47358,0.09826589595375723,0.0,0.39487110633727174,0.004050310334015599,0.00028550449269066345,7.8,HIGH
CVE-2021-47496,0.09826589595375723,0.0,0.39487110633727174,0.0040503103340156,0.00028550449269066345,7.8,HIGH
CVE-2021-47280,0.09826589595375723,0.0,0.39487110633727174,0.004050310334015593,0.00028550449269066345,7.0,HIGH
CVE-2021-47352,0.09826589595375723,0.0,0.39487110633727174,0.004050310334015595,0.00028550449269066345,7.8,HIGH
CVE-2021-47254,0.09826589595375723,0.0,0.39487110633727174,0.0040503103340156,0.00028550449269066345,7.8,HIGH
CVE-2021-47282,0.09826589595375723,0.0,0.39487110633727174,0.004050310334015598,0.00028550449269066345,7.8,HIGH
CVE-2021-47278,0.09826589595375723,0.0,0.39487110633727174,0.0040503103340156004,0.00028550449269066345,7.8,HIGH
CVE-2021-46959,0.09826589595375723,0.0,0.39487110633727174,0.004050310334015598,0.00028550449269066345,7.8,HIGH
CVE-2021-4028,0.09826589595375723,0.0,0.39487110633727174,0.004050310334015595,0.00028550449269066345,7.8,HIGH
CVE-2021-47605,0.09826589595375723,0.0,0.39487110633727174,0.0040503103340156,0.00028550449269066345,7.8,HIGH
CVE-2021-47010,0.09826589595375723,0.0,0.39487110633727174,0.004050310334015597,0.00028550449269066345,7.8,HIGH
CVE-2021-47497,0.09826589595375723,0.0,0.39487110633727174,0.004050310334015597,0.00028550449269066345,7.8,HIGH
CVE-2021-47255,0.09826589595375723,0.0,0.39487110633727174,0.004050310334015598,0.00028550449269066345,7.1,HIGH
CVE-2021-47479,0.09826589595375723,0.0,0.39487110633727174,0.0040503103340156004,0.00028550449269066345,7.0,HIGH
CVE-2021-47633,0.09826589595375723,0.0,0.39487110633727174,0.004050310334015596,0.00028550449269066345,7.1,HIGH
CVE-2021-47243,0.09826589595375723,0.0,0.39487110633727174,0.004050310334015597,0.00028550449269066345,7.1,HIGH
CVE-2021-47541,0.09826589595375723,0.0,0.39487110633727174,0.004050310334015598,0.00028550449269066345,7.8,HIGH
CVE-2021-47102,0.09826589595375723,0.0,0.39487110633727174,0.004050310334015598,0.00028550449269066345,7.1,HIGH
CVE-2021-46991,0.09826589595375723,0.0,0.39487110633727174,0.004050310334015598,0.00028550449269066345,7.8,HIGH
CVE-2021-47153,0.09826589595375723,0.0,0.39487110633727174,0.004050310334015597,0.00028550449269066345,7.1,HIGH
CVE-2021-47097,0.09826589595375723,0.0,0.39487110633727174,0.004050310334015598,0.00028550449269066345,7.1,HIGH
CVE-2021-46943,0.09826589595375723,0.0,0.39487110633727174,0.004050310334015597,0.00028550449269066345,7.8,HIGH
CVE-2021-47222,0.09826589595375723,0.0,0.39487110633727174,0.004050310334015598,0.00028550449269066345,7.8,HIGH
CVE-2021-47111,0.09826589595375723,0.0,0.39487110633727174,0.004050310334015598,0.00028550449269066345,7.8,HIGH
CVE-2021-47232,0.09826589595375723,0.0,0.39487110633727174,0.004050310334015596,0.00028550449269066345,8.4,HIGH
CVE-2021-47521,0.09826589595375723,0.0,0.39487110633727174,0.004050310334015595,0.00028550449269066345,7.8,HIGH
CVE-2021-47328,0.09826589595375723,0.0,0.39487110633727174,0.004050310334015598,0.00028550449269066345,7.8,HIGH
CVE-2021-47118,0.09826589595375723,0.0,0.39487110633727174,0.004050310334015596,0.00028550449269066345,7.8,HIGH
CVE-2021-47101,0.09826589595375723,0.0,0.39487110633727174,0.004050310334015599,0.00028550449269066345,7.1,HIGH
CVE-2021-47642,0.09826589595375723,0.0,0.39487110633727174,0.004050310334015595,0.00028550449269066345,7.8,HIGH
CVE-2021-47402,0.09826589595375723,0.0,0.39487110633727174,0.004050310334015596,0.00028550449269066345,7.8,HIGH
CVE-2021-47336,0.09826589595375723,0.0,0.39487110633727174,0.004050310334015595,0.00028550449269066345,7.8,HIGH
CVE-2021-3715,0.09826589595375723,0.0,0.39487110633727174,0.0040503103340156,0.00028550449269066345,7.8,HIGH
CVE-2021-47356,0.09826589595375723,0.0,0.39487110633727174,0.004050310334015596,0.00028550449269066345,7.7,HIGH
CVE-2021-47081,0.09826589595375723,0.0,0.39487110633727174,0.004050310334015595,0.00028550449269066345,7.8,HIGH
CVE-2021-47082,0.09826589595375723,0.0,0.39487110633727174,0.004050310334015596,0.00028550449269066345,7.8,HIGH
CVE-2021-47520,0.09826589595375723,0.0,0.39487110633727174,0.004050310334015597,0.00028550449269066345,7.8,HIGH
CVE-2021-47500,0.09826589595375723,0.0,0.39487110633727174,0.004050310334015597,0.00028550449269066345,7.8,HIGH
CVE-2021-47636,0.09826589595375723,0.0,0.39487110633727174,0.004050310334015596,0.00028550449269066345,7.1,HIGH
CVE-2021-47338,0.09826589595375723,0.0,0.39487110633727174,0.0040503103340156004,0.00028550449269066345,7.8,HIGH
CVE-2021-47226,0.09826589595375723,0.0,0.39487110633727174,0.0040503103340156,0.00028550449269066345,7.1,HIGH
CVE-2021-47268,0.09826589595375723,0.0,0.39487110633727174,0.004050310334015601,0.00028550449269066345,7.8,HIGH
CVE-2021-47094,0.09826589595375723,0.0,0.39487110633727174,0.004050310334015598,0.00028550449269066345,7.1,HIGH
CVE-2021-46984,0.09826589595375723,0.0,0.39487110633727174,0.0040503103340156004,0.00028550449269066345,7.8,HIGH
CVE-2021-47310,0.09826589595375723,0.0,0.39487110633727174,0.004050310334015599,0.00028550449269066345,7.8,HIGH
CVE-2021-47302,0.09826589595375723,0.0,0.39487110633727174,0.004050310334015596,0.00028550449269066345,7.8,HIGH
CVE-2021-47464,0.09826589595375723,0.0,0.39487110633727174,0.0040503103340156004,0.00028550449269066345,7.4,HIGH
CVE-2021-46980,0.09826589595375723,0.0,0.39487110633727174,0.004050310334015598,0.00028550449269066345,7.1,HIGH
CVE-2021-47404,0.09826589595375723,0.0,0.39487110633727174,0.0040503103340156004,0.00028550449269066345,7.8,HIGH
CVE-2021-47049,0.09826589595375723,0.0,0.39487110633727174,0.004050310334015596,0.00028550449269066345,7.8,HIGH
CVE-2021-46969,0.09826589595375723,0.0,0.39487110633727174,0.0040503103340156,0.00028550449269066345,7.8,HIGH
CVE-2021-47604,0.09826589595375723,0.0,0.39487110633727174,0.004050310334015597,0.00028550449269066345,7.1,HIGH
CVE-2021-47235,0.09826589595375723,0.0,0.39487110633727174,0.004050310334015598,0.00028550449269066345,7.8,HIGH
CVE-2021-47323,0.09826589595375723,0.0,0.39487110633727174,0.004050310334015597,0.00028550449269066345,8.8,HIGH
CVE-2021-47286,0.09826589595375723,0.0,0.39487110633727174,0.004050310334015597,0.00028550449269066345,7.8,HIGH
CVE-2021-47301,0.09826589595375723,0.0,0.39487110633727174,0.004050310334015596,0.00028550449269066345,7.8,HIGH
CVE-2021-47135,0.09826589595375723,0.0,0.39487110633727174,0.0040503103340156,0.00028550449269066345,7.8,HIGH
CVE-2021-47361,0.09826589595375723,0.0,0.39487110633727174,0.004050310334015598,0.00028550449269066345,7.8,HIGH
CVE-2021-46966,0.09826589595375723,0.0,0.39487110633727174,0.0040503103340156,0.00028550449269066345,7.8,HIGH
CVE-2021-47388,0.09826589595375723,0.0,0.39487110633727174,0.0040503103340156,0.00028550449269066345,7.8,HIGH
CVE-2021-47525,0.09826589595375723,0.0,0.39487110633727174,0.004050310334015597,0.00028550449269066345,7.8,HIGH
CVE-2021-47598,0.09826589595375723,0.0,0.39487110633727174,0.004050310334015596,0.00028550449269066345,7.8,HIGH
CVE-2021-47517,0.09826589595375723,0.0,0.39487110633727174,0.004050310334015599,0.00028550449269066345,7.8,HIGH
CVE-2021-47474,0.09826589595375723,0.0,0.39487110633727174,0.004050310334015593,0.00028550449269066345,7.8,HIGH
CVE-2021-47383,0.09826589595375723,0.0,0.39487110633727174,0.004050310334015599,0.00028550449269066345,7.1,HIGH
CVE-2021-47394,0.09826589595375723,0.0,0.39487110633727174,0.004050310334015596,0.00028550449269066345,7.8,HIGH
CVE-2021-47477,0.09826589595375723,0.0,0.39487110633727174,0.0040503103340156,0.00028550449269066345,7.8,HIGH
CVE-2021-47160,0.09826589595375723,0.0,0.39487110633727174,0.004050310334015597,0.00028550449269066345,7.1,HIGH
CVE-2021-47536,0.09826589595375723,0.0,0.39487110633727174,0.0040503103340156,0.00028550449269066345,7.8,HIGH
CVE-2021-38207,0.09826589595375723,0.0,0.39487110633727174,0.004050310334015596,0.00028550449269066345,7.5,HIGH
CVE-2021-47485,0.09826589595375723,0.0,0.39487110633727174,0.0040503103340155935,0.00028550449269066345,7.8,HIGH
CVE-2021-47449,0.09826589595375723,0.0,0.39487110633727174,0.004050310334015597,0.00028550449269066345,7.1,HIGH
CVE-2021-47261,0.09826589595375723,0.0,0.39487110633727174,0.004050310334015597,0.00028550449269066345,7.8,HIGH
CVE-2021-46999,0.09826589595375723,0.0,0.39487110633727174,0.0040503103340156,0.00028550449269066345,7.8,HIGH
CVE-2021-47132,0.09826589595375723,0.0,0.39487110633727174,0.0040503103340156,0.00028550449269066345,7.1,HIGH
CVE-2021-46973,0.09826589595375723,0.0,0.39487110633727174,0.004050310334015598,0.00028550449269066345,8.4,HIGH
CVE-2021-47533,0.09826589595375723,0.0,0.39487110633727174,0.004050310334015595,0.00028550449269066345,7.8,HIGH
CVE-2021-47506,0.09826589595375723,0.0,0.39487110633727174,0.004050310334015597,0.00028550449269066345,7.8,HIGH
CVE-2021-46954,0.09826589595375723,0.0,0.39487110633727174,0.004050310334015599,0.00028550449269066345,7.1,HIGH
CVE-2021-47318,0.09826589595375723,0.0,0.39487110633727174,0.0040503103340155935,0.00028550449269066345,7.8,HIGH
CVE-2021-47044,0.09826589595375723,0.0,0.39487110633727174,0.004050310334015599,0.00028550449269066345,7.7,HIGH
CVE-2021-47013,0.09826589595375723,0.0,0.39487110633727174,0.004050310334015596,0.00028550449269066345,7.8,HIGH
CVE-2021-47295,0.09826589595375723,0.0,0.39487110633727174,0.004050310334015598,0.00028550449269066345,7.5,HIGH
CVE-2021-47354,0.09826589595375723,0.0,0.39487110633727174,0.004050310334015596,0.00028550449269066345,9.1,CRITICAL
CVE-2021-47309,0.09826589595375723,0.0,0.39487110633727174,0.004050310334015599,0.00028550449269066345,7.1,HIGH
CVE-2021-33033,0.09826589595375723,0.0,0.39487110633727174,0.004050310334015597,0.00028550449269066345,7.8,HIGH
CVE-2021-47565,0.09826589595375723,0.0,0.39487110633727174,0.004050310334015598,0.00028550449269066345,7.8,HIGH
CVE-2021-47259,0.09826589595375723,0.0,0.39487110633727174,0.004050310334015598,0.00028550449269066345,7.5,HIGH
CVE-2021-47609,0.09826589595375723,0.0,0.39487110633727174,0.004050310334015601,0.00028550449269066345,7.8,HIGH
CVE-2021-47378,0.09826589595375723,0.0,0.39487110633727174,0.004050310334015598,0.00028550449269066345,9.8,CRITICAL
CVE-2021-47321,0.09826589595375723,0.0,0.39487110633727174,0.004050310334015599,0.00028550449269066345,7.8,HIGH
CVE-2021-47624,0.09826589595375723,0.0,0.39487110633727174,0.004050310334015594,0.00028550449269066345,7.1,HIGH
CVE-2021-47347,0.09826589595375723,0.0,0.39487110633727174,0.004050310334015597,0.00028550449269066345,8.8,HIGH
CVE-2021-47017,0.09826589595375723,0.0,0.39487110633727174,0.004050310334015598,0.00028550449269066345,7.8,HIGH
CVE-2021-47456,0.09826589595375723,0.0,0.39487110633727174,0.004050310334015596,0.00028550449269066345,8.4,HIGH
CVE-2021-47403,0.09826589595375723,0.0,0.39487110633727174,0.0040503103340156,0.00028550449269066345,7.1,HIGH
CVE-2021-47600,0.09826589595375723,0.0,0.39487110633727174,0.004050310334015596,0.00028550449269066345,7.8,HIGH
CVE-2021-47475,0.09826589595375723,0.0,0.39487110633727174,0.004050310334015598,0.00028550449269066345,7.8,HIGH
CVE-2021-47103,0.09826589595375723,0.0,0.39487110633727174,0.004050310334015597,0.00028550449269066345,7.8,HIGH
CVE-2021-47281,0.09826589595375723,0.0,0.39487110633727174,0.004050310334015598,0.00028550449269066345,7.0,HIGH
CVE-2021-47371,0.09826589595375723,0.0,0.39487110633727174,0.004050310334015598,0.00028550449269066345,7.1,HIGH
CVE-2021-47196,0.09826589595375723,0.0,0.39487110633727174,0.004050310334015595,0.00028550449269066345,7.8,HIGH
CVE-2021-47368,0.09826589595375723,0.0,0.39487110633727174,0.004050310334015595,0.00028550449269066345,8.1,HIGH
CVE-2021-47239,0.09826589595375723,0.0,0.39487110633727174,0.004050310334015595,0.00028550449269066345,7.8,HIGH
CVE-2021-47553,0.09826589595375723,0.0,0.39487110633727174,0.004050310334015597,0.00028550449269066345,7.8,HIGH
CVE-2021-47571,0.09826589595375723,0.0,0.39487110633727174,0.004050310334015596,0.00028550449269066345,7.8,HIGH
CVE-2021-47656,0.09826589595375723,0.0,0.39487110633727174,0.004050310334015597,0.00028550449269066345,7.8,HIGH
CVE-2021-47634,0.09826589595375723,0.0,0.39487110633727174,0.004050310334015596,0.00028550449269066345,7.8,HIGH
CVE-2021-47303,0.09826589595375723,0.0,0.39487110633727174,0.004050310334015598,0.00028550449269066345,7.8,HIGH
CVE-2021-47327,0.09826589595375723,0.0,0.39487110633727174,0.004050310334015596,0.00028550449269066345,7.1,HIGH
CVE-2021-47616,0.09826589595375723,0.0,0.39487110633727174,0.004050310334015599,0.00028550449269066345,7.8,HIGH
CVE-2021-47357,0.09826589595375723,0.0,0.39487110633727174,0.0040503103340156004,0.00028550449269066345,7.8,HIGH
CVE-2021-47470,0.09826589595375723,0.0,0.39487110633727174,0.0040503103340156,0.00028550449269066345,7.8,HIGH
CVE-2021-47012,0.09826589595375723,0.0,0.39487110633727174,0.004050310334015598,0.00028550449269066345,7.8,HIGH
CVE-2021-47564,0.09826589595375723,0.0,0.39487110633727174,0.004050310334015598,0.00028550449269066345,7.8,HIGH
CVE-2021-47613,0.09826589595375723,0.0,0.39487110633727174,0.004050310334015596,0.0002855044926906634,7.8,HIGH
CVE-2021-47023,0.09826589595375723,0.0,0.39487110633727174,0.004050310334015597,0.0002855044926906634,8.2,HIGH
CVE-2021-47098,0.09826589595375723,0.0,0.39487110633727174,0.0040503103340156,0.0002855044926906634,7.8,HIGH
CVE-2021-47386,0.09826589595375723,0.0,0.39487110633727174,0.0040503103340155935,0.0002855044926906634,7.8,HIGH
CVE-2021-47046,0.09826589595375723,0.0,0.39487110633727174,0.004050310334015598,0.0002855044926906634,7.8,HIGH
CVE-2021-47242,0.09826589595375723,0.0,0.39487110633727174,0.004050310334015598,0.0002855044926906634,7.8,HIGH
CVE-2021-33196,0.10268616116967018,0.00035886252276647604,0.5034234851078397,0.015303071428484478,0.0002847795978136758,7.5,HIGH
CVE-2021-44716,0.10268616116967018,0.00035886252276647604,0.5034234851078397,0.015303071428484489,0.0002847795978136758,7.5,HIGH
CVE-2021-1840,0.0856851411084665,4.6046323213492304e-07,0.39636118598382747,0.002548371682387242,0.00028415934336415333,7.8,HIGH
CVE-2021-30981,0.0856851411084665,4.6046323213492304e-07,0.39636118598382747,0.002548371682387242,0.00028415934336415333,7.8,HIGH
CVE-2021-30787,0.0856851411084665,4.6046323213492304e-07,0.39636118598382747,0.0025483716823872437,0.00028415934336415333,7.8,HIGH
CVE-2021-30865,0.0856851411084665,4.6046323213492304e-07,0.39636118598382747,0.002548371682387246,0.00028415934336415333,7.8,HIGH
CVE-2021-30824,0.0856851411084665,4.6046323213492304e-07,0.39636118598382747,0.002548371682387245,0.00028415934336415333,7.8,HIGH
CVE-2021-1802,0.0856851411084665,4.6046323213492304e-07,0.39636118598382747,0.0025483716823872446,0.00028415934336415333,7.8,HIGH
CVE-2021-1736,0.0856851411084665,4.6046323213492304e-07,0.39636118598382747,0.0025483716823872446,0.00028415934336415333,7.8,HIGH
CVE-2021-1876,0.0856851411084665,4.6046323213492304e-07,0.39636118598382747,0.0025483716823872433,0.00028415934336415333,8.8,HIGH
CVE-2021-30790,0.0856851411084665,4.6046323213492304e-07,0.39636118598382747,0.0025483716823872407,0.00028415934336415333,7.8,HIGH
CVE-2021-30683,0.0856851411084665,4.6046323213492304e-07,0.39636118598382747,0.002548371682387245,0.00028415934336415333,7.8,HIGH
CVE-2021-30655,0.0856851411084665,4.6046323213492304e-07,0.39636118598382747,0.002548371682387246,0.00028415934336415333,9.8,CRITICAL
CVE-2021-30827,0.0856851411084665,4.6046323213492304e-07,0.39636118598382747,0.002548371682387243,0.00028415934336415333,7.8,HIGH
CVE-2021-30684,0.0856851411084665,4.6046323213492304e-07,0.39636118598382747,0.0025483716823872403,0.00028415934336415333,7.8,HIGH
CVE-2021-1779,0.0856851411084665,4.6046323213492304e-07,0.39636118598382747,0.002548371682387246,0.00028415934336415333,7.8,HIGH
CVE-2021-1790,0.0856851411084665,4.6046323213492304e-07,0.39636118598382747,0.0025483716823872403,0.00028415934336415333,7.8,HIGH
CVE-2021-1841,0.0856851411084665,4.6046323213492304e-07,0.39636118598382747,0.002548371682387244,0.00028415934336415333,7.8,HIGH
CVE-2021-30805,0.0856851411084665,4.6046323213492304e-07,0.39636118598382747,0.002548371682387239,0.00028415934336415333,9.8,CRITICAL
CVE-2021-30832,0.0856851411084665,4.6046323213492304e-07,0.39636118598382747,0.0025483716823872476,0.00028415934336415333,7.8,HIGH
CVE-2021-30784,0.0856851411084665,4.6046323213492304e-07,0.39636118598382747,0.002548371682387244,0.00028415934336415333,7.8,HIGH
CVE-2021-1828,0.0856851411084665,4.6046323213492304e-07,0.39636118598382747,0.0025483716823872424,0.00028415934336415333,7.1,HIGH
CVE-2021-30777,0.0856851411084665,4.6046323213492304e-07,0.39636118598382747,0.0025483716823872433,0.00028415934336415333,7.8,HIGH
CVE-2021-1784,0.0856851411084665,4.6046323213492304e-07,0.39636118598382747,0.002548371682387243,0.00028415934336415333,7.5,HIGH
CVE-2021-30830,0.0856851411084665,4.6046323213492304e-07,0.39636118598382747,0.002548371682387241,0.00028415934336415333,7.8,HIGH
CVE-2021-1806,0.0856851411084665,4.6046323213492304e-07,0.39636118598382747,0.0025483716823872463,0.00028415934336415333,7.0,HIGH
CVE-2021-1751,0.0856851411084665,4.6046323213492304e-07,0.39636118598382747,0.0025483716823872437,0.00028415934336415333,7.8,HIGH
CVE-2021-1839,0.0856851411084665,4.6046323213492304e-07,0.39636118598382747,0.002548371682387246,0.00028415934336415333,7.8,HIGH
CVE-2021-30688,0.0856851411084665,4.6046323213492304e-07,0.39636118598382747,0.0025483716823872433,0.00028415934336415333,8.8,HIGH
CVE-2021-30975,0.0856851411084665,4.6046323213492304e-07,0.39636118598382747,0.002548371682387245,0.00028415934336415333,8.6,HIGH
CVE-2021-30969,0.0856851411084665,4.6046323213492304e-07,0.39636118598382747,0.0025483716823872446,0.00028415934336415333,7.8,HIGH
CVE-2021-30877,0.0856851411084665,4.6046323213492304e-07,0.39636118598382747,0.002548371682387245,0.00028415934336415333,7.1,HIGH
CVE-2021-30901,0.0856851411084665,4.6046323213492304e-07,0.39636118598382747,0.0025483716823872446,0.00028415934336415333,7.8,HIGH
CVE-2021-30739,0.0856851411084665,4.6046323213492304e-07,0.39636118598382747,0.002548371682387241,0.00028415934336415333,7.8,HIGH
CVE-2021-30821,0.0856851411084665,4.6046323213492304e-07,0.39636118598382747,0.0025483716823872424,0.00028415934336415333,7.8,HIGH
CVE-2021-30977,0.0856851411084665,4.6046323213492304e-07,0.39636118598382747,0.0025483716823872437,0.00028415934336415333,7.8,HIGH
CVE-2021-1805,0.0856851411084665,4.6046323213492304e-07,0.39636118598382747,0.002548371682387245,0.00028415934336415333,7.8,HIGH
CVE-2021-30876,0.0856851411084665,4.6046323213492304e-07,0.39636118598382747,0.0025483716823872437,0.00028415934336415333,7.1,HIGH
CVE-2021-30879,0.0856851411084665,4.6046323213492304e-07,0.39636118598382747,0.0025483716823872433,0.00028415934336415333,7.1,HIGH
CVE-2021-30717,0.0856851411084665,4.6046323213492304e-07,0.39636118598382747,0.002548371682387245,0.00028415934336415333,8.1,HIGH
CVE-2021-1834,0.0856851411084665,4.6046323213492304e-07,0.39636118598382747,0.0025483716823872424,0.00028415934336415333,9.8,CRITICAL
CVE-2021-30713,0.0856851411084665,4.6046323213492304e-07,0.39636118598382747,0.0025483716823872433,0.00028415934336415333,7.8,HIGH
CVE-2021-30873,0.0856851411084665,4.6046323213492304e-07,0.39636118598382747,0.0025483716823872468,0.00028415934336415333,7.8,HIGH
CVE-2021-30829,0.0856851411084665,4.6046323213492304e-07,0.39636118598382747,0.0025483716823872433,0.00028415934336415333,7.8,HIGH
CVE-2021-30880,0.0856851411084665,4.6046323213492304e-07,0.39636118598382747,0.002548371682387244,0.00028415934336415333,7.1,HIGH
CVE-2021-1847,0.0856851411084665,4.6046323213492304e-07,0.39636118598382747,0.0025483716823872403,0.00028415934336415333,7.8,HIGH
CVE-2021-30899,0.0856851411084665,4.6046323213492304e-07,0.39636118598382747,0.002548371682387246,0.00028415934336415333,7.0,HIGH
CVE-2021-30935,0.0856851411084665,4.6046323213492304e-07,0.39636118598382747,0.0025483716823872455,0.00028415934336415333,8.8,HIGH
CVE-2021-1775,0.0856851411084665,4.6046323213492304e-07,0.39636118598382747,0.0025483716823872424,0.00028415934336415333,7.8,HIGH
CVE-2021-30766,0.0856851411084665,4.6046323213492304e-07,0.39636118598382747,0.002548371682387246,0.00028415934336415333,7.8,HIGH
CVE-2021-30676,0.0856851411084665,4.6046323213492304e-07,0.39636118598382747,0.0025483716823872416,0.00028415934336415333,7.1,HIGH
CVE-2021-30844,0.0856851411084665,4.6046323213492304e-07,0.39636118598382747,0.002548371682387244,0.00028415934336415333,7.5,HIGH
CVE-2021-30719,0.0856851411084665,4.6046323213492304e-07,0.39636118598382747,0.002548371682387242,0.00028415934336415333,7.1,HIGH
CVE-2021-30726,0.0856851411084665,4.6046323213492304e-07,0.39636118598382747,0.0025483716823872424,0.00028415934336415333,7.8,HIGH
CVE-2021-30793,0.0856851411084665,4.6046323213492304e-07,0.39636118598382747,0.002548371682387242,0.00028415934336415333,9.8,CRITICAL
CVE-2021-30938,0.0856851411084665,4.6046323213492304e-07,0.39636118598382747,0.0025483716823872437,0.00028415934336415333,7.7,HIGH
CVE-2021-30678,0.0856851411084665,4.6046323213492304e-07,0.39636118598382747,0.0025483716823872463,0.00028415934336415333,9.8,CRITICAL
CVE-2021-30728,0.0856851411084665,4.6046323213492304e-07,0.39636118598382747,0.0025483716823872424,0.00028415934336415333,7.8,HIGH
CVE-2021-30712,0.0856851411084665,4.6046323213492304e-07,0.39636118598382747,0.0025483716823872455,0.00028415934336415333,7.8,HIGH
CVE-2021-30765,0.0856851411084665,4.6046323213492304e-07,0.39636118598382747,0.0025483716823872433,0.00028415934336415333,7.8,HIGH
CVE-2021-30772,0.0856851411084665,4.6046323213492304e-07,0.39636118598382747,0.002548371682387243,0.00028415934336415333,7.8,HIGH
CVE-2021-30735,0.0856851411084665,4.6046323213492304e-07,0.39636118598382747,0.0025483716823872437,0.0002841593433641533,7.8,HIGH
CVE-2021-30679,0.0856851411084665,4.6046323213492304e-07,0.39636118598382747,0.002548371682387244,0.0002841593433641533,7.8,HIGH
CVE-2021-30672,0.0856851411084665,4.6046323213492304e-07,0.39636118598382747,0.0025483716823872416,0.0002841593433641533,7.8,HIGH
CVE-2021-43174,0.09962597755865352,0.0006791162058438666,0.47735757182275607,0.01624566785468213,0.0002837483574867096,7.5,HIGH
CVE-2021-43173,0.09962597755865352,0.0006791162058438666,0.47735757182275607,0.01624566785468213,0.0002837483574867096,7.5,HIGH
CVE-2021-42340,0.10268616116967018,0.0003241497411501928,0.4786004882017901,0.016432083213620434,0.0002832866717793413,7.5,HIGH
CVE-2021-31004,0.08534512070724244,3.75489926127802e-07,0.3963077752324485,0.002547277052563411,0.0002830882677426141,7.0,HIGH
CVE-2021-30864,0.08534512070724244,3.75489926127802e-07,0.3963077752324485,0.0025472770525634104,0.0002830882677426141,8.6,HIGH
CVE-2021-30933,0.08534512070724244,3.75489926127802e-07,0.3963077752324485,0.0025472770525634134,0.0002830882677426141,7.0,HIGH
CVE-2021-31002,0.08534512070724244,3.75489926127802e-07,0.3963077752324485,0.0025472770525634112,0.0002830882677426141,7.8,HIGH
CVE-2021-1853,0.08466507990479429,0.0,0.3962009969015223,0.002542043894124598,0.0002810596935045473,7.8,HIGH
CVE-2021-1829,0.08466507990479429,0.0,0.3962009969015223,0.0025420438941246002,0.0002810596935045473,9.8,CRITICAL
CVE-2021-1859,0.08466507990479429,0.0,0.3962009969015223,0.002542043894124601,0.0002810596935045473,7.5,HIGH
CVE-2021-30856,0.08466507990479429,0.0,0.3962009969015223,0.0025420438941245963,0.0002810596935045473,9.1,CRITICAL
CVE-2021-30680,0.08466507990479429,0.0,0.3962009969015223,0.0025420438941246,0.0002810596935045473,7.8,HIGH
CVE-2021-30868,0.08466507990479429,0.0,0.3962009969015223,0.0025420438941245976,0.0002810596935045473,7.0,HIGH
CVE-2021-1035,0.059843590615436926,3.3129008885077646e-07,0.38090920865172906,9.504423781380404e-05,0.0002795066758790295,7.8,HIGH
CVE-2021-45911,0.0999659979598776,0.0004525900377951755,0.4645395672089717,0.015158854360575518,0.00027783826413670695,7.8,HIGH
CVE-2021-45910,0.0999659979598776,0.0004525900377951755,0.4645395672089717,0.015158854360575527,0.00027783826413670695,7.8,HIGH
CVE-2021-45909,0.0999659979598776,0.0004525900377951755,0.4645395672089717,0.015158854360575524,0.00027783826413670695,7.8,HIGH
CVE-2021-21860,0.10438626317579056,0.00027998316064839035,0.47844476980640965,0.016269072146557054,0.0002772624868243078,8.8,HIGH
CVE-2021-21837,0.10438626317579056,0.00027998316064839035,0.47844476980640965,0.016269072146557043,0.0002772624868243078,8.8,HIGH
CVE-2021-21859,0.10438626317579056,0.00027998316064839035,0.47844476980640965,0.01626907214655704,0.0002772624868243078,8.8,HIGH
CVE-2021-21850,0.10438626317579056,0.00027998316064839035,0.47844476980640965,0.016269072146557043,0.0002772624868243078,8.8,HIGH
CVE-2021-21861,0.10438626317579056,0.00027998316064839035,0.47844476980640965,0.016269072146557043,0.0002772624868243078,8.8,HIGH
CVE-2021-3839,0.11118667120027202,3.516389305659401e-05,0.47412542318233114,0.017120091066952805,0.00027359433689451277,7.5,HIGH
CVE-2021-2351,0.031961917715062904,0.0003253719534416687,0.4221329123008469,0.0031600668160226986,0.0002726293256241674,8.3,HIGH
CVE-2021-20309,0.10030601836110167,0.00020740003512897796,0.4646129541864139,0.01520291706889729,0.00027184589283985944,7.5,HIGH
CVE-2021-20313,0.10030601836110167,0.00020740003512897796,0.4646129541864139,0.015202917068897296,0.00027184589283985944,7.5,HIGH
CVE-2021-20312,0.10030601836110167,0.00020740003512897796,0.4646129541864139,0.015202917068897278,0.00027184589283985944,7.5,HIGH
CVE-2021-43008,0.09962597755865352,0.0003396736774974677,0.46446620341124445,0.015158704236681015,0.0002713780051436142,7.5,HIGH
CVE-2021-21311,0.09962597755865352,0.0003396736774974677,0.46446620341124445,0.01515870423668101,0.0002713780051436142,7.2,HIGH
CVE-2021-0302,0.05746344780686841,4.2994148401011604e-07,0.3807119741100324,9.389683445336875e-05,0.00027064435525987084,7.8,HIGH
CVE-2021-0314,0.05746344780686841,4.2994148401011604e-07,0.3807119741100324,9.389683445337066e-05,0.00027064435525987084,7.3,HIGH
CVE-2021-22492,0.05746344780686841,4.2994148401011604e-07,0.3807119741100324,9.389683445336849e-05,0.00027064435525987084,8.8,HIGH
CVE-2021-25346,0.05746344780686841,4.2994148401011604e-07,0.3807119741100324,9.389683445336801e-05,0.00027064435525987084,7.1,HIGH
CVE-2021-0305,0.05746344780686841,4.2994148401011604e-07,0.3807119741100324,9.389683445337039e-05,0.00027064435525987084,7.8,HIGH
CVE-2021-0339,0.05746344780686841,4.2994148401011604e-07,0.3807119741100324,9.389683445337147e-05,0.00027064435525987084,7.8,HIGH
CVE-2021-26687,0.05746344780686841,4.2994148401011604e-07,0.3807119741100324,9.389683445336953e-05,0.00027064435525987084,9.8,CRITICAL
CVE-2021-25417,0.05746344780686841,4.2994148401011604e-07,0.3807119741100324,9.389683445337076e-05,0.00027064435525987084,7.5,HIGH
CVE-2021-26689,0.05746344780686841,4.2994148401011604e-07,0.3807119741100324,9.389683445336677e-05,0.00027064435525987084,9.8,CRITICAL
CVE-2021-0583,0.05746344780686841,4.2994148401011604e-07,0.3807119741100324,9.389683445337128e-05,0.00027064435525987084,7.3,HIGH
CVE-2021-0438,0.05746344780686841,4.2994148401011604e-07,0.3807119741100324,9.389683445337204e-05,0.00027064435525987084,7.8,HIGH
CVE-2021-28861,0.0999659979598776,0.00016265720940418247,0.47071062740076824,0.015420187405458596,0.000270223387476529,7.4,HIGH
CVE-2021-25290,0.10302618157089426,0.00019488619534811677,0.4652008857956343,0.015502807882333054,0.00026855133777799813,7.5,HIGH
CVE-2021-29986,0.05712342740564434,0.0008557965608360202,0.41710395688554813,0.0014545900261208808,0.0002684889796387368,8.1,HIGH
CVE-2021-3905,0.09894593675620537,0.00017308005160184212,0.4703342395650088,0.01524863250299608,0.0002672485465046875,7.5,HIGH
CVE-2021-33644,0.09894593675620537,0.00023357189824348392,0.4704847224444089,0.015314427010591889,0.00026650976455088506,8.1,HIGH
CVE-2021-33646,0.09894593675620537,0.00023357189824348392,0.4704847224444089,0.015314427010591887,0.00026650976455088506,7.5,HIGH
CVE-2021-33645,0.09894593675620537,0.00023357189824348392,0.4704847224444089,0.015314427010591885,0.00026650976455088506,7.5,HIGH
CVE-2021-33643,0.09894593675620537,0.00023357189824348392,0.4704847224444089,0.015314427010591887,0.00026650976455088506,9.1,CRITICAL
CVE-2021-39663,0.05644338660319619,0.0,0.38041650497995083,9.346113360838418e-05,0.0002664315955396219,7.8,HIGH
CVE-2021-0635,0.05644338660319619,0.0,0.38041650497995083,9.346113360838318e-05,0.0002664315955396219,7.8,HIGH
CVE-2021-25360,0.05644338660319619,0.0,0.38041650497995083,9.34611336083856e-05,0.0002664315955396219,9.0,CRITICAL
CVE-2021-0340,0.05644338660319619,0.0,0.38041650497995083,9.346113360838146e-05,0.0002664315955396219,8.8,HIGH
CVE-2021-26688,0.05644338660319619,0.0,0.38041650497995083,9.346113360838509e-05,0.0002664315955396219,9.8,CRITICAL
CVE-2021-0932,0.05644338660319619,0.0,0.38041650497995083,9.346113360838537e-05,0.0002664315955396218,7.8,HIGH
CVE-2021-25330,0.05644338660319619,0.0,0.38041650497995083,9.346113360838048e-05,0.0002664315955396218,7.5,HIGH
CVE-2021-0636,0.05644338660319619,0.0,0.38041650497995083,9.346113360838372e-05,0.0002664315955396218,7.8,HIGH
CVE-2021-0466,0.05644338660319619,0.0,0.38041650497995083,9.346113360838144e-05,0.0002664315955396218,7.5,HIGH
CVE-2021-25412,0.05644338660319619,0.0,0.38041650497995083,9.346113360838092e-05,0.0002664315955396218,7.8,HIGH
CVE-2021-3761,0.09928595715742945,0.00023428310084437168,0.47728010386238234,0.016245612276433456,0.00026446833483218245,7.5,HIGH
CVE-2021-3929,0.10098605916354982,6.976723426066256e-05,0.4709367493995196,0.01563299418765184,0.00026032817421844077,8.2,HIGH
CVE-2021-38510,0.06936416184971099,0.0006906744504376023,0.4139338494018297,0.0015767705180538593,0.00026031852401799214,8.8,HIGH
CVE-2021-33621,0.0999659979598776,0.00010397836807051703,0.47071062740076824,0.015412111936024217,0.00025997391322573905,8.8,HIGH
CVE-2021-25634,0.09962597755865352,0.00016138663131757544,0.47735757182275607,0.01628822840831806,0.00025792173911090766,7.5,HIGH
CVE-2021-25633,0.09962597755865352,0.00016138663131757544,0.47735757182275607,0.016288228408318062,0.00025792173911090766,7.5,HIGH
CVE-2021-32765,0.0999659979598776,7.347035005910047e-06,0.4648332543069385,0.015230401683595341,0.000252151699236797,8.8,HIGH
CVE-2021-27928,0.0999659979598776,6.598070906393592e-06,0.4645395672089717,0.015212086198681356,0.0002517865358933701,7.2,HIGH
CVE-2021-41556,0.09826589595375723,4.144363526615662e-05,0.4703342395650088,0.015313579766458689,0.0002515868905262683,10.0,CRITICAL
CVE-2021-38593,0.09826589595375723,4.144363526615662e-05,0.4703342395650088,0.015313579766458689,0.0002515868905262683,7.5,HIGH
CVE-2021-43518,0.09826589595375723,4.144363526615662e-05,0.4703342395650088,0.015313579766458685,0.0002515868905262683,7.8,HIGH
CVE-2021-44537,0.09826589595375723,4.144363526615662e-05,0.4703342395650088,0.015313579766458689,0.0002515868905262683,7.8,HIGH
CVE-2021-44227,0.09962597755865352,1.914182187669277e-07,0.46446620341124445,0.015197596023803326,0.0002497509851708269,8.8,HIGH
CVE-2021-41054,0.09928595715742945,0.0,0.46439286278225167,0.015158629352798766,0.0002491042734941154,7.5,HIGH
CVE-2021-33293,0.09928595715742945,0.0,0.46439286278225167,0.015158629352798766,0.0002491042734941154,9.1,CRITICAL
CVE-2021-36773,0.09928595715742945,0.0,0.46439286278225167,0.015158629352798771,0.0002491042734941154,7.5,HIGH
CVE-2021-28374,0.09928595715742945,0.0,0.46439286278225167,0.015158629352798766,0.0002491042734941154,7.5,HIGH
CVE-2021-32739,0.09928595715742945,0.0,0.46439286278225167,0.015158629352798767,0.0002491042734941154,8.8,HIGH
CVE-2021-30163,0.09928595715742945,0.0,0.46439286278225167,0.015158629352798767,0.0002491042734941154,7.5,HIGH
CVE-2021-29376,0.09928595715742945,0.0,0.46439286278225167,0.015158629352798766,0.0002491042734941154,7.5,HIGH
CVE-2021-33833,0.09928595715742945,0.0,0.46439286278225167,0.015158629352798766,0.0002491042734941154,9.8,CRITICAL
CVE-2021-1405,0.09928595715742945,0.0,0.46439286278225167,0.015158629352798767,0.0002491042734941154,7.5,HIGH
CVE-2021-27229,0.09928595715742945,0.0,0.46439286278225167,0.015158629352798766,0.00024910427349411537,8.8,HIGH
CVE-2021-31872,0.09928595715742945,0.0,0.46439286278225167,0.015158629352798762,0.00024910427349411537,9.8,CRITICAL
CVE-2021-31598,0.09928595715742945,0.0,0.46439286278225167,0.015158629352798771,0.00024910427349411537,7.5,HIGH
CVE-2021-39371,0.09928595715742945,0.0,0.46439286278225167,0.015158629352798764,0.00024910427349411537,7.5,HIGH
CVE-2021-31863,0.09928595715742945,0.0,0.46439286278225167,0.015158629352798767,0.00024910427349411537,7.5,HIGH
CVE-2021-30164,0.09928595715742945,0.0,0.46439286278225167,0.015158629352798771,0.00024910427349411537,9.8,CRITICAL
CVE-2021-31873,0.09928595715742945,0.0,0.46439286278225167,0.015158629352798766,0.00024910427349411537,9.8,CRITICAL
CVE-2021-21417,0.09928595715742945,0.0,0.46439286278225167,0.015158629352798767,0.00024910427349411537,7.2,HIGH
CVE-2021-31870,0.09928595715742945,0.0,0.46439286278225167,0.01515862935279877,0.00024910427349411537,9.8,CRITICAL
CVE-2021-3850,0.09928595715742945,0.0,0.46439286278225167,0.015158629352798764,0.00024910427349411537,9.1,CRITICAL
CVE-2021-31871,0.09928595715742945,0.0,0.46439286278225167,0.015158629352798766,0.00024910427349411537,7.5,HIGH
CVE-2021-37698,0.09928595715742945,0.0,0.46439286278225167,0.015158629352798767,0.00024910427349411537,7.5,HIGH
CVE-2021-22116,0.09928595715742945,0.0,0.46439286278225167,0.015158629352798762,0.00024910427349411537,7.5,HIGH
CVE-2021-32743,0.09928595715742945,0.0,0.46439286278225167,0.015158629352798764,0.00024910427349411537,8.8,HIGH
CVE-2021-3546,0.10030601836110167,2.5605346616616383e-05,0.4775125832115603,0.01638299832074187,0.0002484416908633607,8.2,HIGH
CVE-2021-30618,0.09894593675620537,7.33294803221315e-05,0.4703342395650088,0.015350014386579949,0.00024837145516655896,8.8,HIGH
CVE-2021-30623,0.09894593675620537,7.33294803221315e-05,0.4703342395650088,0.015350014386579952,0.00024837145516655896,8.8,HIGH
CVE-2021-30611,0.09894593675620537,7.33294803221315e-05,0.4703342395650088,0.015350014386579949,0.00024837145516655896,8.8,HIGH
CVE-2021-30608,0.09894593675620537,7.33294803221315e-05,0.4703342395650088,0.01535001438657994,0.00024837145516655896,8.8,HIGH
CVE-2021-30614,0.09894593675620537,7.33294803221315e-05,0.4703342395650088,0.015350014386579944,0.00024837145516655896,8.8,HIGH
CVE-2021-30624,0.09894593675620537,7.33294803221315e-05,0.4703342395650088,0.015350014386579935,0.00024837145516655896,8.8,HIGH
CVE-2021-30620,0.09894593675620537,7.33294803221315e-05,0.4703342395650088,0.015350014386579939,0.00024837145516655896,8.8,HIGH
CVE-2021-30622,0.09894593675620537,7.33294803221315e-05,0.4703342395650088,0.01535001438657995,0.00024837145516655896,8.8,HIGH
CVE-2021-30606,0.09894593675620537,7.33294803221315e-05,0.4703342395650088,0.015350014386579939,0.00024837145516655896,8.8,HIGH
CVE-2021-30607,0.09894593675620537,7.33294803221315e-05,0.4703342395650088,0.015350014386579952,0.00024837145516655896,8.8,HIGH
CVE-2021-30609,0.09894593675620537,7.33294803221315e-05,0.4703342395650088,0.015350014386579952,0.00024837145516655896,8.8,HIGH
CVE-2021-30616,0.09894593675620537,7.33294803221315e-05,0.4703342395650088,0.015350014386579949,0.00024837145516655896,8.8,HIGH
CVE-2021-30610,0.09894593675620537,7.33294803221315e-05,0.4703342395650088,0.015350014386579946,0.00024837145516655896,8.8,HIGH
CVE-2021-30612,0.09894593675620537,7.33294803221315e-05,0.4703342395650088,0.015350014386579937,0.00024837145516655896,8.8,HIGH
CVE-2021-30613,0.09894593675620537,7.33294803221315e-05,0.4703342395650088,0.015350014386579942,0.00024837145516655896,8.8,HIGH
CVE-2021-38604,0.09894593675620537,2.485120755656458e-05,0.4706353016482637,0.015683378590401885,0.00024712215426572325,7.5,HIGH
CVE-2021-1622,0.0023801428085685142,0.0,0.27416798732171155,1.1029271540054741e-07,0.0002458653350677263,8.6,HIGH
CVE-2021-1621,0.0023801428085685142,0.0,0.27416798732171155,1.1029271540134874e-07,0.00024586533506772623,7.4,HIGH
CVE-2021-1624,0.0023801428085685142,0.0,0.27416798732171155,1.1029271540277667e-07,0.00024586533506772623,8.6,HIGH
CVE-2021-1529,0.0023801428085685142,0.0,0.27416798732171155,1.102927154024765e-07,0.00024586533506772623,7.8,HIGH
CVE-2021-1623,0.0023801428085685142,0.0,0.27416798732171155,1.1029271540142402e-07,0.00024586533506772623,7.7,HIGH
CVE-2021-1611,0.0023801428085685142,0.0,0.27416798732171155,1.102927154016091e-07,0.00024586533506772623,8.6,HIGH
CVE-2021-31008,0.07004420265215913,3.081355632346077e-07,0.384897264755922,0.0016702251159771253,0.0002448612737451908,8.8,HIGH
CVE-2021-26567,0.007820469228153689,1.9489367302283717e-05,0.36380504700643246,0.00032491406072956156,0.0002437938095627613,7.8,HIGH
CVE-2021-31005,0.06936416184971099,2.3295362610756027e-07,0.3847965458589559,0.0016621740624494091,0.00024294176741201338,7.5,HIGH
CVE-2021-1225,0.003740224413464808,0.0,0.3743158966526664,6.989280514184222e-05,0.00024276144739884389,9.1,CRITICAL
CVE-2021-43114,0.09894593675620537,0.0,0.47720266104170045,0.01624550709488156,0.0002422480174598351,7.5,HIGH
CVE-2021-45845,0.09894593675620537,0.0,0.47720266104170045,0.016245507094881564,0.0002422480174598351,7.8,HIGH
CVE-2021-43616,0.09486569194151649,4.111636275268992e-05,0.4694333599361532,0.015108021900131337,0.00024023086189558208,9.0,CRITICAL
CVE-2021-1748,0.06834410064603877,7.518193712704762e-08,0.3846455663091813,0.0016502141170642872,0.00024005180500378834,8.8,HIGH
CVE-2021-30764,0.06834410064603877,7.518193712704762e-08,0.3846455663091813,0.0016502141170642863,0.00024005180500378834,7.8,HIGH
CVE-2021-1864,0.06834410064603877,7.518193712704762e-08,0.3846455663091813,0.0016502141170642859,0.00024005180500378834,9.8,CRITICAL
CVE-2021-1816,0.06834410064603877,7.518193712704762e-08,0.3846455663091813,0.0016502141170642852,0.00024005180500378834,7.8,HIGH
CVE-2021-30854,0.06834410064603877,7.518193712704762e-08,0.3846455663091813,0.0016502141170642868,0.00024005180500378834,8.6,HIGH
CVE-2021-30882,0.06834410064603877,7.518193712704762e-08,0.3846455663091813,0.0016502141170642844,0.00024005180500378834,7.5,HIGH
CVE-2021-26560,0.006120367222033322,6.879916563437852e-06,0.36358017060205217,0.00010745911733680588,0.00023824667184159306,9.0,CRITICAL
CVE-2021-26562,0.006120367222033322,6.879916563437852e-06,0.36358017060205217,0.00010745911733680362,0.00023824667184159306,9.0,CRITICAL
CVE-2021-26565,0.006120367222033322,6.879916563437852e-06,0.36358017060205217,0.00010745911733680617,0.00023824667184159306,8.3,HIGH
CVE-2021-26561,0.006120367222033322,6.879916563437852e-06,0.36358017060205217,0.00010745911733680435,0.00023824667184159306,9.0,CRITICAL
CVE-2021-26564,0.006120367222033322,6.879916563437852e-06,0.36358017060205217,0.00010745911733680653,0.00023824667184159306,8.3,HIGH
CVE-2021-26566,0.006120367222033322,6.879916563437852e-06,0.36358017060205217,0.00010745911733680602,0.00023824667184159306,8.3,HIGH
CVE-2021-26563,0.006120367222033322,6.879916563437852e-06,0.36358017060205217,0.00010745911733680431,0.00023824667184159306,8.2,HIGH
CVE-2021-30902,0.06766405984359061,0.0,0.3845449790794979,0.0016421630635365698,0.0002381322030551144,7.8,HIGH
CVE-2021-1812,0.06766405984359061,0.0,0.3845449790794979,0.0016421630635365698,0.0002381322030551144,7.8,HIGH
CVE-2021-1874,0.06766405984359061,0.0,0.3845449790794979,0.0016421630635365693,0.0002381322030551144,8.8,HIGH
CVE-2021-1833,0.06766405984359061,0.0,0.3845449790794979,0.0016421630635365732,0.0002381322030551144,7.8,HIGH
CVE-2021-30894,0.06766405984359061,0.0,0.3845449790794979,0.0016421630635365734,0.0002381322030551144,7.8,HIGH
CVE-2021-30997,0.06766405984359061,0.0,0.3845449790794979,0.001642163063536572,0.0002381322030551144,7.5,HIGH
CVE-2021-1838,0.06766405984359061,0.0,0.3845449790794979,0.0016421630635365726,0.0002381322030551144,7.8,HIGH
CVE-2021-30742,0.06766405984359061,0.0,0.3845449790794979,0.0016421630635365717,0.0002381322030551144,7.8,HIGH
CVE-2021-30741,0.06766405984359061,0.0,0.3845449790794979,0.0016421630635365721,0.0002381322030551144,7.1,HIGH
CVE-2021-1795,0.06766405984359061,0.0,0.3845449790794979,0.001642163063536573,0.0002381322030551144,9.8,CRITICAL
CVE-2021-30983,0.06766405984359061,0.0,0.3845449790794979,0.0016421630635365724,0.0002381322030551144,7.8,HIGH
CVE-2021-30985,0.06766405984359061,0.0,0.3845449790794979,0.0016421630635365726,0.0002381322030551144,7.8,HIGH
CVE-2021-1796,0.06766405984359061,0.0,0.3845449790794979,0.0016421630635365734,0.0002381322030551144,9.8,CRITICAL
CVE-2021-30662,0.06766405984359061,0.0,0.3845449790794979,0.0016421630635365737,0.0002381322030551144,7.3,HIGH
CVE-2021-30820,0.06766405984359061,0.0,0.3845449790794979,0.001642163063536575,0.0002381322030551144,9.8,CRITICAL
CVE-2021-30761,0.06766405984359061,0.0,0.3845449790794979,0.0016421630635365704,0.0002381322030551144,8.8,HIGH
CVE-2021-30800,0.06766405984359061,0.0,0.3845449790794979,0.001642163063536574,0.0002381322030551144,8.8,HIGH
CVE-2021-1794,0.06766405984359061,0.0,0.3845449790794979,0.00164216306353657,0.0002381322030551144,9.8,CRITICAL
CVE-2021-30837,0.06766405984359061,0.0,0.3845449790794979,0.0016421630635365717,0.0002381322030551144,7.8,HIGH
CVE-2021-30802,0.06766405984359061,0.0,0.3845449790794979,0.0016421630635365708,0.0002381322030551144,8.8,HIGH
CVE-2021-30826,0.06766405984359061,0.0,0.3845449790794979,0.001642163063536571,0.0002381322030551144,7.5,HIGH
CVE-2021-30914,0.06766405984359061,0.0,0.3845449790794979,0.0016421630635365728,0.0002381322030551144,7.8,HIGH
CVE-2021-30825,0.06766405984359061,0.0,0.3845449790794979,0.0016421630635365732,0.0002381322030551144,7.8,HIGH
CVE-2021-30729,0.06766405984359061,0.0,0.3845449790794979,0.001642163063536572,0.0002381322030551144,7.5,HIGH
CVE-2021-30991,0.06766405984359061,0.0,0.3845449790794979,0.0016421630635365702,0.0002381322030551144,7.8,HIGH
CVE-2021-30666,0.06766405984359061,0.0,0.3845449790794979,0.0016421630635365698,0.0002381322030551144,8.8,HIGH
CVE-2021-30762,0.06766405984359061,0.0,0.3845449790794979,0.0016421630635365693,0.0002381322030551144,8.8,HIGH
CVE-2021-26569,0.005780346820809249,0.0,0.34059061957151127,4.367321601680271e-05,0.00023691943064719527,9.8,CRITICAL
CVE-2021-29085,0.005780346820809249,0.0,0.34059061957151127,4.3673216016803126e-05,0.00023691943064719527,8.6,HIGH
CVE-2021-27647,0.005780346820809249,0.0,0.34059061957151127,4.3673216016802624e-05,0.00023691943064719527,9.8,CRITICAL
CVE-2021-29083,0.005780346820809249,0.0,0.34059061957151127,4.367321601680322e-05,0.00023691943064719527,7.2,HIGH
CVE-2021-29087,0.005780346820809249,0.0,0.34059061957151127,4.367321601680349e-05,0.00023691943064719527,7.5,HIGH
CVE-2021-29084,0.005780346820809249,0.0,0.34059061957151127,4.3673216016801337e-05,0.00023691943064719527,7.5,HIGH
CVE-2021-29088,0.005780346820809249,0.0,0.34059061957151127,4.3673216016803004e-05,0.00023691943064719527,7.8,HIGH
CVE-2021-27646,0.005780346820809249,0.0,0.34059061957151127,4.36732160168024e-05,0.00023691943064719527,9.8,CRITICAL
CVE-2021-27649,0.005780346820809249,0.0,0.34059061957151127,4.36732160168025e-05,0.00023691943064719527,9.8,CRITICAL
CVE-2021-45116,0.09452567154029243,1.0253340788791424e-07,0.46935844238748803,0.015148917631725439,0.00023435245782006537,7.5,HIGH
CVE-2021-33571,0.09452567154029243,1.0253340788791424e-07,0.46935844238748803,0.015148917631725437,0.00023435245782006537,7.5,HIGH
CVE-2021-45115,0.09452567154029243,1.0253340788791424e-07,0.46935844238748803,0.015148917631725439,0.00023435245782006534,7.5,HIGH
CVE-2021-41611,0.09452567154029243,5.787316949958257e-08,0.46935844238748803,0.015174314505010144,0.00023432706605284296,7.5,HIGH
CVE-2021-42614,0.09418565113906835,0.0,0.4692835487474071,0.015106229375098049,0.00023371811413594654,7.8,HIGH
CVE-2021-23727,0.09418565113906835,0.0,0.4692835487474071,0.015106229375098045,0.00023371811413594654,7.5,HIGH
CVE-2021-42612,0.09418565113906835,0.0,0.4692835487474071,0.015106229375098049,0.00023371811413594654,7.8,HIGH
CVE-2021-42613,0.09418565113906835,0.0,0.4692835487474071,0.015106229375098047,0.00023371811413594654,7.8,HIGH
CVE-2021-28710,0.09418565113906835,0.0,0.4692835487474071,0.015106229375098047,0.00023371811413594654,8.8,HIGH
CVE-2021-0232,0.09418565113906835,0.0,0.4692835487474071,0.015106229375098052,0.00023371811413594654,7.4,HIGH
CVE-2021-20187,0.003060183611016661,0.0,0.32002176278563654,2.40632677113817e-05,0.00022403507800537042,7.2,HIGH
CVE-2021-3943,0.003060183611016661,0.0,0.32002176278563654,2.4063267711379855e-05,0.00022403507800537042,9.8,CRITICAL
CVE-2021-36393,0.003060183611016661,0.0,0.32002176278563654,2.406326771138192e-05,0.00022403507800537042,9.8,CRITICAL
CVE-2021-36394,0.003060183611016661,0.0,0.32002176278563654,2.4063267711381786e-05,0.00022403507800537042,9.8,CRITICAL
CVE-2021-36396,0.003060183611016661,0.0,0.32002176278563654,2.406326771137989e-05,0.00022403507800537042,7.5,HIGH
CVE-2021-36392,0.003060183611016661,0.0,0.32002176278563654,2.406326771138276e-05,0.00022403507800537042,9.8,CRITICAL
CVE-2021-32474,0.003060183611016661,0.0,0.32002176278563654,2.406326771138258e-05,0.00022403507800537042,7.2,HIGH
CVE-2021-32476,0.003060183611016661,0.0,0.32002176278563654,2.406326771137979e-05,0.00022403507800537042,7.5,HIGH
CVE-2021-36395,0.003060183611016661,0.0,0.32002176278563654,2.4063267711379574e-05,0.00022403507800537042,7.5,HIGH
CVE-2021-22901,0.047602856171370285,0.00035622569589755074,0.4546297727624053,0.004455237243870061,0.00022283359974931615,8.1,HIGH
CVE-2021-22926,0.047262835770146214,0.00034018640936796777,0.4565352375038808,0.004514447389789522,0.00022276671578855227,7.5,HIGH
CVE-2021-35538,0.08500510030601836,4.119535458649224e-05,0.4220723306544202,0.001769184787352297,0.00022154011131691518,7.8,HIGH
CVE-2021-42635,0.08500510030601836,4.119535458649224e-05,0.4220723306544202,0.0017691847873523017,0.00022154011131691518,8.1,HIGH
CVE-2021-34788,0.08500510030601836,4.119535458649224e-05,0.4220723306544202,0.0017691847873522993,0.00022154011131691518,7.0,HIGH
CVE-2021-42631,0.08500510030601836,4.119535458649224e-05,0.4220723306544202,0.0017691847873523023,0.00022154011131691518,8.1,HIGH
CVE-2021-42638,0.08500510030601836,4.119535458649224e-05,0.4220723306544202,0.0017691847873522958,0.00022154011131691518,8.1,HIGH
CVE-2021-1068,0.04318259095545733,0.0012950917308964106,0.3839926883405144,8.815844610665347e-05,0.00021800897843094564,7.8,HIGH
CVE-2021-21122,0.08534512070724244,5.082996960525161e-05,0.4203229955695298,0.012686737735098137,0.00021486905008407544,8.8,HIGH
CVE-2021-21132,0.08534512070724244,5.082996960525161e-05,0.4203229955695298,0.012686737735098137,0.00021486905008407544,9.6,CRITICAL
CVE-2021-21124,0.08534512070724244,5.082996960525161e-05,0.4203229955695298,0.012686737735098137,0.00021486905008407544,9.6,CRITICAL
CVE-2021-21120,0.08534512070724244,5.082996960525161e-05,0.4203229955695298,0.012686737735098133,0.00021486905008407544,8.8,HIGH
CVE-2021-21121,0.08534512070724244,5.082996960525161e-05,0.4203229955695298,0.012686737735098139,0.00021486905008407544,9.6,CRITICAL
CVE-2021-21119,0.08534512070724244,5.082996960525161e-05,0.4203229955695298,0.012686737735098135,0.00021486905008407544,8.8,HIGH
CVE-2021-21128,0.08534512070724244,5.082996960525161e-05,0.4203229955695298,0.01268673773509814,0.00021486905008407544,8.8,HIGH
CVE-2021-21127,0.08534512070724244,5.082996960525161e-05,0.4203229955695298,0.012686737735098139,0.00021486905008407542,8.8,HIGH
CVE-2021-21125,0.08534512070724244,5.082996960525161e-05,0.4203229955695298,0.012686737735098137,0.00021486905008407542,8.1,HIGH
CVE-2021-21118,0.08534512070724244,5.082996960525161e-05,0.4203229955695298,0.012686737735098135,0.00021486905008407542,8.8,HIGH
CVE-2021-36090,0.033321999319959196,0.0004359659582592033,0.4508661658745976,0.0032254569144186465,0.00021437434655106015,7.5,HIGH
CVE-2021-25374,0.04216252975178511,0.0,0.3785070785070785,8.673235283378161e-05,0.00021160176827043502,8.6,HIGH
CVE-2021-3187,0.056783407004420264,8.002425867886961e-06,0.3890726286545839,0.0010337301931631552,0.0002086025324685092,8.8,HIGH
CVE-2021-30690,0.05644338660319619,0.0,0.3870246085011186,0.0009699442918431489,0.0002078763240087262,9.8,CRITICAL
CVE-2021-31784,0.00884053043182591,0.000517658109575643,0.3775837719861343,0.00013818420667386833,0.00020759945017861378,7.8,HIGH
CVE-2021-35516,0.032981978918735125,0.0004125172403427188,0.450797057020233,0.0032251130848510294,0.00020689032529144294,7.5,HIGH
CVE-2021-35515,0.032641958517511054,0.00040887760861797664,0.450727969348659,0.003154417299438506,0.00020625220207445426,7.5,HIGH
CVE-2021-35517,0.032641958517511054,0.00040809567265896377,0.450727969348659,0.003222424369893225,0.00020477652482255677,7.5,HIGH
CVE-2021-4318,0.07922475348520912,0.0,0.41924447612259447,0.012322303662020764,0.00019726528377252082,8.8,HIGH
CVE-2021-30558,0.07922475348520912,0.0,0.41924447612259447,0.012322303662020764,0.00019726528377252082,8.8,HIGH
CVE-2021-38023,0.07922475348520912,0.0,0.41924447612259447,0.012322303662020763,0.00019726528377252082,8.8,HIGH
CVE-2021-30561,0.07922475348520912,0.0,0.41924447612259447,0.012322303662020766,0.00019726528377252082,8.8,HIGH
CVE-2021-4322,0.07922475348520912,0.0,0.41924447612259447,0.012322303662020763,0.00019726528377252082,8.8,HIGH
CVE-2021-4320,0.07922475348520912,0.0,0.41924447612259447,0.012322303662020764,0.00019726528377252082,8.8,HIGH
CVE-2021-4102,0.07922475348520912,0.0,0.41924447612259447,0.012322303662020763,0.00019726528377252082,8.8,HIGH
CVE-2021-30563,0.07922475348520912,0.0,0.41924447612259447,0.012322303662020763,0.00019726528377252082,8.8,HIGH
CVE-2021-4099,0.07922475348520912,0.0,0.41924447612259447,0.012322303662020764,0.00019726528377252082,8.8,HIGH
CVE-2021-4317,0.07922475348520912,0.0,0.41924447612259447,0.01232230366202076,0.00019726528377252082,8.8,HIGH
CVE-2021-4101,0.07922475348520912,0.0,0.41924447612259447,0.01232230366202076,0.00019726528377252082,8.8,HIGH
CVE-2021-30564,0.07922475348520912,0.0,0.41924447612259447,0.012322303662020764,0.00019726528377252082,8.8,HIGH
CVE-2021-30559,0.07922475348520912,0.0,0.41924447612259447,0.012322303662020766,0.00019726528377252082,8.8,HIGH
CVE-2021-30562,0.07922475348520912,0.0,0.41924447612259447,0.01232230366202077,0.00019726528377252082,8.8,HIGH
CVE-2021-4098,0.07922475348520912,0.0,0.41924447612259447,0.012322303662020766,0.00019726528377252082,7.4,HIGH
CVE-2021-4319,0.07922475348520912,0.0,0.41924447612259447,0.012322303662020759,0.00019726528377252082,8.8,HIGH
CVE-2021-4100,0.07922475348520912,0.0,0.41924447612259447,0.012322303662020764,0.00019726528377252082,8.8,HIGH
CVE-2021-21117,0.07922475348520912,0.0,0.41924447612259447,0.012322303662020763,0.00019726528377252082,7.8,HIGH
CVE-2021-30541,0.07922475348520912,0.0,0.41924447612259447,0.012322303662020764,0.00019726528377252082,8.8,HIGH
CVE-2021-21138,0.07922475348520912,0.0,0.41924447612259447,0.012322303662020766,0.00019726528377252082,8.6,HIGH
CVE-2021-29628,0.002040122407344441,0.0,0.3473485295854494,4.497500330373958e-05,0.00018762085475534395,7.5,HIGH
CVE-2021-29629,0.002040122407344441,0.0,0.3473485295854494,4.497500330373927e-05,0.00018762085475534395,7.5,HIGH
CVE-2021-29627,0.002040122407344441,0.0,0.3473485295854494,4.497500330373764e-05,0.00018762085475534395,7.8,HIGH
CVE-2021-29631,0.002040122407344441,0.0,0.3473485295854494,4.4975003303737874e-05,0.00018762085475534395,7.8,HIGH
CVE-2021-29630,0.002040122407344441,0.0,0.3473485295854494,4.497500330373857e-05,0.00018762085475534395,8.1,HIGH
CVE-2021-29632,0.002040122407344441,0.0,0.3473485295854494,4.4975003303738483e-05,0.00018762085475534395,7.5,HIGH
CVE-2021-1227,0.0017001020061203672,0.0,0.2737341772151899,2.1814182057374087e-07,0.00018565442474165043,8.1,HIGH
CVE-2021-22931,0.02856171370282217,0.0001324449057213938,0.44962543953523926,0.002169182851391514,0.00018290359497311805,9.8,CRITICAL
CVE-2021-26423,0.0047602856171370285,8.475468872569242e-07,0.3470616001888128,0.00013905650166132544,0.0001773731870247348,7.5,HIGH
CVE-2021-23964,0.01938116286977219,6.551360196673002e-07,0.39840151720400974,0.0006116350440435943,0.00017532523530383213,8.8,HIGH
CVE-2021-29967,0.01938116286977219,6.551360196673002e-07,0.39840151720400974,0.0006116350440435932,0.00017532523530383213,8.8,HIGH
CVE-2021-29984,0.01938116286977219,6.551360196673002e-07,0.39840151720400974,0.0006116350440435933,0.00017532523530383213,8.8,HIGH
CVE-2021-29985,0.01938116286977219,6.551360196673002e-07,0.39840151720400974,0.0006116350440435931,0.00017532523530383213,8.8,HIGH
CVE-2021-23987,0.01938116286977219,6.551360196673002e-07,0.39840151720400974,0.0006116350440435915,0.00017532523530383213,8.8,HIGH
CVE-2021-23995,0.01938116286977219,6.551360196673002e-07,0.39840151720400974,0.000611635044043594,0.00017532523530383213,8.8,HIGH
CVE-2021-29991,0.01938116286977219,6.551360196673002e-07,0.39840151720400974,0.0006116350440435923,0.00017532523530383213,8.1,HIGH
CVE-2021-23999,0.01938116286977219,6.551360196673002e-07,0.39840151720400974,0.000611635044043592,0.00017532523530383213,8.8,HIGH
CVE-2021-38493,0.01938116286977219,6.551360196673002e-07,0.39840151720400974,0.0006116350440435951,0.00017532523530383213,8.8,HIGH
CVE-2021-29980,0.01938116286977219,6.551360196673002e-07,0.39840151720400974,0.0006116350440435925,0.00017532523530383213,8.8,HIGH
CVE-2021-38498,0.01938116286977219,6.551360196673002e-07,0.39840151720400974,0.000611635044043593,0.00017532523530383213,7.5,HIGH
CVE-2021-29946,0.01938116286977219,6.551360196673002e-07,0.39840151720400974,0.0006116350440435927,0.00017532523530383213,8.8,HIGH
CVE-2021-23994,0.01938116286977219,6.551360196673002e-07,0.39840151720400974,0.0006116350440435931,0.00017532523530383213,8.8,HIGH
CVE-2021-4129,0.01938116286977219,6.551360196673002e-07,0.39840151720400974,0.0006116350440435932,0.00017532523530383213,9.8,CRITICAL
CVE-2021-23954,0.01938116286977219,6.551360196673002e-07,0.39840151720400974,0.0006116350440435917,0.00017532523530383213,8.8,HIGH
CVE-2021-29970,0.01938116286977219,6.551360196673002e-07,0.39840151720400974,0.0006116350440435919,0.00017532523530383213,8.8,HIGH
CVE-2021-29989,0.01938116286977219,6.551360196673002e-07,0.39840151720400974,0.0006116350440435937,0.00017532523530383213,8.8,HIGH
CVE-2021-38501,0.01938116286977219,6.551360196673002e-07,0.39840151720400974,0.0006116350440435942,0.00017532523530383213,8.8,HIGH
CVE-2021-24002,0.01938116286977219,6.551360196673002e-07,0.39840151720400974,0.0006116350440435931,0.00017532523530383213,8.8,HIGH
CVE-2021-23981,0.01938116286977219,6.551360196673002e-07,0.39840151720400974,0.0006116350440435945,0.00017532523530383213,8.1,HIGH
CVE-2021-29988,0.01938116286977219,6.551360196673002e-07,0.39840151720400974,0.0006116350440435924,0.00017532523530383213,8.8,HIGH
CVE-2021-29976,0.01938116286977219,6.551360196673002e-07,0.39840151720400974,0.0006116350440435941,0.00017532523530383213,8.8,HIGH
CVE-2021-29981,0.01938116286977219,6.551360196673002e-07,0.39840151720400974,0.0006116350440435937,0.00017532523530383213,8.8,HIGH
CVE-2021-23960,0.01938116286977219,6.551360196673002e-07,0.39840151720400974,0.0006116350440435941,0.00017532523530383213,8.8,HIGH
CVE-2021-4140,0.01938116286977219,6.551360196673002e-07,0.39840151720400974,0.000611635044043594,0.00017532523530383213,10.0,CRITICAL
CVE-2021-1509,0.0017001020061203672,0.0,0.2726177233963663,1.1376101909469783e-07,0.00017382568048206746,7.5,HIGH
CVE-2021-1511,0.0017001020061203672,0.0,0.2726177233963663,1.1376101909695343e-07,0.00017382568048206746,7.5,HIGH
CVE-2021-1510,0.0017001020061203672,0.0,0.2726177233963663,1.1376101909627855e-07,0.00017382568048206746,7.5,HIGH
CVE-2021-37714,0.020401224073444406,0.00016793473599689302,0.38902116402116405,0.0022368156143306437,0.00017229320948535253,7.5,HIGH
CVE-2021-4044,0.03910234614076845,9.290940994591731e-05,0.40426116838487974,0.004469930321773518,0.00017072893349571888,7.5,HIGH
CVE-2021-1277,0.0017001020061203672,0.0,0.37379257752923234,6.922898491082414e-05,0.00017027535502653354,7.5,HIGH
CVE-2021-1248,0.0017001020061203672,0.0,0.37379257752923234,6.922898491082187e-05,0.00017027535502653354,8.8,HIGH
CVE-2021-1272,0.0017001020061203672,0.0,0.37379257752923234,6.92289849108217e-05,0.00017027535502653354,8.8,HIGH
CVE-2021-1276,0.0017001020061203672,0.0,0.37379257752923234,6.922898491082305e-05,0.00017027535502653354,7.5,HIGH
CVE-2021-1247,0.0017001020061203672,0.0,0.37379257752923234,6.922898491082339e-05,0.00017027535502653354,8.8,HIGH
CVE-2021-3520,0.04250255015300918,6.371785402807874e-05,0.41757773675990345,0.005348462191843542,0.00016946686063882836,9.8,CRITICAL
CVE-2021-4034,0.03706222373342401,6.964432245941179e-05,0.40504062801267043,0.004459922755543266,0.00016858811540626837,7.8,HIGH
CVE-2021-33725,0.0047602856171370285,0.0,0.36891620672353237,0.0002108956083191077,0.00016537277825518176,9.1,CRITICAL
CVE-2021-33732,0.0047602856171370285,0.0,0.36891620672353237,0.00021089560831910896,0.00016537277825518176,7.2,HIGH
CVE-2021-33724,0.0047602856171370285,0.0,0.36891620672353237,0.0002108956083191066,0.00016537277825518176,9.1,CRITICAL
CVE-2021-33733,0.0047602856171370285,0.0,0.36891620672353237,0.0002108956083191091,0.00016537277825518176,7.2,HIGH
CVE-2021-33731,0.0047602856171370285,0.0,0.36891620672353237,0.00021089560831910768,0.00016537277825518176,7.2,HIGH
CVE-2021-33726,0.0047602856171370285,0.0,0.36891620672353237,0.0002108956083191065,0.00016537277825518176,7.5,HIGH
CVE-2021-33730,0.0047602856171370285,0.0,0.36891620672353237,0.00021089560831910828,0.00016537277825518176,7.2,HIGH
CVE-2021-33735,0.0047602856171370285,0.0,0.36891620672353237,0.00021089560831910712,0.00016537277825518176,7.2,HIGH
CVE-2021-33734,0.0047602856171370285,0.0,0.36891620672353237,0.00021089560831910744,0.00016537277825518176,7.2,HIGH
CVE-2021-33736,0.0047602856171370285,0.0,0.36891620672353237,0.0002108956083191075,0.00016537277825518176,7.2,HIGH
CVE-2021-33728,0.0047602856171370285,0.0,0.36891620672353237,0.00021089560831910587,0.00016537277825518176,7.2,HIGH
CVE-2021-33729,0.0047602856171370285,0.0,0.36891620672353237,0.00021089560831910855,0.00016537277825518176,8.8,HIGH
CVE-2021-23337,0.023121387283236997,0.00022939973268049516,0.4120201737181283,0.002306628472437261,0.0001612563096146422,7.2,HIGH
CVE-2021-23972,0.01768106086365182,0.0,0.3981318532557195,0.000607885221723595,0.00016082870107637356,8.8,HIGH
CVE-2021-29966,0.01768106086365182,0.0,0.3981318532557195,0.000607885221723594,0.00016082870107637356,8.8,HIGH
CVE-2021-29990,0.01768106086365182,0.0,0.3981318532557195,0.000607885221723597,0.00016082870107637356,8.8,HIGH
CVE-2021-23988,0.01768106086365182,0.0,0.3981318532557195,0.0006078852217235961,0.00016082870107637356,8.8,HIGH
CVE-2021-38494,0.01768106086365182,0.0,0.3981318532557195,0.0006078852217235964,0.00016082870107637356,8.8,HIGH
CVE-2021-23962,0.01768106086365182,0.0,0.3981318532557195,0.0006078852217235947,0.00016082870107637356,8.8,HIGH
CVE-2021-23965,0.01768106086365182,0.0,0.3981318532557195,0.0006078852217235976,0.00016082870107637356,8.8,HIGH
CVE-2021-38499,0.01768106086365182,0.0,0.3981318532557195,0.0006078852217235955,0.00016082870107637356,8.8,HIGH
CVE-2021-29947,0.01768106086365182,0.0,0.3981318532557195,0.0006078852217235961,0.00016082870107637356,8.8,HIGH
CVE-2021-29972,0.01768106086365182,0.0,0.3981318532557195,0.0006078852217235974,0.00016082870107637356,8.8,HIGH
CVE-2021-29977,0.01768106086365182,0.0,0.3981318532557195,0.000607885221723594,0.00016082870107637356,8.8,HIGH
CVE-2021-23979,0.01768106086365182,0.0,0.3981318532557195,0.0006078852217235954,0.00016082870107637356,8.8,HIGH
CVE-2021-23997,0.01768106086365182,0.0,0.3981318532557195,0.0006078852217235966,0.00016082870107637356,8.8,HIGH
CVE-2021-27064,0.004420265215912955,0.0,0.34702064896755164,0.00013889690028001864,0.00015964185872932257,7.8,HIGH
CVE-2021-1680,0.004420265215912955,0.0,0.34702064896755164,0.0001388969002800173,0.00015964185872932257,7.8,HIGH
CVE-2021-1651,0.004420265215912955,0.0,0.34702064896755164,0.00013889690028001688,0.00015964185872932257,7.8,HIGH
CVE-2021-26434,0.004420265215912955,0.0,0.34702064896755164,0.00013889690028001932,0.00015964185872932257,7.8,HIGH
CVE-2021-28321,0.004420265215912955,0.0,0.34702064896755164,0.00013889690028001642,0.00015964185872932257,7.8,HIGH
CVE-2021-28322,0.004420265215912955,0.0,0.34702064896755164,0.00013889690028001818,0.00015964185872932257,7.8,HIGH
CVE-2021-28313,0.004420265215912955,0.0,0.34702064896755164,0.00013889690028001864,0.00015964185872932257,7.8,HIGH
CVE-2021-36952,0.004420265215912955,0.0,0.34702064896755164,0.0001388969002800194,0.00015964185872932257,7.8,HIGH
CVE-2021-27068,0.004420265215912955,0.0,0.34702064896755164,0.00013889690028001924,0.00015964185872932257,8.8,HIGH
CVE-2021-1639,0.004420265215912955,0.0,0.34702064896755164,0.00013889690028001612,0.00015964185872932257,7.0,HIGH
CVE-2021-29489,0.029241754505270317,9.410336478959499e-05,0.4481865284974093,0.0027572551641685612,0.00015841111779080195,7.6,HIGH
CVE-2021-44719,0.05066303978238695,0.00013737604126257128,0.40426116838487974,0.0010339099089333788,0.00015756485804041656,8.4,HIGH
CVE-2021-41164,0.02958177490649439,6.996798092369224e-05,0.39218562474996665,0.0032862712490153534,0.000156560538473025,8.2,HIGH
CVE-2021-20216,0.005440326419585175,0.0,0.31811790156841535,9.72168486005182e-05,0.0001552330530380524,7.5,HIGH
CVE-2021-20209,0.005440326419585175,0.0,0.31811790156841535,9.721684860052158e-05,0.0001552330530380524,7.5,HIGH
CVE-2021-20212,0.005440326419585175,0.0,0.31811790156841535,9.721684860052286e-05,0.0001552330530380524,7.5,HIGH
CVE-2021-20274,0.005440326419585175,0.0,0.31811790156841535,9.721684860052307e-05,0.0001552330530380524,7.5,HIGH
CVE-2021-20215,0.005440326419585175,0.0,0.31811790156841535,9.72168486005226e-05,0.0001552330530380524,7.5,HIGH
CVE-2021-20214,0.005440326419585175,0.0,0.31811790156841535,9.721684860052095e-05,0.0001552330530380524,7.5,HIGH
CVE-2021-44540,0.005440326419585175,0.0,0.31811790156841535,9.721684860052363e-05,0.0001552330530380524,7.5,HIGH
CVE-2021-20213,0.005440326419585175,0.0,0.31811790156841535,9.72168486005206e-05,0.0001552330530380524,7.5,HIGH
CVE-2021-44541,0.005440326419585175,0.0,0.31811790156841535,9.721684860052303e-05,0.0001552330530380524,7.5,HIGH
CVE-2021-20217,0.005440326419585175,0.0,0.31811790156841535,9.72168486005199e-05,0.0001552330530380524,7.5,HIGH
CVE-2021-44542,0.005440326419585175,0.0,0.31811790156841535,9.721684860051962e-05,0.0001552330530380524,7.5,HIGH
CVE-2021-20211,0.005440326419585175,0.0,0.31811790156841535,9.721684860052242e-05,0.0001552330530380524,7.5,HIGH
CVE-2021-20210,0.005440326419585175,0.0,0.31811790156841535,9.721684860052255e-05,0.0001552330530380524,7.5,HIGH
CVE-2021-1503,0.0006800408024481469,0.0006795785041460074,0.37369758576874207,6.87936057513193e-05,0.00015358870530203137,7.8,HIGH
CVE-2021-44422,0.0051003060183611015,0.0,0.275658449714125,1.977742676549248e-06,0.00015168589065685204,7.8,HIGH
CVE-2021-44860,0.0051003060183611015,0.0,0.275658449714125,1.9777426765494016e-06,0.00015168589065685204,7.8,HIGH
CVE-2021-44859,0.0051003060183611015,0.0,0.275658449714125,1.9777426765478664e-06,0.00015168589065685204,7.8,HIGH
CVE-2021-44047,0.0051003060183611015,0.0,0.275658449714125,1.977742676549913e-06,0.00015168589065685204,7.8,HIGH
CVE-2021-43582,0.0051003060183611015,0.0,0.275658449714125,1.9777426765486384e-06,0.00015168589065685204,7.8,HIGH
CVE-2021-44044,0.0051003060183611015,0.0,0.275658449714125,1.9777426765495668e-06,0.00015168589065685204,7.8,HIGH
CVE-2021-44045,0.0051003060183611015,0.0,0.275658449714125,1.977742676548238e-06,0.00015168589065685204,7.8,HIGH
CVE-2021-36125,0.004080244814688882,0.0,0.3673953778888195,0.00018031028757523767,0.00015014272613590512,7.5,HIGH
CVE-2021-36128,0.004080244814688882,0.0,0.3673953778888195,0.00018031028757523783,0.00015014272613590512,9.8,CRITICAL
CVE-2021-41801,0.004080244814688882,0.0,0.3673953778888195,0.00018031028757523854,0.00015014272613590512,8.8,HIGH
CVE-2021-36132,0.004080244814688882,0.0,0.3673953778888195,0.00018031028757523762,0.00015014272613590512,8.8,HIGH
CVE-2021-46149,0.004080244814688882,0.0,0.3673953778888195,0.00018031028757523667,0.00015014272613590512,7.5,HIGH
CVE-2021-36126,0.004080244814688882,0.0,0.3673953778888195,0.00018031028757523661,0.00015014272613590512,9.8,CRITICAL
CVE-2021-46147,0.004080244814688882,0.0,0.3673953778888195,0.00018031028757523865,0.00015014272613590512,8.8,HIGH
CVE-2021-31555,0.004080244814688882,0.0,0.3673953778888195,0.00018031028757523767,0.00015014272613590512,7.5,HIGH
CVE-2021-42040,0.004080244814688882,0.0,0.3673953778888195,0.00018031028757523892,0.00015014272613590512,7.5,HIGH
CVE-2021-44858,0.004080244814688882,0.0,0.3673953778888195,0.0001803102875752369,0.00015014272613590512,7.5,HIGH
CVE-2021-20046,0.0013600816048962938,0.0,0.3472665013578935,4.483285400831256e-05,0.00014852274214992482,8.8,HIGH
CVE-2021-20048,0.0013600816048962938,0.0,0.3472665013578935,4.483285400831513e-05,0.00014852274214992482,8.8,HIGH
CVE-2021-20027,0.0013600816048962938,0.0,0.3472665013578935,4.4832854008314655e-05,0.00014852274214992482,7.5,HIGH
CVE-2021-20019,0.0013600816048962938,0.0,0.3472665013578935,4.4832854008313117e-05,0.00014852274214992482,7.5,HIGH
CVE-2021-37197,0.006460387623257396,0.0,0.3772447408927655,0.00013816246591546243,0.0001475160121543922,8.8,HIGH
CVE-2021-37194,0.006460387623257396,0.0,0.3772447408927655,0.00013816246591546365,0.0001475160121543922,7.5,HIGH
CVE-2021-37198,0.006460387623257396,0.0,0.3772447408927655,0.00013816246591546414,0.0001475160121543922,8.8,HIGH
CVE-2021-2371,0.0013600816048962938,0.0,0.34245458779692595,4.275697584568763e-05,0.00014696788750405366,7.5,HIGH
CVE-2021-2277,0.0013600816048962938,0.0,0.34245458779692595,4.275697584568774e-05,0.00014696788750405366,7.5,HIGH
CVE-2021-2428,0.0013600816048962938,0.0,0.34245458779692595,4.2756975845686255e-05,0.00014696788750405366,8.1,HIGH
CVE-2021-2344,0.0013600816048962938,0.0,0.34245458779692595,4.275697584568525e-05,0.00014696788750405366,7.5,HIGH
CVE-2021-23158,0.0013600816048962938,0.0,0.34309379374708354,4.3994612402944476e-05,0.00014647354905336274,9.8,CRITICAL
CVE-2021-26259,0.0013600816048962938,0.0,0.34309379374708354,4.399461240294474e-05,0.00014647354905336274,7.8,HIGH
CVE-2021-34119,0.0013600816048962938,0.0,0.34309379374708354,4.399461240294366e-05,0.00014647354905336274,7.8,HIGH
CVE-2021-34121,0.0013600816048962938,0.0,0.34309379374708354,4.399461240294472e-05,0.00014647354905336274,7.8,HIGH
CVE-2021-42074,0.0013600816048962938,0.0,0.3465708225312279,4.864141169740551e-05,0.0001463613310476945,7.5,HIGH
CVE-2021-42076,0.0013600816048962938,0.0,0.3465708225312279,4.864141169740495e-05,0.0001463613310476945,7.5,HIGH
CVE-2021-42073,0.0013600816048962938,0.0,0.3465708225312279,4.864141169740659e-05,0.0001463613310476945,8.2,HIGH
CVE-2021-42075,0.0013600816048962938,0.0,0.3465708225312279,4.864141169740424e-05,0.0001463613310476945,7.5,HIGH
CVE-2021-3632,0.02448146888813329,0.0001706609755092152,0.4057111325700097,0.003184450886463928,0.00014629345093519164,7.5,HIGH
CVE-2021-34691,0.0384223053383203,5.849311109184779e-07,0.4138755980861244,0.0008579680615975469,0.0001442660244129022,7.5,HIGH
CVE-2021-38941,0.03774226453587216,0.0,0.4137591446257738,0.0008452392522570118,0.00014314742910742994,8.1,HIGH
CVE-2021-39076,0.03774226453587216,0.0,0.4137591446257738,0.0008452392522570116,0.00014314742910742994,7.5,HIGH
CVE-2021-22003,0.03774226453587216,0.0,0.4137591446257738,0.0008452392522570098,0.00014314742910742994,7.5,HIGH
CVE-2021-39052,0.03774226453587216,0.0,0.4137591446257738,0.0008452392522570084,0.00014314742910742994,9.8,CRITICAL
CVE-2021-36089,0.03774226453587216,0.0,0.4137591446257738,0.0008452392522570098,0.00014314742910742994,7.8,HIGH
CVE-2021-20389,0.03774226453587216,0.0,0.4137591446257738,0.0008452392522570104,0.00014314742910742994,7.8,HIGH
CVE-2021-39057,0.03774226453587216,0.0,0.4137591446257738,0.0008452392522570091,0.00014314742910742994,8.1,HIGH
CVE-2021-29781,0.03774226453587216,0.0,0.4137591446257738,0.0008452392522570109,0.00014314742910742994,9.8,CRITICAL
CVE-2021-21982,0.03774226453587216,0.0,0.4137591446257738,0.0008452392522570097,0.00014314742910742994,9.1,CRITICAL
CVE-2021-20427,0.03774226453587216,0.0,0.4137591446257738,0.0008452392522570097,0.00014314742910742994,7.5,HIGH
CVE-2021-29694,0.03774226453587216,0.0,0.4137591446257738,0.0008452392522570136,0.00014314742910742994,7.5,HIGH
CVE-2021-20412,0.03774226453587216,0.0,0.4137591446257738,0.0008452392522570126,0.00014314742910742994,7.5,HIGH
CVE-2021-26633,0.03774226453587216,0.0,0.4137591446257738,0.0008452392522570118,0.00014314742910742994,7.5,HIGH
CVE-2021-36081,0.03774226453587216,0.0,0.4137591446257738,0.0008452392522570111,0.00014314742910742994,7.8,HIGH
CVE-2021-39053,0.03774226453587216,0.0,0.4137591446257738,0.0008452392522570134,0.00014314742910742994,7.5,HIGH
CVE-2021-38919,0.03774226453587216,0.0,0.4137591446257738,0.0008452392522570101,0.00014314742910742994,7.5,HIGH
CVE-2021-39088,0.03774226453587216,0.0,0.4137591446257738,0.0008452392522570127,0.00014314742910742994,7.8,HIGH
CVE-2021-39823,0.03774226453587216,0.0,0.4137591446257738,0.0008452392522570118,0.00014314742910742994,7.8,HIGH
CVE-2021-33391,0.03774226453587216,0.0,0.4137591446257738,0.0008452392522570122,0.00014314742910742994,9.8,CRITICAL
CVE-2021-22057,0.03774226453587216,0.0,0.4137591446257738,0.0008452392522570143,0.00014314742910742994,8.8,HIGH
CVE-2021-33254,0.03774226453587216,0.0,0.4137591446257738,0.0008452392522570113,0.00014314742910742994,7.5,HIGH
CVE-2021-26636,0.03774226453587216,0.0,0.4137591446257738,0.0008452392522570123,0.00014314742910742994,8.8,HIGH
CVE-2021-38878,0.03774226453587216,0.0,0.4137591446257738,0.0008452392522570133,0.00014314742910742994,7.5,HIGH
CVE-2021-20411,0.03774226453587216,0.0,0.4137591446257738,0.0008452392522570097,0.00014314742910742994,8.1,HIGH
CVE-2021-26615,0.03774226453587216,0.0,0.4137591446257738,0.000845239252257011,0.00014314742910742994,7.8,HIGH
CVE-2021-29755,0.03774226453587216,0.0,0.4137591446257738,0.00084523925225701,0.00014314742910742994,7.5,HIGH
CVE-2021-20418,0.03774226453587216,0.0,0.4137591446257738,0.0008452392522570117,0.00014314742910742994,9.8,CRITICAL
CVE-2021-39063,0.03774226453587216,0.0,0.4137591446257738,0.0008452392522570139,0.00014314742910742994,9.1,CRITICAL
CVE-2021-39064,0.03774226453587216,0.0,0.4137591446257738,0.0008452392522570111,0.00014314742910742994,7.5,HIGH
CVE-2021-39065,0.03774226453587216,0.0,0.4137591446257738,0.0008452392522570122,0.00014314742910742994,9.8,CRITICAL
CVE-2021-20399,0.03774226453587216,0.0,0.4137591446257738,0.0008452392522570102,0.00014314742910742994,9.1,CRITICAL
CVE-2021-29750,0.03774226453587216,0.0,0.4137591446257738,0.0008452392522570148,0.00014314742910742994,7.5,HIGH
CVE-2021-20557,0.03774226453587216,0.0,0.4137591446257738,0.0008452392522570084,0.00014314742910742994,7.2,HIGH
CVE-2021-29667,0.03774226453587216,0.0,0.4137591446257738,0.0008452392522570128,0.00014314742910742994,7.8,HIGH
CVE-2021-20426,0.03774226453587216,0.0,0.4137591446257738,0.0008452392522570121,0.00014314742910742994,9.8,CRITICAL
CVE-2021-38869,0.03774226453587216,0.0,0.4137591446257738,0.0008452392522570112,0.00014314742910742994,9.8,CRITICAL
CVE-2021-20419,0.03774226453587216,0.0,0.4137591446257738,0.0008452392522570137,0.00014314742910742994,7.5,HIGH
CVE-2021-22056,0.03774226453587216,0.0,0.4137591446257738,0.0008452392522570104,0.00014314742910742994,7.5,HIGH
CVE-2021-1451,0.03774226453587216,0.0,0.4137591446257738,0.0008452392522570142,0.00014314742910742994,8.1,HIGH
CVE-2021-38947,0.03774226453587216,0.0,0.4137591446257738,0.0008452392522570098,0.00014314742910742994,7.5,HIGH
CVE-2021-39058,0.03774226453587216,0.0,0.4137591446257738,0.0008452392522570147,0.00014314742910742994,7.5,HIGH
CVE-2021-31822,0.03774226453587216,0.0,0.4137591446257738,0.0008452392522570109,0.00014314742910742994,7.8,HIGH
CVE-2021-26634,0.03774226453587216,0.0,0.4137591446257738,0.0008452392522570146,0.00014314742910742994,9.8,CRITICAL
CVE-2021-20337,0.03774226453587216,0.0,0.4137591446257738,0.0008452392522570111,0.00014314742910742994,7.5,HIGH
CVE-2021-22002,0.03774226453587216,0.0,0.4137591446257738,0.0008452392522570107,0.00014314742910742994,9.8,CRITICAL
CVE-2021-26639,0.03774226453587216,0.0,0.4137591446257738,0.0008452392522570115,0.00014314742910742994,8.1,HIGH
CVE-2021-20400,0.03774226453587216,0.0,0.4137591446257738,0.0008452392522570134,0.00014314742910742994,7.5,HIGH
CVE-2021-44458,0.03774226453587216,0.0,0.4137591446257738,0.00084523925225701,0.00014314742910742994,8.3,HIGH
CVE-2021-2135,0.006120367222033322,2.824442552013864e-06,0.39850948509485096,0.0001752536413204293,0.00014011726200881676,9.8,CRITICAL
CVE-2021-2376,0.006120367222033322,2.824442552013864e-06,0.39850948509485096,0.00017525364132043255,0.00014011726200881676,7.5,HIGH
CVE-2021-35617,0.006120367222033322,2.824442552013864e-06,0.39850948509485096,0.00017525364132043003,0.00014011726200881676,9.8,CRITICAL
CVE-2021-2394,0.006120367222033322,2.824442552013864e-06,0.39850948509485096,0.00017525364132042946,0.00014011726200881676,9.8,CRITICAL
CVE-2021-2382,0.006120367222033322,2.824442552013864e-06,0.39850948509485096,0.00017525364132043016,0.00014011726200881676,9.8,CRITICAL
CVE-2021-2397,0.006120367222033322,2.824442552013864e-06,0.39850948509485096,0.00017525364132042897,0.00014011726200881676,9.8,CRITICAL
CVE-2021-2109,0.006120367222033322,2.824442552013864e-06,0.39850948509485096,0.00017525364132042862,0.00014011726200881676,7.2,HIGH
CVE-2021-2075,0.006120367222033322,2.824442552013864e-06,0.39850948509485096,0.00017525364132042935,0.00014011726200881676,9.8,CRITICAL
CVE-2021-35620,0.006120367222033322,2.824442552013864e-06,0.39850948509485096,0.000175253641320432,0.00014011726200881676,7.5,HIGH
CVE-2021-2136,0.006120367222033322,2.824442552013864e-06,0.39850948509485096,0.00017525364132043095,0.00014011726200881676,9.8,CRITICAL
CVE-2021-2157,0.006120367222033322,2.824442552013864e-06,0.39850948509485096,0.0001752536413204316,0.00014011726200881676,7.5,HIGH
CVE-2021-2378,0.006120367222033322,2.824442552013864e-06,0.39850948509485096,0.00017525364132042978,0.00014011726200881676,7.5,HIGH
CVE-2021-4127,0.013940836450187013,0.0,0.38150214035542873,0.0004775664625675866,0.0001384703845260215,9.8,CRITICAL
CVE-2021-43529,0.013940836450187013,0.0,0.38150214035542873,0.00047756646256758766,0.0001384703845260215,9.8,CRITICAL
CVE-2021-29949,0.013940836450187013,0.0,0.38150214035542873,0.0004775664625675865,0.00013847038452602148,7.8,HIGH
CVE-2021-29950,0.013940836450187013,0.0,0.38150214035542873,0.0004775664625675863,0.00013847038452602148,7.5,HIGH
CVE-2021-38495,0.013940836450187013,0.0,0.38150214035542873,0.0004775664625675857,0.00013847038452602148,8.8,HIGH
CVE-2021-32654,0.0023801428085685142,0.0,0.3464075382803298,0.00010172804470088015,0.00013601099164810575,8.1,HIGH
CVE-2021-32726,0.0023801428085685142,0.0,0.3464075382803298,0.00010172804470088018,0.00013601099164810575,7.1,HIGH
CVE-2021-41177,0.0023801428085685142,0.0,0.3464075382803298,0.00010172804470087847,0.00013601099164810575,8.1,HIGH
CVE-2021-32800,0.0023801428085685142,0.0,0.3464075382803298,0.00010172804470087992,0.00013601099164810575,8.1,HIGH
CVE-2021-32656,0.0023801428085685142,0.0,0.3464075382803298,0.00010172804470087827,0.00013601099164810575,8.6,HIGH
CVE-2021-32802,0.0023801428085685142,0.0,0.3464075382803298,0.00010172804470087962,0.00013601099164810575,9.3,CRITICAL
CVE-2021-2047,0.0051003060183611015,0.0,0.3540387624894667,4.224270586366768e-05,0.0001356231437913768,9.8,CRITICAL
CVE-2021-2144,0.019041142468548114,2.9058895852480833e-05,0.44459561602418746,0.0015155312051927752,0.00013460347353961912,7.2,HIGH
CVE-2021-21267,0.014280856851411085,3.5096679510147786e-05,0.42610837438423643,0.00095198363787724,0.00012775720793845187,7.5,HIGH
CVE-2021-43391,0.003740224413464808,0.0,0.2755035128805621,1.3196714352178205e-06,0.00012768168451804984,7.8,HIGH
CVE-2021-43274,0.003740224413464808,0.0,0.2755035128805621,1.319671435216764e-06,0.00012768168451804984,7.8,HIGH
CVE-2021-43390,0.003740224413464808,0.0,0.2755035128805621,1.3196714352176454e-06,0.00012768168451804984,7.8,HIGH
CVE-2021-43275,0.003740224413464808,0.0,0.2755035128805621,1.3196714352182415e-06,0.00012768168451804984,7.8,HIGH
CVE-2021-43280,0.003740224413464808,0.0,0.2755035128805621,1.3196714352163863e-06,0.00012768168451804984,7.8,HIGH
CVE-2021-43527,0.023121387283236997,2.383943426668992e-05,0.40068119891008175,0.0026993388341830116,0.00012562567612025573,9.8,CRITICAL
CVE-2021-22118,0.01938116286977219,1.4857364327108657e-05,0.39000132608407373,0.00243607360148471,0.0001248080881366405,7.8,HIGH
CVE-2021-2446,0.002040122407344441,0.0,0.37003019627579264,0.0001146151664974106,0.0001246325251354549,9.6,CRITICAL
CVE-2021-2177,0.002040122407344441,0.0,0.37003019627579264,0.00011461516649740988,0.0001246325251354549,10.0,CRITICAL
CVE-2021-2221,0.002040122407344441,0.0,0.37003019627579264,0.00011461516649741222,0.0001246325251354549,9.6,CRITICAL
CVE-2021-2248,0.002040122407344441,0.0,0.37003019627579264,0.00011461516649740912,0.0001246325251354549,10.0,CRITICAL
CVE-2021-2447,0.002040122407344441,0.0,0.37003019627579264,0.00011461516649741095,0.0001246325251354549,9.9,CRITICAL
CVE-2021-20049,0.0010200612036722204,0.0,0.3472255017709563,4.476211578981422e-05,0.0001226796489420395,7.5,HIGH
CVE-2021-20017,0.0010200612036722204,0.0,0.3472255017709563,4.4762115789814866e-05,0.0001226796489420395,8.8,HIGH
CVE-2021-20050,0.0010200612036722204,0.0,0.3472255017709563,4.4762115789817556e-05,0.0001226796489420395,7.5,HIGH
CVE-2021-35560,0.013940836450187013,2.7928607580766786e-05,0.44040131775980834,0.0009171753909746648,0.00012189330192180915,7.5,HIGH
CVE-2021-41546,0.0010200612036722204,0.0,0.3557948221630777,5.962398434974395e-05,0.00012074098696144837,7.5,HIGH
CVE-2021-37173,0.0010200612036722204,0.0,0.3557948221630777,5.9623984349742784e-05,0.00012074098696144837,8.8,HIGH
CVE-2021-37174,0.0010200612036722204,0.0,0.3557948221630777,5.962398434974474e-05,0.00012074098696144837,8.8,HIGH
CVE-2021-20294,0.0010200612036722204,0.0,0.3657505285412262,6.902292059151324e-05,0.00012065309881815719,7.8,HIGH
CVE-2021-46174,0.0010200612036722204,0.0,0.3657505285412262,6.902292059151463e-05,0.00012065309881815719,7.5,HIGH
CVE-2021-37322,0.0010200612036722204,0.0,0.3657505285412262,6.902292059151303e-05,0.00012065309881815719,7.8,HIGH
CVE-2021-29923,0.015640938456307377,3.194403750840565e-05,0.4124246248772963,0.0013558945792628697,0.00011910317160260375,7.5,HIGH
CVE-2021-41165,0.017001020061203673,1.3332966753784824e-05,0.38927862342819325,0.0020913051319796368,0.00011852657802422184,8.2,HIGH
CVE-2021-3690,0.02448146888813329,2.122034110510177e-05,0.4057111325700097,0.0031857155179602337,0.00011829248152300044,7.5,HIGH
CVE-2021-27358,0.0047602856171370285,1.1854627573196552e-05,0.3708701134930643,0.00041049980896819103,0.0001181480968454097,7.5,HIGH
CVE-2021-22696,0.006120367222033322,2.448359315473332e-05,0.3832421162366432,0.0003666978445520482,0.00011742199092888022,7.5,HIGH
CVE-2021-33194,0.015300918055083306,2.7387250873572113e-05,0.41121364653243847,0.0013509320494337483,0.00011662157710832987,7.5,HIGH
CVE-2021-28165,0.014280856851411085,1.6353743813642136e-05,0.3969496558239978,0.001655526604872517,0.00011654605402151941,7.5,HIGH
CVE-2021-1526,0.00034002040122407346,0.0,0.2720629047178538,1.0820254724440564e-07,0.00011631030728370315,7.8,HIGH
CVE-2021-35583,0.013260795647738865,1.4440076673797405e-05,0.42803085431523796,0.0008503437599990014,0.00011603723501625858,7.5,HIGH
CVE-2021-20188,0.024141448486909214,1.745956558578004e-05,0.4056551724137931,0.0031845084096535055,0.0001157778459627573,7.0,HIGH
CVE-2021-3859,0.013260795647738865,1.579131227051576e-05,0.4277196044211751,0.0007686690125342913,0.00011567744768791239,7.5,HIGH
CVE-2021-30468,0.004420265215912955,5.309860747311328e-06,0.36219211822660097,0.00013266455913548593,0.00011064722629075603,7.5,HIGH
CVE-2021-23191,0.0017001020061203672,0.0,0.3174311926605505,4.791175330941096e-05,0.00010842239671349891,7.8,HIGH
CVE-2021-23180,0.0017001020061203672,0.0,0.3174311926605505,4.7911753309408615e-05,0.00010842239671349891,7.8,HIGH
CVE-2021-23165,0.0017001020061203672,0.0,0.3174311926605505,4.7911753309409395e-05,0.00010842239671349891,9.8,CRITICAL
CVE-2021-23206,0.0017001020061203672,0.0,0.3174311926605505,4.791175330940786e-05,0.00010842239671349891,7.8,HIGH
CVE-2021-44531,0.014620877252635158,3.965212973994077e-06,0.38927862342819325,0.0012695120854287045,0.00010841844084498953,7.4,HIGH
CVE-2021-46143,0.016320979258755527,1.1329168446843846e-05,0.4081887578070784,0.0018219315513219598,0.00010684047498038491,8.1,HIGH
CVE-2021-3717,0.024141448486909214,4.114708334812303e-06,0.4056551724137931,0.0031855556230457023,0.0001065705790629932,7.8,HIGH
CVE-2021-3998,0.024141448486909214,6.5176075016444795e-06,0.4001905021091305,0.003047129797101832,0.0001055836466560537,7.5,HIGH
CVE-2021-32027,0.023801428085685142,7.180019427687629e-07,0.40559922769273205,0.00318434851473898,0.00010405779596811324,8.8,HIGH
CVE-2021-38945,0.01088065283917035,0.0,0.42536881689326006,0.000643634541497657,0.0001038811223750623,9.8,CRITICAL
CVE-2021-20470,0.01088065283917035,0.0,0.42536881689326006,0.0006436345414976592,0.0001038811223750623,7.5,HIGH
CVE-2021-26296,0.01088065283917035,0.0,0.42536881689326006,0.0006436345414976558,0.0001038811223750623,7.5,HIGH
CVE-2021-29745,0.01088065283917035,0.0,0.42536881689326006,0.0006436345414976572,0.0001038811223750623,8.8,HIGH
CVE-2021-38886,0.01088065283917035,0.0,0.42536881689326006,0.00064363454149766,0.0001038811223750623,8.8,HIGH
CVE-2021-29756,0.01088065283917035,0.0,0.42536881689326006,0.0006436345414976597,0.0001038811223750623,8.8,HIGH
CVE-2021-29679,0.01088065283917035,0.0,0.42536881689326006,0.0006436345414976592,0.0001038811223750623,8.8,HIGH
CVE-2021-31254,0.013260795647738865,0.0,0.3414209426514976,0.0009378676348271709,0.00010064523379079365,7.8,HIGH
CVE-2021-21856,0.013260795647738865,0.0,0.3414209426514976,0.0009378676348271723,0.00010064523379079365,8.8,HIGH
CVE-2021-32439,0.013260795647738865,0.0,0.3414209426514976,0.0009378676348271735,0.00010064523379079365,7.8,HIGH
CVE-2021-29279,0.013260795647738865,0.0,0.3414209426514976,0.0009378676348271706,0.00010064523379079365,7.8,HIGH
CVE-2021-21862,0.013260795647738865,0.0,0.3414209426514976,0.0009378676348271728,0.00010064523379079365,8.8,HIGH
CVE-2021-31255,0.013260795647738865,0.0,0.3414209426514976,0.0009378676348271718,0.00010064523379079365,7.8,HIGH
CVE-2021-33362,0.013260795647738865,0.0,0.3414209426514976,0.0009378676348271697,0.00010064523379079365,7.8,HIGH
CVE-2021-36417,0.013260795647738865,0.0,0.3414209426514976,0.0009378676348271731,0.00010064523379079365,7.8,HIGH
CVE-2021-36414,0.013260795647738865,0.0,0.3414209426514976,0.0009378676348271731,0.00010064523379079365,7.8,HIGH
CVE-2021-36412,0.013260795647738865,0.0,0.3414209426514976,0.00093786763482717,0.00010064523379079365,7.8,HIGH
CVE-2021-32136,0.013260795647738865,0.0,0.3414209426514976,0.0009378676348271731,0.00010064523379079365,7.8,HIGH
CVE-2021-40570,0.013260795647738865,0.0,0.3414209426514976,0.0009378676348271712,0.00010064523379079365,7.8,HIGH
CVE-2021-21852,0.013260795647738865,0.0,0.3414209426514976,0.0009378676348271723,0.00010064523379079365,8.8,HIGH
CVE-2021-40571,0.013260795647738865,0.0,0.3414209426514976,0.0009378676348271704,0.00010064523379079365,7.8,HIGH
CVE-2021-21851,0.013260795647738865,0.0,0.3414209426514976,0.0009378676348271713,0.00010064523379079365,8.8,HIGH
CVE-2021-21835,0.013260795647738865,0.0,0.3414209426514976,0.0009378676348271727,0.00010064523379079365,8.8,HIGH
CVE-2021-3697,0.02074124447466848,6.587172655004567e-07,0.40481761871988986,0.002733581928195265,9.819118824273788e-05,7.0,HIGH
CVE-2021-4112,0.020061203672220335,2.437737326712716e-07,0.3992127053074522,0.0026887124646664015,9.66468758645641e-05,8.8,HIGH
CVE-2021-3698,0.01972118327099626,0.0,0.3991043560863075,0.002649776545864422,9.590345631587999e-05,7.5,HIGH
CVE-2021-29921,0.012920775246514792,1.2987471562873583e-05,0.38819957761351637,0.0017121345782218126,9.449753581716394e-05,9.8,CRITICAL
CVE-2021-44524,0.0013600816048962938,0.0,0.3737450756131656,0.00013488689007830885,9.314258261505995e-05,9.8,CRITICAL
CVE-2021-44522,0.0013600816048962938,0.0,0.3737450756131656,0.00013488689007831105,9.314258261505995e-05,7.5,HIGH
CVE-2021-44523,0.0013600816048962938,0.0,0.3737450756131656,0.0001348868900783091,9.314258261505995e-05,9.1,CRITICAL
CVE-2021-0156,0.017001020061203673,0.0,0.3982396750169262,0.002080385407993635,9.277234422447575e-05,7.8,HIGH
CVE-2021-0091,0.017001020061203673,0.0,0.3982396750169262,0.002080385407993636,9.277234422447575e-05,7.8,HIGH
CVE-2021-0099,0.017001020061203673,0.0,0.3982396750169262,0.0020803854079936342,9.277234422447575e-05,7.8,HIGH
CVE-2021-0117,0.017001020061203673,0.0,0.3982396750169262,0.002080385407993635,9.277234422447575e-05,7.8,HIGH
CVE-2021-0116,0.017001020061203673,0.0,0.3982396750169262,0.002080385407993637,9.277234422447575e-05,7.8,HIGH
CVE-2021-32548,0.009520571234274057,3.050087053667349e-08,0.38110664766100816,0.0007565019087170402,9.274817780187647e-05,7.3,HIGH
CVE-2021-32547,0.009520571234274057,3.050087053667349e-08,0.38110664766100816,0.0007565019087170395,9.274817780187647e-05,7.3,HIGH
CVE-2021-32549,0.009520571234274057,3.050087053667349e-08,0.38110664766100816,0.0007565019087170389,9.274817780187647e-05,7.3,HIGH
CVE-2021-32551,0.009520571234274057,3.050087053667349e-08,0.38110664766100816,0.0007565019087170395,9.274817780187647e-05,7.3,HIGH
CVE-2021-32552,0.009520571234274057,3.050087053667349e-08,0.38110664766100816,0.0007565019087170373,9.274817780187647e-05,7.3,HIGH
CVE-2021-3899,0.009520571234274057,3.050087053667349e-08,0.38110664766100816,0.000756501908717038,9.274817780187647e-05,7.8,HIGH
CVE-2021-32553,0.009520571234274057,3.050087053667349e-08,0.38110664766100816,0.0007565019087170383,9.274817780187647e-05,7.3,HIGH
CVE-2021-32555,0.009520571234274057,3.050087053667349e-08,0.38110664766100816,0.0007565019087170385,9.274817780187647e-05,7.3,HIGH
CVE-2021-32550,0.009520571234274057,3.050087053667349e-08,0.38110664766100816,0.0007565019087170378,9.274817780187647e-05,7.3,HIGH
CVE-2021-32554,0.009520571234274057,3.050087053667349e-08,0.38110664766100816,0.0007565019087170395,9.274817780187647e-05,7.3,HIGH
CVE-2021-3939,0.009520571234274057,3.050087053667349e-08,0.38110664766100816,0.0007565019087170375,9.274817780187647e-05,7.8,HIGH
CVE-2021-2041,0.002040122407344441,0.0,0.350619933237959,6.84923844029674e-05,9.202089437919769e-05,8.1,HIGH
CVE-2021-2456,0.002040122407344441,0.0,0.350619933237959,6.849238440296543e-05,9.202089437919769e-05,9.8,CRITICAL
CVE-2021-2025,0.002040122407344441,0.0,0.350619933237959,6.849238440296495e-05,9.202089437919769e-05,8.2,HIGH
CVE-2021-1365,0.0006800408024481469,0.0,0.37365010799136067,6.890180829856489e-05,9.174514663706722e-05,7.1,HIGH
CVE-2021-1576,0.0006800408024481469,0.0,0.37365010799136067,6.890180829856454e-05,9.174514663706722e-05,8.8,HIGH
CVE-2021-1363,0.0006800408024481469,0.0,0.37365010799136067,6.890180829856371e-05,9.174514663706722e-05,7.1,HIGH
CVE-2021-1574,0.0006800408024481469,0.0,0.37365010799136067,6.890180829856493e-05,9.174514663706722e-05,8.8,HIGH
CVE-2021-2219,0.010200612036722203,0.0,0.3870246085011186,0.0008996453245721392,9.163686049038243e-05,7.4,HIGH
CVE-2021-2063,0.010200612036722203,0.0,0.3870246085011186,0.0008996453245721383,9.163686049038243e-05,8.4,HIGH
CVE-2021-2071,0.010200612036722203,0.0,0.3870246085011186,0.0008996453245721383,9.163686049038243e-05,8.1,HIGH
CVE-2021-40325,0.0013600816048962938,0.0,0.3471435316336166,9.778489363261658e-05,9.132490668318342e-05,7.5,HIGH
CVE-2021-40323,0.0013600816048962938,0.0,0.3471435316336166,9.778489363261858e-05,9.132490668318342e-05,9.8,CRITICAL
CVE-2021-40324,0.0013600816048962938,0.0,0.3471435316336166,9.778489363261728e-05,9.132490668318342e-05,7.5,HIGH
CVE-2021-27021,0.0006800408024481469,0.0,0.3195349847892221,2.3797495665183867e-05,9.043359536305503e-05,8.8,HIGH
CVE-2021-27020,0.0006800408024481469,0.0,0.3195349847892221,2.3797495665184725e-05,9.043359536305503e-05,8.8,HIGH
CVE-2021-26717,0.0006800408024481469,0.0,0.34454076850984067,3.8524297992216676e-05,9.017071747467166e-05,7.5,HIGH
CVE-2021-26712,0.0006800408024481469,0.0,0.34454076850984067,3.85242979922151e-05,9.017071747467166e-05,7.5,HIGH
CVE-2021-33815,0.0006800408024481469,0.0,0.3501607334206453,4.895043132152895e-05,9.007363689740084e-05,8.8,HIGH
CVE-2021-30123,0.0006800408024481469,0.0,0.3501607334206453,4.895043132153212e-05,9.007363689740084e-05,8.8,HIGH
CVE-2021-43854,0.0006800408024481469,0.0,0.3568308662945887,5.747461739737963e-05,9.00227204587357e-05,7.5,HIGH
CVE-2021-3828,0.0006800408024481469,0.0,0.3568308662945887,5.747461739737905e-05,9.00227204587357e-05,7.5,HIGH
CVE-2021-26291,0.0034002040122407345,2.576125936357882e-06,0.3705897177419355,0.00021894566771425678,8.850885692586761e-05,9.1,CRITICAL
CVE-2021-45451,0.012580754845290717,1.2792747931854703e-06,0.38056418219461696,0.00118372191265621,8.796270568136994e-05,7.5,HIGH
CVE-2021-45450,0.011900714042842571,8.626091680720788e-07,0.3804657179818887,0.0011058576903618619,8.658350095463714e-05,7.5,HIGH
CVE-2021-43138,0.011900714042842571,8.626091680720788e-07,0.3804657179818887,0.0011058576903618601,8.658350095463714e-05,7.8,HIGH
CVE-2021-43612,0.011900714042842571,8.626091680720788e-07,0.3804657179818887,0.001105857690361862,8.658350095463714e-05,7.5,HIGH
CVE-2021-22112,0.011220673240394424,1.3655888374493228e-06,0.38580611307884033,0.0015417624762034217,8.59550610312011e-05,8.8,HIGH
CVE-2021-20093,0.008500510030601836,5.363504117521984e-06,0.41254032823677933,0.0007368154213304174,8.501423579078536e-05,9.1,CRITICAL
CVE-2021-33195,0.004080244814688882,0.0,0.3846455663091813,0.00025002106394877483,8.310790428600086e-05,7.3,HIGH
CVE-2021-33198,0.004080244814688882,0.0,0.3846455663091813,0.0002500210639487754,8.310790428600085e-05,7.5,HIGH
CVE-2021-23772,0.004080244814688882,0.0,0.3846455663091813,0.0002500210639487732,8.310790428600085e-05,7.5,HIGH
CVE-2021-27918,0.004080244814688882,0.0,0.3846455663091813,0.0002500210639487748,8.310790428600085e-05,7.5,HIGH
CVE-2021-39293,0.004080244814688882,0.0,0.3846455663091813,0.00025002106394877527,8.310790428600083e-05,7.5,HIGH
CVE-2021-43798,0.0010200612036722204,0.0,0.3467342607875501,4.913561081187305e-05,8.21759662939472e-05,7.5,HIGH
CVE-2021-41244,0.0010200612036722204,0.0,0.3467342607875501,4.913561081187381e-05,8.21759662939472e-05,9.1,CRITICAL
CVE-2021-32292,0.009520571234274057,0.0,0.39218562474996665,0.0010183208461945264,8.204358965503453e-05,9.8,CRITICAL
CVE-2021-39134,0.007140428425705543,4.504840309340002e-07,0.41058215831355577,0.0005707269346117885,8.063236283372336e-05,8.2,HIGH
CVE-2021-39135,0.007140428425705543,4.504840309340002e-07,0.41058215831355577,0.0005707269346117882,8.063236283372335e-05,8.2,HIGH
CVE-2021-29922,0.0017001020061203672,0.0,0.3463259538389072,0.00015259100745504314,8.033122576107913e-05,9.1,CRITICAL
CVE-2021-28875,0.0017001020061203672,0.0,0.3463259538389072,0.00015259100745503983,8.033122576107913e-05,7.5,HIGH
CVE-2021-28877,0.0017001020061203672,0.0,0.3463259538389072,0.00015259100745504002,8.033122576107913e-05,7.5,HIGH
CVE-2021-32803,0.006800408024481469,0.0,0.4105248464544947,0.0005470014839478051,7.977525036069058e-05,8.2,HIGH
CVE-2021-32804,0.006800408024481469,0.0,0.4105248464544947,0.0005470014839478054,7.977525036069058e-05,8.2,HIGH
CVE-2021-27290,0.006800408024481469,0.0,0.4105248464544947,0.0005470014839478034,7.977525036069058e-05,7.5,HIGH
CVE-2021-22569,0.0034002040122407345,3.4324916947244193e-06,0.3833919958284448,0.00032354669411252307,7.891401363927871e-05,7.5,HIGH
CVE-2021-29427,0.0017001020061203672,0.0,0.3428937857059578,8.900717468909244e-05,7.563207203005356e-05,8.0,HIGH
CVE-2021-29428,0.0017001020061203672,0.0,0.3428937857059578,8.900717468909486e-05,7.563207203005356e-05,8.8,HIGH
CVE-2021-3461,0.0010200612036722204,0.0,0.32486468573953386,3.259441273382889e-05,7.53273534386693e-05,7.1,HIGH
CVE-2021-3637,0.0010200612036722204,0.0,0.32486468573953386,3.259441273383132e-05,7.53273534386693e-05,7.5,HIGH
CVE-2021-33741,0.009520571234274057,0.0,0.35489320622662,0.0006053671015406892,7.425239514018887e-05,8.2,HIGH
CVE-2021-31982,0.009520571234274057,0.0,0.35489320622662,0.0006053671015406862,7.425239514018887e-05,8.8,HIGH
CVE-2021-31937,0.009520571234274057,0.0,0.35489320622662,0.0006053671015406861,7.425239514018887e-05,8.2,HIGH
CVE-2021-40402,0.0010200612036722204,0.0,0.3457559369856572,5.2031821524302853e-05,7.347470091013144e-05,7.5,HIGH
CVE-2021-40400,0.0010200612036722204,0.0,0.3457559369856572,5.203182152430295e-05,7.347470091013144e-05,7.5,HIGH
CVE-2021-43172,0.0010200612036722204,0.0,0.32322233212440926,5.1184751390942776e-05,7.343704982444067e-05,7.5,HIGH
CVE-2021-41531,0.0010200612036722204,0.0,0.32322233212440926,5.118475139094221e-05,7.343704982444067e-05,7.5,HIGH
CVE-2021-22904,0.0010200612036722204,0.0,0.35365560365560367,7.452031222272516e-05,7.317015042979164e-05,7.5,HIGH
CVE-2021-22902,0.0010200612036722204,0.0,0.35365560365560367,7.45203122227261e-05,7.317015042979164e-05,7.5,HIGH
CVE-2021-23192,0.0010200612036722204,0.0,0.36780890445222614,0.00013463196276588898,7.30072721338286e-05,7.5,HIGH
CVE-2021-3738,0.0010200612036722204,0.0,0.36780890445222614,0.00013463196276588884,7.30072721338286e-05,8.8,HIGH
CVE-2021-33587,0.003740224413464808,0.0,0.3683155917345022,0.0003620088419773061,7.241724168177876e-05,7.5,HIGH
CVE-2021-26707,0.003740224413464808,0.0,0.3683155917345022,0.000362008841977306,7.241724168177875e-05,9.8,CRITICAL
CVE-2021-41303,0.0023801428085685142,0.0,0.311612629794448,2.7364924028968647e-05,7.145565981921654e-05,9.8,CRITICAL
CVE-2021-38296,0.0023801428085685142,0.0,0.311612629794448,2.7364924028969772e-05,7.145565981921654e-05,7.5,HIGH
CVE-2021-22119,0.006800408024481469,3.14040545985394e-08,0.3696116626869423,0.001034132626373342,7.123414907256613e-05,7.5,HIGH
CVE-2021-26118,0.0051003060183611015,0.0,0.3839425587467363,0.00040819390450745537,7.024663893523224e-05,7.5,HIGH
CVE-2021-1422,0.0006800408024481469,0.0,0.37426826164418425,6.890233643927835e-05,7.010381805122771e-05,7.7,HIGH
CVE-2021-29390,0.005780346820809249,0.0,0.36698278013476415,0.000443163087914042,6.940252156332264e-05,7.1,HIGH
CVE-2021-3530,0.007820469228153689,0.0,0.3746496815286624,0.00109351403760814,6.897164448529051e-05,7.5,HIGH
CVE-2021-23440,0.006460387623257396,0.0,0.3695652173913043,0.0010317114616565752,6.896121537448056e-05,7.3,HIGH
CVE-2021-3807,0.0017001020061203672,0.0,0.35476477683956575,0.00013218463392500478,6.889050805142982e-05,7.5,HIGH
CVE-2021-45907,0.0013600816048962938,0.0,0.31732844195079846,7.164083976953692e-05,6.779824787478913e-05,7.8,HIGH
CVE-2021-45908,0.0013600816048962938,0.0,0.31732844195079846,7.164083976953733e-05,6.779824787478911e-05,7.8,HIGH
CVE-2021-42575,0.0034002040122407345,4.522192398332405e-08,0.35476477683956575,0.00012188273879677141,6.775570359417246e-05,9.8,CRITICAL
CVE-2021-26995,0.003740224413464808,0.0,0.37963082483542016,0.00037949238487508806,6.754766105890134e-05,8.8,HIGH
CVE-2021-26996,0.003740224413464808,0.0,0.37963082483542016,0.0003794923848750863,6.754766105890134e-05,7.5,HIGH
CVE-2021-25291,0.004080244814688882,0.0,0.3556227327690447,0.0004275238480022145,6.709290179009576e-05,7.5,HIGH
CVE-2021-25293,0.004080244814688882,0.0,0.3556227327690447,0.0004275238480022151,6.709290179009576e-05,7.5,HIGH
CVE-2021-25289,0.004080244814688882,0.0,0.3556227327690447,0.0004275238480022137,6.709290179009576e-05,9.8,CRITICAL
CVE-2021-27577,0.004420265215912955,0.0,0.3479649787032655,0.00045851434943269565,6.703214657821264e-05,7.5,HIGH
CVE-2021-41585,0.004420265215912955,0.0,0.3479649787032655,0.00045851434943269435,6.703214657821264e-05,7.5,HIGH
CVE-2021-43082,0.004420265215912955,0.0,0.3479649787032655,0.00045851434943269207,6.703214657821264e-05,9.8,CRITICAL
CVE-2021-29662,0.004080244814688882,0.0,0.38160114181912547,0.00029412404135830805,6.657260221897555e-05,7.5,HIGH
CVE-2021-32066,0.006120367222033322,1.2830263733388052e-06,0.40089967284623773,0.0007998292829008847,6.549627381253864e-05,7.4,HIGH
CVE-2021-20311,0.0017001020061203672,0.0,0.35306122448979593,0.0001159111346872122,6.507132867238007e-05,7.5,HIGH
CVE-2021-20310,0.0017001020061203672,0.0,0.35306122448979593,0.00011591113468721212,6.507132867238007e-05,7.5,HIGH
CVE-2021-24112,0.0010200612036722204,0.0,0.346611667648792,0.00010163183824248552,6.351257111833157e-05,8.1,HIGH
CVE-2021-41116,0.003060183611016661,3.148979145313748e-08,0.3827433628318584,0.0005017503388884607,6.332191033904316e-05,8.2,HIGH
CVE-2021-20076,0.0027201632097925877,0.0,0.3814031902476981,0.0004337070816570685,6.209255031126081e-05,8.8,HIGH
CVE-2021-33226,0.003060183611016661,0.0,0.36689121756487025,0.00053916083855133,6.177470559163942e-05,9.8,CRITICAL
CVE-2021-25315,0.003060183611016661,0.0,0.36689121756487025,0.0005391608385513279,6.177470559163942e-05,9.8,CRITICAL
CVE-2021-31684,0.0047602856171370285,0.0,0.3691477344044182,0.0009257899610167308,6.166020159328626e-05,7.5,HIGH
CVE-2021-35940,0.0047602856171370285,0.0,0.3825939898529986,0.0008133748226110121,6.111351776023907e-05,7.1,HIGH
CVE-2021-2015,0.004080244814688882,4.917912866472373e-07,0.39905020352781545,0.0006008480151197804,6.092545821204629e-05,8.2,HIGH
CVE-2021-43396,0.004420265215912955,0.0,0.39386634525244407,0.0006411607747537254,5.993445296199442e-05,7.5,HIGH
CVE-2021-3750,0.004080244814688882,5.6336609921633165e-08,0.3793859649122807,0.0005412688802520653,5.899548403325738e-05,8.2,HIGH
CVE-2021-3749,0.0017001020061203672,2.6797434315627086e-08,0.3781663880673782,0.00018171011983464692,5.7559916198494875e-05,7.5,HIGH
CVE-2021-2137,0.002040122407344441,0.0,0.37213716310261924,0.0002916816525312556,5.7524761816041796e-05,8.8,HIGH
CVE-2021-32723,0.0013600816048962938,0.0,0.3601077507040529,0.0001247259131667116,5.5868504376466016e-05,7.4,HIGH
CVE-2021-30639,0.0013600816048962938,2.6855311891959147e-09,0.3548503861003861,0.00012096262877601624,5.583579471046872e-05,7.5,HIGH
CVE-2021-20218,0.0013600816048962938,0.0,0.36689121756487025,0.00010181875592870404,5.572930352998191e-05,7.4,HIGH
CVE-2021-33060,0.002040122407344441,3.917782221526615e-09,0.3799250742798088,0.00025546246008568534,5.533817843794892e-05,7.8,HIGH
CVE-2021-28667,0.0013600816048962938,0.0,0.3620137863121615,0.00013012737268099385,5.523781853524094e-05,7.5,HIGH
CVE-2021-4091,0.0017001020061203672,0.0,0.38090920865172906,0.0002496172166963268,5.5153901240022916e-05,7.5,HIGH
CVE-2021-28703,0.002040122407344441,0.0,0.36511483550589696,0.0003288251592502697,5.477637489937021e-05,7.0,HIGH
CVE-2021-25321,0.0017001020061203672,2.1347371653482704e-09,0.3769063180827887,0.000303479665911061,5.4292503185642426e-05,7.8,HIGH
CVE-2021-21783,0.0013600816048962938,0.0,0.36896248902270734,0.0001816056857275556,5.4249803026880216e-05,9.8,CRITICAL
CVE-2021-33658,0.0013600816048962938,0.0,0.3200914235959948,9.634965308568614e-05,5.40930982816045e-05,7.8,HIGH
CVE-2021-28692,0.0013600816048962938,0.0,0.3637600494743352,0.00024450498121772826,5.348991953398803e-05,7.1,HIGH
CVE-2021-37184,0.0006800408024481469,0.0,0.37365010799136067,0.0001344625743315996,5.34786803963884e-05,9.8,CRITICAL
CVE-2021-31891,0.0006800408024481469,0.0,0.37365010799136067,0.00013446257433160367,5.34786803963884e-05,10.0,CRITICAL
CVE-2021-25631,0.0010200612036722204,0.0,0.35221556886227545,9.387897816054735e-05,5.313927887603139e-05,8.8,HIGH
CVE-2021-20304,0.0010200612036722204,0.0,0.358614803072796,0.00012872589177131405,5.297114079846866e-05,7.5,HIGH
CVE-2021-37601,0.0010200612036722204,0.0,0.358614803072796,0.00019611426105598117,5.2841437367280763e-05,7.5,HIGH
CVE-2021-1362,0.00034002040122407346,0.0,0.37360264227642276,6.879343556411934e-05,5.267424906138362e-05,8.8,HIGH
CVE-2021-34748,0.00034002040122407346,0.0,0.37360264227642276,6.87934355641187e-05,5.267424906138362e-05,8.8,HIGH
CVE-2021-1594,0.00034002040122407346,0.0,0.37360264227642276,6.879343556411833e-05,5.267424906138362e-05,7.5,HIGH
CVE-2021-1502,0.00034002040122407346,0.0,0.37360264227642276,6.879343556411826e-05,5.267424906138362e-05,7.8,HIGH
CVE-2021-1572,0.00034002040122407346,0.0,0.37360264227642276,6.87934355641169e-05,5.267424906138362e-05,7.8,HIGH
CVE-2021-1487,0.00034002040122407346,0.0,0.37360264227642276,6.879343556411778e-05,5.267424906138362e-05,8.8,HIGH
CVE-2021-29625,0.0006800408024481469,0.0,0.3172257577391867,4.76849670386818e-05,5.2558016690094504e-05,7.5,HIGH
CVE-2021-3412,0.0006800408024481469,0.0,0.35857108022433554,6.300519427356431e-05,5.255748724970169e-05,7.3,HIGH
CVE-2021-22045,0.0006800408024481469,0.0,0.3664797507788162,6.792193333923962e-05,5.2510174703767e-05,7.8,HIGH
CVE-2021-20267,0.0006800408024481469,0.0,0.3614354184588915,0.00010569108738480995,5.244008724851343e-05,7.1,HIGH
CVE-2021-3978,0.0006800408024481469,0.0,0.3393722594045696,6.697808240548896e-05,5.243407839086124e-05,7.5,HIGH
CVE-2021-2337,0.0006800408024481469,0.0,0.3499524036173251,9.441741832858748e-05,5.2363910872499524e-05,7.2,HIGH
CVE-2021-44223,0.0006800408024481469,0.0,0.3501190476190476,8.803035416455945e-05,5.233516159822955e-05,8.1,HIGH
CVE-2021-30474,0.0006800408024481469,0.0,0.34153989083730113,8.51207287154931e-05,5.233273038975037e-05,9.8,CRITICAL
CVE-2021-37592,0.0006800408024481469,0.0,0.36493361459238116,0.00011669239402805252,5.2283132057451035e-05,9.8,CRITICAL
CVE-2021-2253,0.00034002040122407346,0.0,0.32479293208172283,2.753445851020108e-05,5.225124128312336e-05,9.1,CRITICAL
CVE-2021-20025,0.0006800408024481469,0.0,0.31293892317514366,1.3307119549500783e-05,5.2164898649378575e-05,7.8,HIGH
CVE-2021-46877,0.00034002040122407346,0.0,0.33665293040293043,2.4570584985858924e-05,5.1904539490389194e-05,7.5,HIGH
CVE-2021-23901,0.00034002040122407346,0.0,0.31835895215414595,2.4487821113189596e-05,5.188585069576328e-05,9.1,CRITICAL
CVE-2021-33913,0.00034002040122407346,0.0,0.31719154443485764,2.3842424628352266e-05,5.1834705092303844e-05,9.8,CRITICAL
CVE-2021-38155,0.00034002040122407346,0.0,0.3393722594045696,4.142624523353883e-05,5.1742246210108596e-05,7.5,HIGH
CVE-2021-23463,0.00034002040122407346,0.0,0.35020242914979755,4.887489700200126e-05,5.17162975920654e-05,8.1,HIGH
CVE-2021-3583,0.00034002040122407346,0.0,0.3375803489439853,3.899715945869073e-05,5.171602038979447e-05,7.1,HIGH
CVE-2021-3496,0.00034002040122407346,0.0,0.33933310257297794,4.142598417631698e-05,5.170421576238827e-05,7.8,HIGH
CVE-2021-43310,0.00034002040122407346,0.0,0.341500232234092,4.256025923355203e-05,5.1699169710044995e-05,9.8,CRITICAL
CVE-2021-3584,0.00034002040122407346,0.0,0.3478826590962858,5.284794734929758e-05,5.169681424650163e-05,7.2,HIGH
CVE-2021-20264,0.00034002040122407346,0.0,0.3485423086039346,4.66083815293324e-05,5.168990325158516e-05,7.8,HIGH
CVE-2021-3529,0.00034002040122407346,0.0,0.36006366307541626,6.42648421512689e-05,5.168356503568561e-05,7.1,HIGH
CVE-2021-34813,0.00034002040122407346,0.0,0.35007737174145936,4.887331816461045e-05,5.1681305455513526e-05,9.8,CRITICAL
CVE-2021-40365,0.00034002040122407346,0.0,0.3665254237288136,7.073981744551528e-05,5.167646664320542e-05,7.5,HIGH
CVE-2021-25667,0.00034002040122407346,0.0,0.3665254237288136,7.073981744551189e-05,5.167646664320542e-05,8.8,HIGH
CVE-2021-2464,0.00034002040122407346,0.0,0.3473075106282475,5.152513625025944e-05,5.167486908129072e-05,7.8,HIGH
CVE-2021-42694,0.00034002040122407346,0.0,0.3496195910603899,5.350931798378845e-05,5.166378513153618e-05,8.3,HIGH
CVE-2021-0084,0.00034002040122407346,0.0,0.34957803399500775,5.350265061079179e-05,5.1662721437639894e-05,7.8,HIGH
CVE-2021-21708,0.00034002040122407346,0.0,0.36661680378957867,7.075574215471219e-05,5.1647556304713404e-05,8.2,HIGH
