cve_id,degree_cent,betweenness,closeness,pagerank,cvss_score,severity
CVE-2021-44228,0.2409332995181334,0.075402994969595,0.4855313385051102,0.00140710922754975,10.0,CRITICAL
CVE-2021-22946,0.29622115140755767,0.010444102681582417,0.4923211387189412,0.0007479995651649155,7.5,HIGH
CVE-2021-3450,0.13796601572406797,0.015858469902530672,0.4502683567431769,0.0007231281860484309,7.4,HIGH
CVE-2021-37969,0.34846563530306873,0.03616603671308048,0.5138798383943699,0.0007187077896454432,7.8,HIGH
CVE-2021-40438,0.23459294953081408,0.0050866082650668784,0.47724521907528444,0.0006986430085298515,9.0,CRITICAL
CVE-2021-21233,0.3383210753233578,0.03088619320086747,0.5119449493638016,0.0006946073293460786,8.8,HIGH
CVE-2021-21172,0.3383210753233578,0.03088619320086747,0.5119449493638016,0.0006946073293460786,8.1,HIGH
CVE-2021-0326,0.2657874714684251,0.13935797918237453,0.4866699580350531,0.0006876714147640633,7.5,HIGH
CVE-2021-37980,0.3238650773522698,0.028502438865641157,0.5059019758788812,0.0006675119335117132,7.4,HIGH
CVE-2021-44790,0.27111336545777326,0.006640050267429374,0.48535204332840964,0.0006651349067296433,9.8,CRITICAL
CVE-2021-4166,0.2797362414405275,0.005519679673789043,0.48595020951441953,0.0006501721362052619,7.1,HIGH
CVE-2021-41864,0.28759827542480343,0.004764788424089184,0.4901790154152163,0.0006482424251379659,7.8,HIGH
CVE-2021-44224,0.26477301547045395,0.005447173698377281,0.48220618808854104,0.0006386197179239126,8.2,HIGH
CVE-2021-34798,0.23281765153436468,0.0035523912034801605,0.47666827852998067,0.0006354859891230482,7.5,HIGH
CVE-2021-45444,0.27745371544509256,0.005020192512996774,0.48505351211711156,0.000633554084424369,7.8,HIGH
CVE-2021-20322,0.2688308394623383,0.00486487652265544,0.4833885006742675,0.0006301362003704988,7.4,HIGH
CVE-2021-45469,0.2812579254374841,0.0035366569031803708,0.48595020951441953,0.0006262783835956226,7.8,HIGH
CVE-2021-40690,0.16637078366725844,0.014440329761903497,0.43296365433183265,0.0006223677503851282,7.5,HIGH
CVE-2021-30984,0.26832361146335276,0.004999633342445347,0.4815583781143136,0.0006188682016264001,7.5,HIGH
CVE-2021-30951,0.26832361146335276,0.004999633342445347,0.4815583781143136,0.0006188682016264001,8.8,HIGH
CVE-2021-30934,0.26832361146335276,0.004999633342445347,0.4815583781143136,0.0006188682016264001,8.8,HIGH
CVE-2021-30953,0.26832361146335276,0.004999633342445347,0.4815583781143136,0.0006188682016264001,8.8,HIGH
CVE-2021-30952,0.26832361146335276,0.004999633342445347,0.4815583781143136,0.0006188682016264001,7.8,HIGH
CVE-2021-30954,0.26832361146335276,0.004999633342445347,0.4815583781143136,0.0006188682016264001,7.8,HIGH
CVE-2021-30858,0.2657874714684251,0.005829905849010517,0.4811470408785845,0.0006104420302792087,8.8,HIGH
CVE-2021-30846,0.2657874714684251,0.005829905849010517,0.4811470408785845,0.0006104420302792087,7.8,HIGH
CVE-2021-30851,0.2657874714684251,0.005829905849010517,0.4811470408785845,0.0006104420302792087,8.8,HIGH
CVE-2021-3752,0.2688308394623383,0.0033076403866836657,0.4823831661365305,0.0006070908832659841,7.1,HIGH
CVE-2021-22945,0.25031701749936597,0.005826117697779721,0.46273911512733246,0.0006006286645899164,9.1,CRITICAL
CVE-2021-21196,0.28911995942176005,0.024715718897448124,0.49404836486655807,0.0005964646955189006,8.8,HIGH
CVE-2021-39275,0.22850621354298756,0.002945976979761263,0.4755185721177038,0.0005954232962510086,9.8,CRITICAL
CVE-2021-40490,0.262490489475019,0.0038441359330357904,0.4817937438905181,0.0005919084496501471,7.0,HIGH
CVE-2021-4192,0.25843266548313465,0.00446435881101863,0.4793920972644377,0.0005909619389278645,7.8,HIGH
CVE-2021-41073,0.26198326147603346,0.004086105485765607,0.4815583781143136,0.0005896402746734144,7.8,HIGH
CVE-2021-34424,0.18818158762363682,0.007216464677244714,0.39152020653361136,0.0005885665908474106,7.5,HIGH
CVE-2021-34423,0.18818158762363682,0.007216464677244714,0.39152020653361136,0.0005885665908474106,9.8,CRITICAL
CVE-2021-45046,0.2082170935835658,0.024009162264092807,0.4727817745803357,0.0005884948702151061,9.0,CRITICAL
CVE-2021-33909,0.2637585594724829,0.0030655422941646636,0.48073640575469395,0.0005872036508550913,7.8,HIGH
CVE-2021-30936,0.25361399949277197,0.0046964059335047464,0.47707199032062914,0.0005868320084172478,8.8,HIGH
CVE-2021-44733,0.25361399949277197,0.002688704876927147,0.4501655440118735,0.0005800506456008162,7.0,HIGH
CVE-2021-41991,0.22875982754248034,0.003937730292109679,0.47523201157044714,0.0005757128839805663,7.5,HIGH
CVE-2021-3347,0.25843266548313465,0.0035884981526533677,0.4783452626470945,0.0005746892548984962,7.8,HIGH
CVE-2021-34551,0.2772001014455998,0.024088495497963727,0.49115595416043845,0.0005723313379142041,8.1,HIGH
CVE-2021-21300,0.25133147349733703,0.004467822004774686,0.4774763865342698,0.0005711658815137651,8.0,HIGH
CVE-2021-35197,0.23078873953842252,0.002536671916198,0.4754039064383892,0.0005695213970975081,7.5,HIGH
CVE-2021-45078,0.22394116155211766,0.0020337698676171252,0.47317892715708626,0.0005663912478350799,7.8,HIGH
CVE-2021-34714,0.007101191985797616,0.010131859091261733,0.33004101448062273,0.0005627544842852074,7.4,HIGH
CVE-2021-37712,0.26122241947755515,0.019411299913757247,0.4601470416618042,0.0005622365925062054,8.2,HIGH
CVE-2021-1871,0.24017245751965507,0.005491210847131345,0.47255512943432404,0.0005595204426784537,9.8,CRITICAL
CVE-2021-1788,0.24017245751965507,0.005491210847131345,0.47255512943432404,0.0005595204426784537,8.8,HIGH
CVE-2021-1844,0.23966522952066954,0.005335749652789351,0.4724418883297388,0.0005579240485230571,8.8,HIGH
CVE-2021-23134,0.2427085975145828,0.0037367260254808697,0.47603525292768323,0.0005563375682167383,7.8,HIGH
CVE-2021-3612,0.23154958153690083,0.002937111804414354,0.47289517869992803,0.0005449671802363476,7.8,HIGH
CVE-2021-3640,0.2272381435455237,0.0028781068002621127,0.4700762994754411,0.000538621751335644,7.0,HIGH
CVE-2021-38166,0.24118691351762617,0.003362759203936793,0.475117484034221,0.0005373282610801354,7.8,HIGH
CVE-2021-30547,0.22444838955110322,0.005705894334196606,0.4726684248381683,0.0005350558653227346,8.8,HIGH
CVE-2021-21341,0.23535379152929242,0.001055623929865851,0.47666827852998067,0.0005343429285546076,7.5,HIGH
CVE-2021-21703,0.22926705554146587,0.0011909254589849265,0.4750602409638554,0.0005314735123704159,7.8,HIGH
CVE-2021-36160,0.22901344154197312,0.0013002027383909357,0.4757480694980695,0.0005297403434751553,7.5,HIGH
CVE-2021-3156,0.20618818158762364,0.00386956255600529,0.4697402906838218,0.0005293219915878079,7.8,HIGH
CVE-2021-21150,0.25412122749175753,0.016279684621756028,0.4697962587870845,0.0005275755868498774,9.6,CRITICAL
CVE-2021-21155,0.25412122749175753,0.016279684621756028,0.4697962587870845,0.0005275755868498774,9.6,CRITICAL
CVE-2021-20270,0.20213035759573927,0.0025180163077299657,0.4666824476269381,0.0005233745667644564,7.5,HIGH
CVE-2021-3115,0.23865077352269845,0.014520802350660805,0.4528020211299954,0.0005206215782721551,7.5,HIGH
CVE-2021-3656,0.2127821455744357,0.004073173994254657,0.4647024160282852,0.0005196382631956637,8.8,HIGH
CVE-2021-39149,0.23205680953588637,0.0010631362574516578,0.47707199032062914,0.0005185099379313273,8.5,HIGH
CVE-2021-39153,0.23205680953588637,0.0010631362574516578,0.47707199032062914,0.0005185099379313273,8.5,HIGH
CVE-2021-39139,0.23205680953588637,0.0010631362574516578,0.47707199032062914,0.0005185099379313273,8.5,HIGH
CVE-2021-39145,0.23205680953588637,0.0010631362574516578,0.47707199032062914,0.0005185099379313273,8.5,HIGH
CVE-2021-39152,0.23205680953588637,0.0010631362574516578,0.47707199032062914,0.0005185099379313273,8.5,HIGH
CVE-2021-39141,0.23205680953588637,0.0010631362574516578,0.47707199032062914,0.0005185099379313273,8.5,HIGH
CVE-2021-39150,0.23205680953588637,0.0010631362574516578,0.47707199032062914,0.0005185099379313273,8.5,HIGH
CVE-2021-39146,0.23205680953588637,0.0010631362574516578,0.47707199032062914,0.0005185099379313273,8.5,HIGH
CVE-2021-39154,0.23205680953588637,0.0010631362574516578,0.47707199032062914,0.0005185099379313273,8.5,HIGH
CVE-2021-39148,0.23205680953588637,0.0010631362574516578,0.47707199032062914,0.0005185099379313273,8.5,HIGH
CVE-2021-39151,0.23205680953588637,0.0010631362574516578,0.47707199032062914,0.0005185099379313273,8.5,HIGH
CVE-2021-39144,0.23205680953588637,0.0010631362574516578,0.47707199032062914,0.0005185099379313273,8.5,HIGH
CVE-2021-39147,0.23205680953588637,0.0010631362574516578,0.47707199032062914,0.0005185099379313273,8.5,HIGH
CVE-2021-1257,0.16003043367993913,0.0027881450595355637,0.3872139840911323,0.0005145490410560481,8.8,HIGH
CVE-2021-44142,0.21126046157747908,0.0015781146317910325,0.46918134221799146,0.0005138981666925845,8.8,HIGH
CVE-2021-3760,0.2236875475526249,0.002274828609802331,0.46884661117717,0.0005094950074838704,7.8,HIGH
CVE-2021-30507,0.1810803956378392,0.008581063179208105,0.45784951230840687,0.0005094288133808684,8.8,HIGH
CVE-2021-30521,0.1810803956378392,0.008581063179208105,0.45784951230840687,0.0005094288133808684,8.8,HIGH
CVE-2021-30506,0.1810803956378392,0.008581063179208105,0.45784951230840687,0.0005094288133808684,8.8,HIGH
CVE-2021-30528,0.1810803956378392,0.008581063179208105,0.45784951230840687,0.0005094288133808684,8.8,HIGH
CVE-2021-25215,0.2226730915546538,0.0015224926240409817,0.47431733429568146,0.0005089426559645984,7.5,HIGH
CVE-2021-21179,0.22850621354298756,0.008787179272616812,0.4781712345379578,0.0005083106629045484,8.8,HIGH
CVE-2021-29505,0.23104235353791527,0.0005982504431316524,0.4756906743877428,0.0005077695533064412,7.5,HIGH
CVE-2021-29154,0.21709358356581282,0.00339629784671816,0.4680674264007597,0.0005072380431221382,7.8,HIGH
CVE-2021-44014,0.02155718995688562,0.004793394615666758,0.2510026099688077,0.0005062041143153671,7.8,HIGH
CVE-2021-44002,0.02155718995688562,0.004793394615666758,0.2510026099688077,0.0005062041143153671,7.8,HIGH
CVE-2021-28660,0.2165863555668273,0.0033904154517211335,0.4679563256586755,0.0005061153177637473,8.8,HIGH
CVE-2021-33034,0.22216586355566825,0.002241635280157914,0.4685123574144487,0.0005043730733311263,7.8,HIGH
CVE-2021-38160,0.21607912756784173,0.0020738537402841895,0.44124888093106535,0.0005032066319067203,7.8,HIGH
CVE-2021-38300,0.21227491757545017,0.002262902599505907,0.4413476606223416,0.0005004894804939524,7.8,HIGH
CVE-2021-45079,0.22318031955363934,0.0010090335069207728,0.4728384698405085,0.000500118241623983,9.1,CRITICAL
CVE-2021-33285,0.2300278975399442,0.0005855074520612449,0.4755185721177038,0.0004978396028922666,7.8,HIGH
CVE-2021-21996,0.22875982754248034,0.0005294908453242122,0.47494579619368826,0.0004963431528907321,7.5,HIGH
CVE-2021-28455,0.11108293177783413,0.027966959355302468,0.27051317233809,0.0004952086086120913,8.8,HIGH
CVE-2021-3517,0.19680446360639106,0.0020856709830667083,0.4667376893939394,0.000494847945210597,8.6,HIGH
CVE-2021-41817,0.22394116155211766,0.0006237238775576035,0.47312215022798176,0.0004938203474182702,7.5,HIGH
CVE-2021-37136,0.13542987572914025,0.003599715342643476,0.42049696064839504,0.000492110810996557,7.5,HIGH
CVE-2021-41819,0.2229267055541466,0.0006202440650767591,0.47289517869992803,0.0004918543750904094,7.5,HIGH
CVE-2021-4083,0.21075323357849352,0.001963333262774483,0.43967439785905443,0.0004893803083987773,7.0,HIGH
CVE-2021-33200,0.21075323357849352,0.0032917323323591865,0.4649764150943396,0.000489093745860514,7.8,HIGH
CVE-2021-26691,0.21988333756023332,0.0008784868665907072,0.4734630163304515,0.0004890781274968756,9.8,CRITICAL
CVE-2021-26930,0.21303575957392848,0.002881114868429101,0.4656353330184223,0.0004862871474740028,7.8,HIGH
CVE-2021-28375,0.2099923915800152,0.0032573409956638535,0.4648119768949664,0.00048543101138615865,7.8,HIGH
CVE-2021-28952,0.2099923915800152,0.0032573409956638535,0.4648119768949664,0.00048543101138615865,7.8,HIGH
CVE-2021-39251,0.22394116155211766,0.0005642193738406054,0.4726684248381683,0.00048542139650896573,7.8,HIGH
CVE-2021-43818,0.22241947755516103,0.0004731596120006281,0.4724985020970641,0.00048459672490759056,8.2,HIGH
CVE-2021-25217,0.18158762363682474,0.0019699828910714878,0.4612235349163645,0.000481526146845448,7.4,HIGH
CVE-2021-20277,0.21227491757545017,0.0008308608963433063,0.47024448419797255,0.0004814757501160596,7.5,HIGH
CVE-2021-3927,0.22343393355313212,0.000360826314824462,0.47363363363363364,0.0004769015768427203,7.8,HIGH
CVE-2021-3928,0.22343393355313212,0.000360826314824462,0.47363363363363364,0.0004769015768427202,7.8,HIGH
CVE-2021-35063,0.21481105757037788,0.0006000169604967111,0.47063738362377655,0.00047593287499554573,7.5,HIGH
CVE-2021-43267,0.20770986558458027,0.0023613351814018918,0.46257625527921165,0.00047540339385707207,9.8,CRITICAL
CVE-2021-33287,0.22140502155718994,0.00037357555261240344,0.4715943069010884,0.00047358896633694004,7.8,HIGH
CVE-2021-39254,0.22140502155718994,0.00037357555261240344,0.4715943069010884,0.00047358896633694004,7.8,HIGH
CVE-2021-35269,0.22140502155718994,0.00037357555261240344,0.4715943069010884,0.00047358896633694004,7.8,HIGH
CVE-2021-39253,0.22140502155718994,0.00037357555261240344,0.4715943069010884,0.00047358896633694004,7.8,HIGH
CVE-2021-33289,0.22140502155718994,0.00037357555261240344,0.4715943069010884,0.00047358896633693993,7.8,HIGH
CVE-2021-39252,0.22140502155718994,0.00037357555261240344,0.4715943069010884,0.00047358896633693993,7.8,HIGH
CVE-2021-35266,0.22140502155718994,0.00037357555261240344,0.4715943069010884,0.00047358896633693993,7.8,HIGH
CVE-2021-35268,0.22140502155718994,0.00037357555261240344,0.4715943069010884,0.00047358896633693993,7.8,HIGH
CVE-2021-35267,0.22140502155718994,0.00037357555261240344,0.4715943069010884,0.00047358896633693993,7.8,HIGH
CVE-2021-31914,0.14177022571645956,0.006570557420935956,0.37779055284085467,0.0004734088539832383,9.8,CRITICAL
CVE-2021-4136,0.19832614760334769,0.003031335883887575,0.46057703539306155,0.00047098739112962323,7.8,HIGH
CVE-2021-3148,0.2173471975653056,0.00043963995625409655,0.47148152576826496,0.00047055805886502135,9.8,CRITICAL
CVE-2021-3144,0.2173471975653056,0.00043963995625409655,0.47148152576826496,0.00047055805886502135,9.1,CRITICAL
CVE-2021-25282,0.2173471975653056,0.00043963995625409655,0.47148152576826496,0.00047055805886502135,9.1,CRITICAL
CVE-2021-25283,0.2173471975653056,0.00043963995625409655,0.47148152576826496,0.00047055805886502135,9.8,CRITICAL
CVE-2021-3197,0.2173471975653056,0.00043963995625409655,0.47148152576826496,0.00047055805886502135,9.8,CRITICAL
CVE-2021-25281,0.2173471975653056,0.00043963995625409655,0.47148152576826496,0.00047055805886502135,9.8,CRITICAL
CVE-2021-21900,0.21937610956124778,0.00029996821154987144,0.4717635798037808,0.0004701172051109719,8.8,HIGH
CVE-2021-4009,0.21937610956124778,0.00029996821154987144,0.4717635798037808,0.0004701172051109719,7.8,HIGH
CVE-2021-4019,0.21937610956124778,0.00029996821154987144,0.4717635798037808,0.0004701172051109719,7.8,HIGH
CVE-2021-21898,0.21937610956124778,0.00029996821154987144,0.4717635798037808,0.0004701172051109719,8.8,HIGH
CVE-2021-4008,0.21937610956124778,0.00029996821154987144,0.4717635798037808,0.0004701172051109719,7.8,HIGH
CVE-2021-44143,0.21937610956124778,0.00029996821154987144,0.4717635798037808,0.0004701172051109719,9.8,CRITICAL
CVE-2021-21899,0.21937610956124778,0.00029996821154987144,0.4717635798037808,0.0004701172051109719,8.8,HIGH
CVE-2021-4011,0.21937610956124778,0.00029996821154987144,0.4717635798037808,0.0004701172051109719,7.8,HIGH
CVE-2021-39922,0.21937610956124778,0.00029996821154987144,0.4717635798037808,0.0004701172051109719,7.5,HIGH
CVE-2021-39929,0.21937610956124778,0.00029996821154987144,0.4717635798037808,0.0004701172051109719,7.5,HIGH
CVE-2021-1726,0.10753233578493533,0.017209592933286354,0.2701795258325339,0.0004699572481062434,8.0,HIGH
CVE-2021-26690,0.21607912756784173,0.00037260872377808333,0.47103094015051966,0.00046957461674832483,7.5,HIGH
CVE-2021-4187,0.19756530560486937,0.002889988210163925,0.46041569360112095,0.0004686664451089336,7.8,HIGH
CVE-2021-4173,0.19756530560486937,0.002889988210163925,0.46041569360112095,0.0004686664451089336,7.8,HIGH
CVE-2021-32606,0.2072026375855947,0.0027826593487192777,0.4626848157709458,0.0004682160064174893,7.8,HIGH
CVE-2021-37975,0.2201369515597261,0.00031867945097506663,0.4717071420026319,0.00046747448748923534,8.8,HIGH
CVE-2021-37972,0.2201369515597261,0.00031867945097506663,0.4717071420026319,0.00046747448748923534,8.8,HIGH
CVE-2021-37974,0.2201369515597261,0.00031867945097506663,0.4717071420026319,0.00046747448748923534,8.8,HIGH
CVE-2021-37576,0.2064417955871164,0.002776941459223982,0.46252199413489736,0.0004668195257686468,7.8,HIGH
CVE-2021-21107,0.20694902358610195,0.007414572683055451,0.47091842828138064,0.00046609657109053184,9.6,CRITICAL
CVE-2021-40989,0.14430636571138727,0.0057961473306997885,0.37815287235062817,0.0004650886347694192,7.8,HIGH
CVE-2021-26677,0.14430636571138727,0.0057961473306997885,0.37815287235062817,0.0004650886347694192,7.8,HIGH
CVE-2021-37695,0.19680446360639106,0.0012455265265982514,0.46640643482375205,0.00046496746996082676,7.3,HIGH
CVE-2021-3472,0.21531828556936342,0.0004414418751359645,0.47148152576826496,0.0004647735057600097,7.8,HIGH
CVE-2021-40153,0.21531828556936342,0.0004414418751359645,0.47148152576826496,0.0004647735057600097,8.1,HIGH
CVE-2021-3748,0.20593456758813086,0.0009505691464664777,0.4678452776459421,0.0004647006483090659,7.5,HIGH
CVE-2021-42083,0.155718995688562,0.0022145935265541097,0.38562347188264057,0.00046395246579708537,8.7,HIGH
CVE-2021-32761,0.21683996956632007,0.00031229245867538244,0.4713687985654513,0.00046186091855686704,7.5,HIGH
CVE-2021-44026,0.21683996956632007,0.00031229245867538244,0.4713687985654513,0.00046186091855686704,9.8,CRITICAL
CVE-2021-44730,0.20618818158762364,0.0008621891615668955,0.46778977340135247,0.00046146224342183856,7.8,HIGH
CVE-2021-44731,0.20618818158762364,0.0008621891615668955,0.46778977340135247,0.00046146224342183856,7.8,HIGH
CVE-2021-31618,0.21328937357342126,0.00039353020076198257,0.47063738362377655,0.00046082674287356844,7.5,HIGH
CVE-2021-3974,0.2145574435708851,0.00027345220148843784,0.4705812149421172,0.0004593731350226621,7.8,HIGH
CVE-2021-4069,0.2145574435708851,0.00027345220148843784,0.4705812149421172,0.0004593731350226621,7.8,HIGH
CVE-2021-20305,0.20517372558965255,0.0006265403420175462,0.4687351402757965,0.00045911763679052855,8.1,HIGH
CVE-2021-3842,0.1838701496322597,0.001137030401000241,0.4360278668583435,0.000458431121220289,7.5,HIGH
CVE-2021-33574,0.20390565559218868,0.0014296797290776315,0.46957246635703226,0.0004584288917323887,9.8,CRITICAL
CVE-2021-29472,0.2120213035759574,0.0003582550939301851,0.4701884092535178,0.00045509211292717893,8.8,HIGH
CVE-2021-41099,0.21303575957392848,0.00027288551533997534,0.47024448419797255,0.00045378268569315044,7.5,HIGH
CVE-2021-32627,0.2127821455744357,0.0002744675462693505,0.47013234768093476,0.00045301213012523614,7.5,HIGH
CVE-2021-32628,0.2127821455744357,0.0002744675462693505,0.47013234768093476,0.00045301213012523614,7.5,HIGH
CVE-2021-32762,0.2127821455744357,0.0002744675462693505,0.47013234768093476,0.00045301213012523614,7.5,HIGH
CVE-2021-32626,0.2127821455744357,0.0002744675462693505,0.47013234768093476,0.00045301213012523614,7.5,HIGH
CVE-2021-32675,0.2127821455744357,0.0002744675462693505,0.47013234768093476,0.00045301213012523614,7.5,HIGH
CVE-2021-32687,0.2127821455744357,0.0002744675462693505,0.47013234768093476,0.00045301213012523614,7.5,HIGH
CVE-2021-28651,0.21227491757545017,0.0002972111142836223,0.470356674221639,0.0004527524180515515,7.5,HIGH
CVE-2021-45417,0.19502916560994166,0.0007260428227361335,0.43894022041634195,0.00045262082208848814,7.8,HIGH
CVE-2021-37970,0.21227491757545017,0.0002997296805485549,0.46817857990976014,0.00045142248501784434,8.8,HIGH
CVE-2021-37956,0.21227491757545017,0.0002997296805485549,0.46817857990976014,0.00045142248501784434,8.8,HIGH
CVE-2021-37962,0.21227491757545017,0.0002997296805485549,0.46817857990976014,0.00045142248501784434,8.8,HIGH
CVE-2021-37961,0.21227491757545017,0.0002997296805485549,0.46817857990976014,0.00045142248501784434,8.8,HIGH
CVE-2021-37957,0.21227491757545017,0.0002997296805485549,0.46817857990976014,0.00045142248501784434,8.8,HIGH
CVE-2021-37959,0.21227491757545017,0.0002997296805485549,0.46817857990976014,0.0004514224850178443,8.8,HIGH
CVE-2021-37973,0.21227491757545017,0.0002997296805485549,0.46817857990976014,0.0004514224850178443,9.6,CRITICAL
CVE-2021-3518,0.1912249556175501,0.0008743449875179476,0.46442873969375736,0.000451341335055709,8.8,HIGH
CVE-2021-41990,0.21252853157494292,0.00025401846298044365,0.47002026463225655,0.00045127579650720357,7.5,HIGH
CVE-2021-31292,0.2117676895764646,0.0002812593904816421,0.47013234768093476,0.0004506253730913977,7.5,HIGH
CVE-2021-28091,0.2117676895764646,0.0002812593904816421,0.47013234768093476,0.0004506253730913977,7.5,HIGH
CVE-2021-29457,0.2117676895764646,0.0002812593904816421,0.47013234768093476,0.00045062537309139764,7.8,HIGH
CVE-2021-3246,0.2117676895764646,0.0002812593904816421,0.47013234768093476,0.00045062537309139764,8.8,HIGH
CVE-2021-27803,0.2117676895764646,0.0002812593904816421,0.47013234768093476,0.00045062537309139764,7.5,HIGH
CVE-2021-3773,0.19223941161552116,0.0020817626772134654,0.45854169089429003,0.0004499402110874317,9.8,CRITICAL
CVE-2021-30565,0.19502916560994166,0.008274458468534132,0.46751244960872657,0.00044447896595403133,8.8,HIGH
CVE-2021-3712,0.16637078366725844,0.0013158932982075386,0.433868838028169,0.00044438979359619104,7.4,HIGH
CVE-2021-1513,0.007101191985797616,0.007935298950789402,0.2482684800402972,0.0004427465207098144,7.5,HIGH
CVE-2021-3600,0.1894496576211007,0.0020033692077537943,0.45795586527293847,0.0004419755390084718,7.8,HIGH
CVE-2021-33055,0.1402485417195029,0.003543393972629233,0.3775734942066456,0.0004406194066534888,9.8,CRITICAL
CVE-2021-4037,0.18995688562008622,0.0017869271691362428,0.42877337973031754,0.0004406058521960398,7.8,HIGH
CVE-2021-3618,0.2074562515850875,0.00022259374144356316,0.4685680332739156,0.00043993279626775386,7.4,HIGH
CVE-2021-3501,0.18133400963733198,0.0027313305564216463,0.43022367703218767,0.0004385481315047576,7.1,HIGH
CVE-2021-44420,0.16586355566827288,0.002530289766375372,0.42640856493998053,0.0004372769632783962,7.3,HIGH
CVE-2021-27219,0.18640628962718742,0.0010680610210786288,0.46371868752205103,0.00043651112187097603,7.5,HIGH
CVE-2021-27218,0.18640628962718742,0.0010680610210786288,0.46371868752205103,0.00043651112187097603,7.5,HIGH
CVE-2021-21204,0.20263758559472483,0.011818779090647952,0.46817857990976014,0.0004360779922147329,8.8,HIGH
CVE-2021-0066,0.1402485417195029,0.004618558574866256,0.3778991757715162,0.0004354405075532748,8.4,HIGH
CVE-2021-4197,0.18513821962972354,0.0017414712177999492,0.4276108881900011,0.0004349320593121838,7.8,HIGH
CVE-2021-3743,0.1866599036266802,0.0019204981218125985,0.45636574074074077,0.00043424092099421727,7.1,HIGH
CVE-2021-33193,0.19857976160284047,0.0003287640082531469,0.4656353330184223,0.00043354663372600335,7.5,HIGH
CVE-2021-23217,0.15647983768704032,0.0032567957190134836,0.3860765690786253,0.00043195803539610117,7.5,HIGH
CVE-2021-23201,0.15647983768704032,0.0032567957190134836,0.3860765690786253,0.0004319580353961011,7.5,HIGH
CVE-2021-35245,0.13999492772001015,0.003037966478711082,0.3775373420145538,0.0004311091029149167,8.4,HIGH
CVE-2021-3739,0.18615267562769464,0.0018844050993282577,0.4562601249710715,0.00043077350819183824,7.1,HIGH
CVE-2021-45341,0.2018767435962465,0.00019122624991674348,0.46662721893491127,0.00043031409153056687,8.8,HIGH
CVE-2021-45342,0.2018767435962465,0.00019122624991674348,0.46662721893491127,0.00043031409153056687,7.8,HIGH
CVE-2021-4010,0.2018767435962465,0.00019122624991674348,0.46662721893491127,0.00043031409153056687,7.8,HIGH
CVE-2021-39926,0.2018767435962465,0.00019122624991674348,0.46662721893491127,0.00043031409153056687,7.5,HIGH
CVE-2021-1716,0.02155718995688562,0.00023741071886268503,0.2143750339803186,0.00042959997445956747,7.8,HIGH
CVE-2021-1715,0.02155718995688562,0.00023741071886268503,0.2143750339803186,0.00042959997445956747,7.8,HIGH
CVE-2021-3984,0.20086228759827543,0.0002022155933696606,0.46651680075721724,0.0004293320008743042,7.8,HIGH
CVE-2021-3570,0.19934060360131878,0.00031203666723493247,0.46646161126227376,0.0004280705034880704,8.8,HIGH
CVE-2021-21224,0.20213035759573927,0.000205656877670808,0.46651680075721724,0.00042732270496127897,8.8,HIGH
CVE-2021-21232,0.20213035759573927,0.000205656877670808,0.46651680075721724,0.00042732270496127897,8.8,HIGH
CVE-2021-21230,0.20213035759573927,0.000205656877670808,0.46651680075721724,0.00042732270496127897,8.8,HIGH
CVE-2021-21223,0.20213035759573927,0.000205656877670808,0.46651680075721724,0.00042732270496127897,9.6,CRITICAL
CVE-2021-21180,0.20213035759573927,0.000205656877670808,0.46651680075721724,0.00042732270496127897,8.8,HIGH
CVE-2021-21227,0.20213035759573927,0.000205656877670808,0.46651680075721724,0.00042732270496127897,8.8,HIGH
CVE-2021-21174,0.20213035759573927,0.000205656877670808,0.46651680075721724,0.00042732270496127897,8.8,HIGH
CVE-2021-21231,0.20213035759573927,0.000205656877670808,0.46651680075721724,0.00042732270496127897,8.8,HIGH
CVE-2021-21162,0.20213035759573927,0.000205656877670808,0.46651680075721724,0.00042732270496127897,8.8,HIGH
CVE-2021-21226,0.20213035759573927,0.000205656877670808,0.46651680075721724,0.00042732270496127897,9.6,CRITICAL
CVE-2021-21190,0.20213035759573927,0.000205656877670808,0.46651680075721724,0.00042732270496127897,8.8,HIGH
CVE-2021-21160,0.20213035759573927,0.000205656877670808,0.46651680075721724,0.00042732270496127897,8.8,HIGH
CVE-2021-21165,0.20213035759573927,0.000205656877670808,0.46651680075721724,0.00042732270496127897,8.8,HIGH
CVE-2021-21169,0.20213035759573927,0.000205656877670808,0.46651680075721724,0.00042732270496127897,8.8,HIGH
CVE-2021-21167,0.20213035759573927,0.000205656877670808,0.46651680075721724,0.00042732270496127897,8.8,HIGH
CVE-2021-21225,0.20213035759573927,0.000205656877670808,0.46651680075721724,0.00042732270496127897,8.8,HIGH
CVE-2021-21202,0.20213035759573927,0.000205656877670808,0.46651680075721724,0.00042732270496127897,8.6,HIGH
CVE-2021-21213,0.20213035759573927,0.000205656877670808,0.46651680075721724,0.00042732270496127897,8.8,HIGH
CVE-2021-21159,0.20213035759573927,0.000205656877670808,0.46651680075721724,0.00042732270496127897,8.8,HIGH
CVE-2021-21203,0.20213035759573927,0.000205656877670808,0.46651680075721724,0.00042732270496127897,8.8,HIGH
CVE-2021-21188,0.20213035759573927,0.000205656877670808,0.46651680075721724,0.00042732270496127897,8.8,HIGH
CVE-2021-21166,0.20213035759573927,0.000205656877670808,0.46651680075721724,0.00042732270496127897,8.8,HIGH
CVE-2021-21201,0.20213035759573927,0.000205656877670808,0.46651680075721724,0.00042732270496127897,9.6,CRITICAL
CVE-2021-21207,0.20213035759573927,0.000205656877670808,0.46651680075721724,0.00042732270496127897,8.6,HIGH
CVE-2021-21214,0.20213035759573927,0.000205656877670808,0.46651680075721724,0.00042732270496127897,8.8,HIGH
CVE-2021-38504,0.16307380167385238,0.0012841034388936497,0.43135324362761185,0.0004264349940008849,8.8,HIGH
CVE-2021-43535,0.16307380167385238,0.0012841034388936497,0.43135324362761185,0.0004264349940008849,8.8,HIGH
CVE-2021-43537,0.16307380167385238,0.0012841034388936497,0.43135324362761185,0.0004264349940008849,8.8,HIGH
CVE-2021-43539,0.16307380167385238,0.0012841034388936497,0.43135324362761185,0.0004264349940008849,8.8,HIGH
CVE-2021-43534,0.16307380167385238,0.0012841034388936497,0.43135324362761185,0.0004264349940008849,8.8,HIGH
CVE-2021-38496,0.16307380167385238,0.0012841034388936497,0.43135324362761185,0.0004264349940008849,8.8,HIGH
CVE-2021-38500,0.16307380167385238,0.0012841034388936497,0.43135324362761185,0.0004264349940008849,8.8,HIGH
CVE-2021-38503,0.16307380167385238,0.0012841034388936497,0.43135324362761185,0.0004264349940008849,10.0,CRITICAL
CVE-2021-4053,0.2001014455997971,0.00018644155529748144,0.4661307483154037,0.0004244330770113156,8.8,HIGH
CVE-2021-38003,0.2001014455997971,0.00018644155529748144,0.4661307483154037,0.0004244330770113156,8.8,HIGH
CVE-2021-38005,0.2001014455997971,0.00018644155529748144,0.4661307483154037,0.0004244330770113156,8.8,HIGH
CVE-2021-37997,0.2001014455997971,0.00018644155529748144,0.4661307483154037,0.0004244330770113156,8.8,HIGH
CVE-2021-38017,0.2001014455997971,0.00018644155529748144,0.4661307483154037,0.0004244330770113156,8.8,HIGH
CVE-2021-38001,0.2001014455997971,0.00018644155529748144,0.4661307483154037,0.0004244330770113156,8.8,HIGH
CVE-2021-4064,0.2001014455997971,0.00018644155529748144,0.4661307483154037,0.0004244330770113156,8.8,HIGH
CVE-2021-4061,0.2001014455997971,0.00018644155529748144,0.4661307483154037,0.0004244330770113156,8.8,HIGH
CVE-2021-4063,0.2001014455997971,0.00018644155529748144,0.4661307483154037,0.0004244330770113156,8.8,HIGH
CVE-2021-4052,0.2001014455997971,0.00018644155529748144,0.4661307483154037,0.0004244330770113156,8.8,HIGH
CVE-2021-4067,0.2001014455997971,0.00018644155529748144,0.4661307483154037,0.0004244330770113156,8.8,HIGH
CVE-2021-4055,0.2001014455997971,0.00018644155529748144,0.4661307483154037,0.0004244330770113156,8.8,HIGH
CVE-2021-4066,0.2001014455997971,0.00018644155529748144,0.4661307483154037,0.0004244330770113156,8.8,HIGH
CVE-2021-38006,0.2001014455997971,0.00018644155529748144,0.4661307483154037,0.0004244330770113156,8.8,HIGH
CVE-2021-38008,0.2001014455997971,0.00018644155529748144,0.4661307483154037,0.0004244330770113156,8.8,HIGH
CVE-2021-38013,0.2001014455997971,0.00018644155529748144,0.4661307483154037,0.0004244330770113156,9.6,CRITICAL
CVE-2021-4062,0.2001014455997971,0.00018644155529748144,0.4661307483154037,0.0004244330770113156,8.8,HIGH
CVE-2021-4056,0.2001014455997971,0.00018644155529748144,0.4661307483154037,0.00042443307701131556,8.8,HIGH
CVE-2021-37998,0.2001014455997971,0.00018644155529748144,0.4661307483154037,0.00042443307701131556,8.8,HIGH
CVE-2021-4058,0.2001014455997971,0.00018644155529748144,0.4661307483154037,0.00042443307701131556,8.8,HIGH
CVE-2021-4057,0.2001014455997971,0.00018644155529748144,0.4661307483154037,0.00042443307701131556,8.8,HIGH
CVE-2021-38007,0.2001014455997971,0.00018644155529748144,0.4661307483154037,0.00042443307701131556,8.8,HIGH
CVE-2021-38002,0.2001014455997971,0.00018644155529748144,0.4661307483154037,0.00042443307701131556,9.6,CRITICAL
CVE-2021-38016,0.2001014455997971,0.00018644155529748144,0.4661307483154037,0.00042443307701131556,8.8,HIGH
CVE-2021-38014,0.2001014455997971,0.00018644155529748144,0.4661307483154037,0.00042443307701131556,8.8,HIGH
CVE-2021-38012,0.2001014455997971,0.00018644155529748144,0.4661307483154037,0.00042443307701131556,8.8,HIGH
CVE-2021-38011,0.2001014455997971,0.00018644155529748144,0.4661307483154037,0.00042443307701131556,8.8,HIGH
CVE-2021-4065,0.2001014455997971,0.00018644155529748144,0.4661307483154037,0.00042443307701131556,8.8,HIGH
CVE-2021-38015,0.2001014455997971,0.00018644155529748144,0.4661307483154037,0.00042443307701131556,8.8,HIGH
CVE-2021-1060,0.15724067968551864,0.00119885145353489,0.38584988746452686,0.0004242486813010982,7.1,HIGH
CVE-2021-1083,0.15724067968551864,0.00119885145353489,0.38584988746452686,0.0004242486813010982,7.8,HIGH
CVE-2021-1058,0.15724067968551864,0.00119885145353489,0.38584988746452686,0.0004242486813010982,7.1,HIGH
CVE-2021-1081,0.15724067968551864,0.00119885145353489,0.38584988746452686,0.0004242486813010982,7.8,HIGH
CVE-2021-1084,0.15724067968551864,0.00119885145353489,0.38584988746452686,0.0004242486813010982,7.8,HIGH
CVE-2021-3847,0.1838701496322597,0.0018425812270850043,0.4557854583285169,0.0004240214284661618,7.8,HIGH
CVE-2021-4104,0.0933299518133401,0.0033469180512709553,0.3972395728390087,0.0004232149006602493,7.5,HIGH
CVE-2021-32919,0.1947755516104489,0.00031754186254053006,0.4649215894352081,0.00042228068008012224,7.5,HIGH
CVE-2021-32920,0.1947755516104489,0.00031754186254053006,0.4649215894352081,0.0004222806800801222,7.5,HIGH
CVE-2021-32918,0.1947755516104489,0.00031754186254053006,0.4649215894352081,0.0004222806800801222,7.5,HIGH
CVE-2021-31439,0.12528531574942936,0.005581215534395466,0.4171162593885539,0.0004211795574501291,8.8,HIGH
CVE-2021-31556,0.15901597768196804,0.0015278003111851657,0.45410572382817,0.0004206842289183416,9.8,CRITICAL
CVE-2021-41799,0.15901597768196804,0.0015278003111851657,0.45410572382817,0.0004206842289183416,7.5,HIGH
CVE-2021-28702,0.19097134161805732,0.00038460680993347495,0.4644834491695135,0.0004205892447561445,7.6,HIGH
CVE-2021-43860,0.18995688562008622,0.00022479106669846604,0.43762486126526084,0.00042058395623263185,8.2,HIGH
CVE-2021-1789,0.1691605376616789,0.0039554729945424924,0.4385008896797153,0.00041996708158867574,8.8,HIGH
CVE-2021-1870,0.1691605376616789,0.0039554729945424924,0.4385008896797153,0.00041996708158867574,9.8,CRITICAL
CVE-2021-3796,0.19249302561501394,0.0003229429866711358,0.46486677670360765,0.0004196744234294895,7.3,HIGH
CVE-2021-3778,0.19249302561501394,0.0003229429866711358,0.46486677670360765,0.0004196744234294895,7.8,HIGH
CVE-2021-39807,0.07380167385239665,0.002317922975028357,0.3372968349016253,0.00041956858750005847,7.8,HIGH
CVE-2021-39738,0.07380167385239665,0.002317922975028357,0.3372968349016253,0.00041956858750005847,7.8,HIGH
CVE-2021-39809,0.07380167385239665,0.002317922975028357,0.3372968349016253,0.00041956858750005847,7.5,HIGH
CVE-2021-39796,0.07380167385239665,0.002317922975028357,0.3372968349016253,0.00041956858750005847,7.3,HIGH
CVE-2021-28453,0.021049961957900074,0.00023265589106153195,0.2143517260125034,0.00041950122688147625,7.8,HIGH
CVE-2021-28021,0.19680446360639106,0.00016609196016611734,0.4651958470976876,0.00041897107838858466,7.8,HIGH
CVE-2021-26937,0.19528277960943444,0.0002547790434066563,0.4643193593970796,0.00041797465097116667,9.8,CRITICAL
CVE-2021-27291,0.19528277960943444,0.0002547790434066563,0.4643193593970796,0.0004179746509711666,7.5,HIGH
CVE-2021-28697,0.19071772761856454,0.000328075934621924,0.46508610521349375,0.0004163637332633826,7.8,HIGH
CVE-2021-28701,0.19071772761856454,0.000328075934621924,0.46508610521349375,0.0004163637332633825,7.8,HIGH
CVE-2021-22884,0.15926959168146082,0.0014211642394087287,0.4551015697137581,0.00041522737909574866,7.5,HIGH
CVE-2021-29754,0.155718995688562,0.0010319189122865533,0.38566118935837246,0.0004146870440768086,8.8,HIGH
CVE-2021-20354,0.155718995688562,0.0010319189122865533,0.38566118935837246,0.0004146870440768086,7.5,HIGH
CVE-2021-29736,0.155718995688562,0.0010319189122865533,0.38566118935837246,0.0004146870440768086,8.8,HIGH
CVE-2021-3516,0.18539183362921632,0.0004405343478399156,0.46263052915640035,0.0004125644462872612,7.8,HIGH
CVE-2021-3903,0.19071772761856454,0.00024473624285134825,0.46442873969375736,0.0004121189637931953,7.8,HIGH
CVE-2021-20204,0.19071772761856454,0.00024473624285134825,0.46442873969375736,0.0004121189637931953,9.8,CRITICAL
CVE-2021-32610,0.19071772761856454,0.00024473624285134825,0.46442873969375736,0.0004121189637931953,7.1,HIGH
CVE-2021-39085,0.15546538168906923,0.0009481311229004215,0.38558576178368864,0.00041168599572503526,9.8,CRITICAL
CVE-2021-29798,0.15546538168906923,0.0009481311229004215,0.38558576178368864,0.0004116859957250352,9.8,CRITICAL
CVE-2021-43859,0.18057316763885367,0.0006324383955097522,0.46279342723004696,0.00041157633280088465,7.5,HIGH
CVE-2021-41771,0.17905148364189702,0.0006834974611837771,0.46079233376183243,0.00041151778417078985,7.5,HIGH
CVE-2021-21779,0.19452193761095612,0.0001486373395517673,0.46486677670360765,0.00041112409363857277,8.8,HIGH
CVE-2021-21772,0.19452193761095612,0.0001486373395517673,0.46486677670360765,0.00041112409363857277,8.1,HIGH
CVE-2021-21381,0.19452193761095612,0.0001486373395517673,0.46486677670360765,0.00041112409363857277,7.1,HIGH
CVE-2021-20288,0.19452193761095612,0.0001486373395517673,0.46486677670360765,0.00041112409363857277,7.2,HIGH
CVE-2021-21205,0.19452193761095612,0.0001486373395517673,0.46486677670360765,0.00041112409363857277,8.1,HIGH
CVE-2021-28834,0.19452193761095612,0.0001486373395517673,0.46486677670360765,0.00041112409363857277,9.8,CRITICAL
CVE-2021-21775,0.19452193761095612,0.0001486373395517673,0.46486677670360765,0.0004111240936385727,8.0,HIGH
CVE-2021-22543,0.18437737763124523,0.0007575931039810558,0.4631739692235405,0.00041092419286256854,7.8,HIGH
CVE-2021-29678,0.16256657367486685,0.0037214185975046163,0.4083894355256344,0.00040980009327645393,8.7,HIGH
CVE-2021-39002,0.16256657367486685,0.0037214185975046163,0.4083894355256344,0.00040980009327645393,7.5,HIGH
CVE-2021-23978,0.15419731169160536,0.0012144448990724635,0.4295674910120928,0.0004081472476096399,8.8,HIGH
CVE-2021-20081,0.13923408572153181,0.004048564251537756,0.3776096533231182,0.0004074010095097268,7.2,HIGH
CVE-2021-21161,0.1891960436216079,0.0003908681331066683,0.4626848157709458,0.00040652374907278703,8.8,HIGH
CVE-2021-29964,0.15267562769464874,0.0022944041801541645,0.3822588463402811,0.0004048615799350391,7.1,HIGH
CVE-2021-27364,0.1493786457012427,0.0012601264899178824,0.39695962951776903,0.0004021128522853097,7.1,HIGH
CVE-2021-42072,0.14050215571899569,0.0020738368007384984,0.4486289680282171,0.00040190637329044385,8.8,HIGH
CVE-2021-4093,0.1539436976921126,0.0012195573155475085,0.4043273174733388,0.00040092853965530525,8.8,HIGH
CVE-2021-31820,0.1549581536900837,0.0006952244646841191,0.3855103637074697,0.0004007626794685233,7.5,HIGH
CVE-2021-38714,0.17955871164088258,0.0005093142907444466,0.4609000584453536,0.0004002275082404138,8.8,HIGH
CVE-2021-37977,0.1876743596246513,0.00020980082926772434,0.4614934456928839,0.0004002250773403931,8.8,HIGH
CVE-2021-37979,0.1876743596246513,0.00020980082926772434,0.4614934456928839,0.0004002250773403931,8.8,HIGH
CVE-2021-37978,0.1876743596246513,0.00020980082926772434,0.4614934456928839,0.0004002250773403931,8.8,HIGH
CVE-2021-44204,0.1402485417195029,0.0015188546318507276,0.3775734942066456,0.00039741166899706984,7.8,HIGH
CVE-2021-23961,0.15292924169414152,0.0010133499051633332,0.4293336236933798,0.0003971560820614426,7.4,HIGH
CVE-2021-39794,0.06847577986304844,0.0023000924285761647,0.33669199897532237,0.0003966767509892486,7.8,HIGH
CVE-2021-32808,0.16434187167131625,0.0009632081179877618,0.4575307495938733,0.0003959790324040708,7.6,HIGH
CVE-2021-35222,0.1402485417195029,0.0017712468600477682,0.3775734942066456,0.000394365754174834,8.0,HIGH
CVE-2021-35213,0.1402485417195029,0.0017712468600477682,0.3775734942066456,0.00039436575417483395,8.9,HIGH
CVE-2021-4181,0.17879786964240427,0.00024023898097956785,0.46079233376183243,0.0003942884893219304,7.5,HIGH
CVE-2021-4185,0.17879786964240427,0.00024023898097956785,0.46079233376183243,0.0003942884893219304,7.5,HIGH
CVE-2021-4184,0.17879786964240427,0.00024023898097956785,0.46079233376183243,0.0003942884893219304,7.5,HIGH
CVE-2021-29968,0.1514075576971849,0.001873551148481287,0.3820736434108527,0.00039387051309214125,8.1,HIGH
CVE-2021-38171,0.15166117169667764,0.0010698616624583517,0.4285869565217391,0.0003932574553517307,9.8,CRITICAL
CVE-2021-34552,0.17803702764392593,0.0004127903430495582,0.4603081951902872,0.0003930126540484575,9.8,CRITICAL
CVE-2021-26934,0.16814608166370784,0.002309637895690243,0.4379651227368655,0.00039254280646815697,7.8,HIGH
CVE-2021-33560,0.1785442556429115,0.0003194418911006963,0.46079233376183243,0.00039233525708639433,7.5,HIGH
CVE-2021-28704,0.1775297996449404,0.0002690838956237997,0.46046946163727664,0.0003920324575685478,8.8,HIGH
CVE-2021-1223,0.0063403499873192996,0.0006393795693896336,0.24971500949968334,0.0003894501520563489,7.5,HIGH
CVE-2021-3711,0.1420238397159523,0.0009288171845668315,0.4227058319039451,0.0003893311022639874,9.8,CRITICAL
CVE-2021-42392,0.1521683996956632,0.0009355214516119189,0.42868014785823005,0.0003889117522498395,9.8,CRITICAL
CVE-2021-3737,0.1567334516865331,0.0015441462848457977,0.45347901092581944,0.0003887832164144674,7.5,HIGH
CVE-2021-28165,0.015724067968551865,0.010109636899198854,0.34209613048759324,0.0003885704559793895,7.5,HIGH
CVE-2021-2018,0.14253106771493787,0.0024577173351249754,0.3805617218415211,0.00038811690313303145,8.3,HIGH
CVE-2021-43800,0.13923408572153181,0.001520140706898865,0.37742892696467883,0.0003876060077694683,7.5,HIGH
CVE-2021-42743,0.13923408572153181,0.001520140706898865,0.37742892696467883,0.0003876060077694682,8.8,HIGH
CVE-2021-26472,0.13923408572153181,0.001520140706898865,0.37742892696467883,0.00038760600776946804,10.0,CRITICAL
CVE-2021-44548,0.13923408572153181,0.001520140706898865,0.37742892696467883,0.0003876060077694677,9.8,CRITICAL
CVE-2021-39924,0.17727618564544761,0.00017282413341877426,0.46041569360112095,0.0003862467415207847,7.5,HIGH
CVE-2021-39925,0.17727618564544761,0.00017282413341877426,0.46041569360112095,0.0003862467415207847,7.5,HIGH
CVE-2021-39921,0.17727618564544761,0.00017282413341877426,0.46041569360112095,0.0003862467415207847,7.5,HIGH
CVE-2021-39928,0.17727618564544761,0.00017282413341877426,0.46041569360112095,0.0003862467415207847,7.5,HIGH
CVE-2021-33582,0.17702257164595486,0.00017231400998031051,0.4603619381202569,0.0003857553786896758,7.5,HIGH
CVE-2021-38173,0.17702257164595486,0.00017231400998031051,0.4603619381202569,0.0003857553786896758,9.8,CRITICAL
CVE-2021-3973,0.17702257164595486,0.00017231400998031051,0.4603619381202569,0.0003857553786896758,7.8,HIGH
CVE-2021-31542,0.17702257164595486,0.00017231400998031051,0.4603619381202569,0.0003857553786896758,7.5,HIGH
CVE-2021-3410,0.17702257164595486,0.00017231400998031051,0.4603619381202569,0.0003857553786896758,7.8,HIGH
CVE-2021-28706,0.1747400456505199,0.0002503070661927875,0.46041569360112095,0.00038539402486433775,8.6,HIGH
CVE-2021-21115,0.18057316763885367,0.00017948885441751528,0.459610677235109,0.0003851106447458051,9.6,CRITICAL
CVE-2021-21111,0.18057316763885367,0.00017948885441751528,0.459610677235109,0.0003851106447458051,9.6,CRITICAL
CVE-2021-21114,0.18057316763885367,0.00017948885441751528,0.459610677235109,0.0003851106447458051,8.8,HIGH
CVE-2021-21110,0.18057316763885367,0.00017948885441751528,0.459610677235109,0.0003851106447458051,9.6,CRITICAL
CVE-2021-21109,0.18057316763885367,0.00017948885441751528,0.459610677235109,0.0003851106447458051,9.6,CRITICAL
CVE-2021-21106,0.18057316763885367,0.00017948885441751528,0.459610677235109,0.0003851106447458051,9.6,CRITICAL
CVE-2021-21116,0.18057316763885367,0.00017948885441751528,0.459610677235109,0.0003851106447458051,8.8,HIGH
CVE-2021-21108,0.18057316763885367,0.00017948885441751528,0.459610677235109,0.0003851106447458051,9.6,CRITICAL
CVE-2021-21148,0.18057316763885367,0.00017948885441751528,0.459610677235109,0.0003851106447458051,8.8,HIGH
CVE-2021-21112,0.18057316763885367,0.00017948885441751528,0.459610677235109,0.0003851106447458051,8.8,HIGH
CVE-2021-21113,0.18057316763885367,0.00017948885441751528,0.459610677235109,0.00038511064474580506,8.8,HIGH
CVE-2021-38983,0.1549581536900837,0.00044167476894375185,0.3855103637074697,0.00038460225863053084,7.5,HIGH
CVE-2021-38979,0.1549581536900837,0.00044167476894375185,0.3855103637074697,0.00038460225863053084,7.5,HIGH
CVE-2021-29737,0.15521176768957645,0.0004414818576865314,0.3855480590593527,0.0003844376865628116,7.5,HIGH
CVE-2021-38948,0.15521176768957645,0.0004414818576865314,0.3855480590593527,0.0003844376865628116,9.1,CRITICAL
CVE-2021-29888,0.15521176768957645,0.0004414818576865314,0.3855480590593527,0.0003844376865628116,8.8,HIGH
CVE-2021-29747,0.15521176768957645,0.0004414818576865314,0.3855480590593527,0.0003844376865628116,7.5,HIGH
CVE-2021-3872,0.17626172964747652,0.00022921860947281588,0.459664257402658,0.000384368411658219,7.8,HIGH
CVE-2021-28831,0.17803702764392593,0.00017189852397977024,0.4603081951902872,0.0003837853609945882,7.5,HIGH
CVE-2021-20307,0.17803702764392593,0.00017189852397977024,0.4603081951902872,0.0003837853609945882,9.8,CRITICAL
CVE-2021-28707,0.17499365965001268,0.0002322604809859464,0.46046946163727664,0.0003832015494908898,8.8,HIGH
CVE-2021-28708,0.17499365965001268,0.0002322604809859464,0.46046946163727664,0.0003832015494908898,8.8,HIGH
CVE-2021-28705,0.17499365965001268,0.0002322604809859464,0.46046946163727664,0.00038320154949088975,7.8,HIGH
CVE-2021-28709,0.17499365965001268,0.0002322604809859464,0.46046946163727664,0.00038320154949088975,7.8,HIGH
CVE-2021-41617,0.16586355566827288,0.0005163104178942255,0.4561017929438982,0.00038282716635989735,7.0,HIGH
CVE-2021-3177,0.15825513568348973,0.000874977817049097,0.45583815028901736,0.000382440247724115,9.8,CRITICAL
CVE-2021-31215,0.17727618564544761,0.0001714177096127153,0.4601470416618042,0.0003823889240725117,8.8,HIGH
CVE-2021-3578,0.17727618564544761,0.0001714177096127153,0.4601470416618042,0.00038238892407251165,7.8,HIGH
CVE-2021-3561,0.17727618564544761,0.0001714177096127153,0.4601470416618042,0.00038238892407251165,7.1,HIGH
CVE-2021-33477,0.17727618564544761,0.0001714177096127153,0.4601470416618042,0.00038238892407251165,8.8,HIGH
CVE-2021-35610,0.16383464367233072,0.0005950261223656483,0.4557854583285169,0.0003823710856341594,7.1,HIGH
CVE-2021-3444,0.1448135937103728,0.0009773975251935194,0.3951297725222968,0.00038145333684300745,7.8,HIGH
CVE-2021-32688,0.1422774537154451,0.0015295741868693916,0.44919115971747553,0.00038056310359591797,8.8,HIGH
CVE-2021-22915,0.1422774537154451,0.0015295741868693916,0.44919115971747553,0.00038056310359591797,9.8,CRITICAL
CVE-2021-35538,0.0715191478569617,0.0096649657396506,0.3680231472839276,0.0003794101354906518,7.8,HIGH
CVE-2021-45884,0.15876236368247526,0.0002550916447233623,0.3870239497447978,0.0003784069268607298,7.5,HIGH
CVE-2021-41133,0.17702257164595486,0.00012778137081979126,0.4610617399438728,0.0003781447148601853,8.8,HIGH
CVE-2021-25216,0.15546538168906923,0.0007378656844323558,0.4305995413344982,0.00037780493002963965,8.1,HIGH
CVE-2021-40346,0.17676895764646208,0.00012718009711964158,0.4610078335087104,0.0003776591031700525,7.5,HIGH
CVE-2021-39242,0.17676895764646208,0.00012718009711964158,0.4610078335087104,0.0003776591031700525,7.5,HIGH
CVE-2021-39240,0.17676895764646208,0.00012718009711964158,0.4610078335087104,0.0003776591031700525,7.5,HIGH
CVE-2021-44648,0.17448643165102712,0.00014475170333270304,0.4603619381202569,0.00037692457383164225,8.8,HIGH
CVE-2021-41103,0.17448643165102712,0.00014475170333270304,0.4603619381202569,0.00037692457383164225,7.8,HIGH
CVE-2021-22883,0.15292924169414152,0.0008545815523985327,0.45373993095512083,0.00037648143865679954,7.5,HIGH
CVE-2021-40486,0.018513821962972354,0.0001446519491161117,0.21423526215702254,0.00037537391523580096,7.8,HIGH
CVE-2021-0673,0.07025107785949784,0.0009399017311529771,0.33689336978810663,0.0003751091676540833,7.8,HIGH
CVE-2021-3864,0.15597260968805476,0.006088164315801125,0.4339165841311764,0.0003750734664749771,7.0,HIGH
CVE-2021-32399,0.14557443570885112,0.0009418940726784979,0.3960425873844918,0.00037359917163619794,7.0,HIGH
CVE-2021-3483,0.14557443570885112,0.0009418940726784979,0.3960425873844918,0.00037359917163619794,7.8,HIGH
CVE-2021-3506,0.14557443570885112,0.0009418940726784979,0.3960425873844918,0.00037359917163619794,7.1,HIGH
CVE-2021-42574,0.15698706568602586,0.0005885551090980421,0.4536877229317685,0.00037286742233040923,8.3,HIGH
CVE-2021-37150,0.16332741567334516,0.00039434948886943853,0.42562607944732295,0.00037221197237408376,7.5,HIGH
CVE-2021-37137,0.13289373573421254,0.0012153866975833571,0.4199595271061881,0.00037201047799059143,7.5,HIGH
CVE-2021-0002,0.1567334516865331,0.000578801423929147,0.45363552692130693,0.0003715544496047903,7.1,HIGH
CVE-2021-27365,0.1448135937103728,0.0009334791987943385,0.39592328547042877,0.0003710704951140471,7.8,HIGH
CVE-2021-26252,0.12351001775297996,0.002085343074461471,0.44448202006538157,0.0003707441598877473,7.8,HIGH
CVE-2021-45082,0.14354552371290893,0.00104466321091114,0.44934472934472935,0.0003700368268100654,7.8,HIGH
CVE-2021-39713,0.1032208977935582,0.006695843790309578,0.4158844003797068,0.00036997129743161674,7.0,HIGH
CVE-2021-44538,0.1514075576971849,0.0005631480934920649,0.42854037604608197,0.0003686165006677279,9.8,CRITICAL
CVE-2021-29907,0.15470453969059092,0.0001882536807081997,0.3854726757258774,0.0003680076674533964,8.8,HIGH
CVE-2021-29688,0.15470453969059092,0.0001882536807081997,0.3854726757258774,0.0003680076674533964,7.5,HIGH
CVE-2021-29686,0.15470453969059092,0.0001882536807081997,0.3854726757258774,0.0003680076674533964,8.8,HIGH
CVE-2021-38890,0.15470453969059092,0.0001882536807081997,0.3854726757258774,0.0003680076674533964,7.5,HIGH
CVE-2021-29725,0.15470453969059092,0.0001882536807081997,0.3854726757258774,0.0003680076674533964,7.5,HIGH
CVE-2021-1052,0.15470453969059092,0.0001882536807081997,0.3854726757258774,0.0003680076674533964,7.8,HIGH
CVE-2021-29691,0.15470453969059092,0.0001882536807081997,0.3854726757258774,0.0003680076674533964,7.5,HIGH
CVE-2021-29723,0.15470453969059092,0.0001882536807081997,0.3854726757258774,0.0003680076674533964,7.5,HIGH
CVE-2021-26334,0.15470453969059092,0.0001882536807081997,0.3854726757258774,0.0003680076674533964,9.9,CRITICAL
CVE-2021-29703,0.15470453969059092,0.0001882536807081997,0.3854726757258774,0.0003680076674533964,7.5,HIGH
CVE-2021-26828,0.15470453969059092,0.0001882536807081997,0.3854726757258774,0.0003680076674533964,8.8,HIGH
CVE-2021-20373,0.15470453969059092,0.0001882536807081997,0.3854726757258774,0.0003680076674533964,7.5,HIGH
CVE-2021-29722,0.15470453969059092,0.0001882536807081997,0.3854726757258774,0.0003680076674533964,7.5,HIGH
CVE-2021-38891,0.15470453969059092,0.0001882536807081997,0.3854726757258774,0.0003680076674533964,7.5,HIGH
CVE-2021-38927,0.15470453969059092,0.0001882536807081997,0.3854726757258774,0.0003680076674533964,7.2,HIGH
CVE-2021-40745,0.15470453969059092,0.0001882536807081997,0.3854726757258774,0.0003680076674533964,7.5,HIGH
CVE-2021-29702,0.15470453969059092,0.0001882536807081997,0.3854726757258774,0.0003680076674533964,7.5,HIGH
CVE-2021-20443,0.15470453969059092,0.0001882536807081997,0.3854726757258774,0.0003680076674533964,8.8,HIGH
CVE-2021-21009,0.15470453969059092,0.0001882536807081997,0.3854726757258774,0.0003680076674533964,8.6,HIGH
CVE-2021-29825,0.15470453969059092,0.0001882536807081997,0.3854726757258774,0.0003680076674533964,7.5,HIGH
CVE-2021-38951,0.15470453969059092,0.0001882536807081997,0.3854726757258774,0.0003680076674533964,7.5,HIGH
CVE-2021-38963,0.15470453969059092,0.0001882536807081997,0.3854726757258774,0.0003680076674533964,8.0,HIGH
CVE-2021-3653,0.1465888917068222,0.0008530195624976373,0.3957643280136505,0.00036738980841852063,8.8,HIGH
CVE-2021-41635,0.13898047172203906,0.0010136843529422043,0.3773928024502297,0.00036667325745138343,8.8,HIGH
CVE-2021-43940,0.13898047172203906,0.0010136843529422043,0.3773928024502297,0.00036667325745138343,7.8,HIGH
CVE-2021-31844,0.13898047172203906,0.0010136843529422043,0.3773928024502297,0.0003666732574513834,8.2,HIGH
CVE-2021-44206,0.13999492772001015,0.0010118838478748117,0.3775373420145538,0.00036461313654722217,7.3,HIGH
CVE-2021-44205,0.13999492772001015,0.0010118838478748117,0.3775373420145538,0.0003646131365472221,7.3,HIGH
CVE-2021-4204,0.14836418970327162,0.0010622673021757946,0.4063272877164056,0.00036460912003366135,7.1,HIGH
CVE-2021-45083,0.14329190971341618,0.0009656419462386068,0.44929352780309934,0.0003631594576665062,7.1,HIGH
CVE-2021-30574,0.1683996956632006,0.00012741580615311006,0.45604904001850566,0.0003629767783035695,8.8,HIGH
CVE-2021-30567,0.1683996956632006,0.00012741580615311006,0.45604904001850566,0.0003629767783035695,8.8,HIGH
CVE-2021-30599,0.1683996956632006,0.00012741580615311006,0.45604904001850566,0.0003629767783035695,8.8,HIGH
CVE-2021-30602,0.1683996956632006,0.00012741580615311006,0.45604904001850566,0.0003629767783035695,8.8,HIGH
CVE-2021-30581,0.1683996956632006,0.00012741580615311006,0.45604904001850566,0.0003629767783035695,8.8,HIGH
CVE-2021-30542,0.1683996956632006,0.00012741580615311006,0.45604904001850566,0.0003629767783035695,8.8,HIGH
CVE-2021-30591,0.1683996956632006,0.00012741580615311006,0.45604904001850566,0.0003629767783035695,8.8,HIGH
CVE-2021-30598,0.1683996956632006,0.00012741580615311006,0.45604904001850566,0.0003629767783035695,8.8,HIGH
CVE-2021-30577,0.1683996956632006,0.00012741580615311006,0.45604904001850566,0.0003629767783035695,7.8,HIGH
CVE-2021-30571,0.1683996956632006,0.00012741580615311006,0.45604904001850566,0.0003629767783035695,9.6,CRITICAL
CVE-2021-30590,0.1683996956632006,0.00012741580615311006,0.45604904001850566,0.0003629767783035695,8.8,HIGH
CVE-2021-30569,0.1683996956632006,0.00012741580615311006,0.45604904001850566,0.0003629767783035695,8.8,HIGH
CVE-2021-30600,0.1683996956632006,0.00012741580615311006,0.45604904001850566,0.0003629767783035695,8.8,HIGH
CVE-2021-30572,0.1683996956632006,0.00012741580615311006,0.45604904001850566,0.0003629767783035695,8.8,HIGH
CVE-2021-30543,0.1683996956632006,0.00012741580615311006,0.45604904001850566,0.0003629767783035695,8.8,HIGH
CVE-2021-30566,0.1683996956632006,0.00012741580615311006,0.45604904001850566,0.0003629767783035695,8.8,HIGH
CVE-2021-30575,0.1683996956632006,0.00012741580615311006,0.45604904001850566,0.0003629767783035695,8.8,HIGH
CVE-2021-30578,0.1683996956632006,0.00012741580615311006,0.45604904001850566,0.0003629767783035695,8.8,HIGH
CVE-2021-30586,0.1683996956632006,0.00012741580615311006,0.45604904001850566,0.0003629767783035695,8.8,HIGH
CVE-2021-30568,0.1683996956632006,0.00012741580615311006,0.45604904001850566,0.0003629767783035695,8.8,HIGH
CVE-2021-30579,0.1683996956632006,0.00012741580615311006,0.45604904001850566,0.0003629767783035695,8.8,HIGH
CVE-2021-30576,0.1683996956632006,0.00012741580615311006,0.45604904001850566,0.0003629767783035695,8.8,HIGH
CVE-2021-30603,0.1683996956632006,0.00012741580615311006,0.45604904001850566,0.0003629767783035695,7.5,HIGH
CVE-2021-30573,0.1683996956632006,0.00012741580615311006,0.45604904001850566,0.0003629767783035695,8.8,HIGH
CVE-2021-30585,0.1683996956632006,0.00012741580615311006,0.45604904001850566,0.0003629767783035695,8.8,HIGH
CVE-2021-30592,0.1683996956632006,0.00012741580615311006,0.45604904001850566,0.0003629767783035695,8.8,HIGH
CVE-2021-30593,0.1683996956632006,0.00012741580615311006,0.45604904001850566,0.0003629767783035695,8.1,HIGH
CVE-2021-30588,0.1683996956632006,0.00012741580615311006,0.45604904001850566,0.0003629767783035695,8.8,HIGH
CVE-2021-30604,0.1683996956632006,0.00012741580615311006,0.45604904001850566,0.0003629767783035695,8.8,HIGH
CVE-2021-30601,0.1683996956632006,0.00012741580615311006,0.45604904001850566,0.0003629767783035695,8.8,HIGH
CVE-2021-31566,0.16282018767435963,0.00014621963499657825,0.4257179874757072,0.00036257420225712755,7.8,HIGH
CVE-2021-46790,0.16256657367486685,0.00016436628283394002,0.4254882917880652,0.0003624143906178503,7.8,HIGH
CVE-2021-4157,0.14557443570885112,0.0009364150327013453,0.402305887154372,0.00036152640975992427,8.0,HIGH
CVE-2021-25122,0.146842505706315,0.0005971289685718974,0.4298953336240733,0.00035969417530822917,7.5,HIGH
CVE-2021-25329,0.146842505706315,0.0005971289685718974,0.4298953336240733,0.00035969417530822917,7.0,HIGH
CVE-2021-23177,0.16205934567588132,0.00013793091512525498,0.42558014031300595,0.0003594986927614242,7.8,HIGH
CVE-2021-29454,0.15698706568602586,0.0002448224340466146,0.4297547683923706,0.00035758020072710614,8.1,HIGH
CVE-2021-21408,0.15698706568602586,0.0002448224340466146,0.4297547683923706,0.00035758020072710614,8.8,HIGH
CVE-2021-3551,0.14734973370530052,0.0006521341887591114,0.4509377859103385,0.00035708649645379604,7.8,HIGH
CVE-2021-42008,0.1422774537154451,0.0007479630612960379,0.39441832549764927,0.0003565007392109959,7.8,HIGH
CVE-2021-47489,0.14532082170935834,0.0010363823540403842,0.4058254425689584,0.00035590444816731786,7.8,HIGH
CVE-2021-47247,0.14532082170935834,0.0010363823540403842,0.4058254425689584,0.00035590444816731786,7.8,HIGH
CVE-2021-21157,0.14887141770225715,0.004959428080283451,0.4415948034494344,0.00035450198214745257,8.8,HIGH
CVE-2021-42955,0.13923408572153181,0.0007598774421922117,0.37742892696467883,0.00035290642966708387,7.3,HIGH
CVE-2021-42954,0.13923408572153181,0.0007598774421922117,0.37742892696467883,0.00035290642966708387,7.8,HIGH
CVE-2021-45098,0.1514075576971849,0.0002364547269789806,0.42854037604608197,0.0003524457270708927,7.5,HIGH
CVE-2021-32944,0.018260207963479585,0.0029376014914554776,0.3318464904898165,0.0003522468059514334,7.8,HIGH
CVE-2021-32938,0.018260207963479585,0.0029376014914554776,0.3318464904898165,0.0003522468059514334,7.1,HIGH
CVE-2021-32952,0.018260207963479585,0.0029376014914554776,0.3318464904898165,0.0003522468059514334,7.8,HIGH
CVE-2021-32936,0.018260207963479585,0.0029376014914554776,0.3318464904898165,0.0003522468059514334,7.8,HIGH
CVE-2021-32946,0.018260207963479585,0.0029376014914554776,0.3318464904898165,0.0003522468059514333,7.8,HIGH
CVE-2021-32940,0.018260207963479585,0.0029376014914554776,0.3318464904898165,0.0003522468059514333,7.1,HIGH
CVE-2021-32950,0.018260207963479585,0.0029376014914554776,0.3318464904898165,0.0003522468059514333,7.1,HIGH
CVE-2021-32948,0.018260207963479585,0.0029376014914554776,0.3318464904898165,0.0003522468059514333,7.8,HIGH
CVE-2021-2388,0.14278468171443062,0.0005623513419637656,0.42682398787616366,0.00035207217692690616,7.5,HIGH
CVE-2021-46848,0.15647983768704032,0.0002013114068504142,0.4241609294320138,0.00035148756682889425,9.1,CRITICAL
CVE-2021-46669,0.1567334516865331,0.00015890514179588285,0.42420656266810114,0.0003509986823047734,7.5,HIGH
CVE-2021-3348,0.1402485417195029,0.0007249193803783882,0.39410294852573713,0.00035041231554311554,7.0,HIGH
CVE-2021-35039,0.1402485417195029,0.0007249193803783882,0.39410294852573713,0.00035041231554311554,7.8,HIGH
CVE-2021-26701,0.14455997971088003,0.08345388032300288,0.4764378927017883,0.00035038491879721515,8.1,HIGH
CVE-2021-31204,0.14455997971088003,0.08345388032300288,0.4764378927017883,0.00035038491879721515,7.3,HIGH
CVE-2021-21911,0.1394876997210246,0.0006751036619358124,0.3774650583955581,0.00034857319398966745,7.8,HIGH
CVE-2021-21910,0.1394876997210246,0.0006751036619358124,0.3774650583955581,0.00034857319398966745,7.8,HIGH
CVE-2021-21912,0.1394876997210246,0.0006751036619358124,0.3774650583955581,0.00034857319398966745,7.8,HIGH
CVE-2021-20314,0.15926959168146082,0.00015165147336032494,0.4544197303215397,0.0003484038533415444,9.8,CRITICAL
CVE-2021-31607,0.15698706568602586,0.00018318890146379967,0.4536877229317685,0.00034753587259649224,7.8,HIGH
CVE-2021-3770,0.1585087496829825,0.00014268852044551855,0.4540534315983418,0.0003469500228607903,7.8,HIGH
CVE-2021-23840,0.11945219376109562,0.0016856574516732972,0.4172928352206583,0.0003465395349872185,7.5,HIGH
CVE-2021-39226,0.1402485417195029,0.0011072768229883428,0.4485779294653015,0.00034624113718606194,9.8,CRITICAL
CVE-2021-42717,0.1531828556936343,0.00010820314816633475,0.4289133036005656,0.0003447914107690949,7.5,HIGH
CVE-2021-1036,0.06949023586101953,0.0004308665925405939,0.33738341747240524,0.0003446877372625904,7.8,HIGH
CVE-2021-39621,0.06949023586101953,0.0004308665925405939,0.33738341747240524,0.0003446877372625904,7.8,HIGH
CVE-2021-39627,0.06949023586101953,0.0004308665925405939,0.33738341747240524,0.0003446877372625904,7.8,HIGH
CVE-2021-0927,0.06949023586101953,0.0004308665925405939,0.33738341747240524,0.0003446877372625904,7.8,HIGH
CVE-2021-1039,0.06949023586101953,0.0004308665925405939,0.33738341747240524,0.0003446877372625904,7.8,HIGH
CVE-2021-0968,0.06949023586101953,0.0004308665925405939,0.33738341747240524,0.0003446877372625904,8.8,HIGH
CVE-2021-39626,0.06949023586101953,0.0004308665925405939,0.33738341747240524,0.0003446877372625904,7.8,HIGH
CVE-2021-0965,0.06949023586101953,0.0004308665925405939,0.33738341747240524,0.0003446877372625904,8.8,HIGH
CVE-2021-0953,0.06949023586101953,0.0004308665925405939,0.33738341747240524,0.0003446877372625904,7.8,HIGH
CVE-2021-39623,0.06949023586101953,0.0004308665925405939,0.33738341747240524,0.0003446877372625904,9.8,CRITICAL
CVE-2021-0889,0.06949023586101953,0.0004308665925405939,0.33738341747240524,0.0003446877372625904,9.8,CRITICAL
CVE-2021-0930,0.06949023586101953,0.0004308665925405939,0.33738341747240524,0.0003446877372625904,8.8,HIGH
CVE-2021-0933,0.06949023586101953,0.0004308665925405939,0.33738341747240524,0.0003446877372625904,8.0,HIGH
CVE-2021-0970,0.06949023586101953,0.0004308665925405939,0.33738341747240524,0.0003446877372625904,7.8,HIGH
CVE-2021-1040,0.06949023586101953,0.0004308665925405939,0.33738341747240524,0.0003446877372625904,7.8,HIGH
CVE-2021-39625,0.06949023586101953,0.0004308665925405939,0.33738341747240524,0.0003446877372625904,7.3,HIGH
CVE-2021-39629,0.06949023586101953,0.0004308665925405939,0.33738341747240524,0.0003446877372625904,7.0,HIGH
CVE-2021-0926,0.06949023586101953,0.0004308665925405939,0.33738341747240524,0.0003446877372625904,7.8,HIGH
CVE-2021-39618,0.06949023586101953,0.0004308665925405939,0.33738341747240524,0.0003446877372625904,7.8,HIGH
CVE-2021-0963,0.06949023586101953,0.0004308665925405939,0.33738341747240524,0.0003446877372625904,7.1,HIGH
CVE-2021-0967,0.06949023586101953,0.0004308665925405939,0.33738341747240524,0.0003446877372625904,8.8,HIGH
CVE-2021-3497,0.1521683996956632,0.00014047869215149284,0.4293336236933798,0.00034424220095358377,7.8,HIGH
CVE-2021-25177,0.01775297996449404,0.002963880555010705,0.33179064288118476,0.00034383987805079486,7.8,HIGH
CVE-2021-25174,0.01775297996449404,0.002963880555010705,0.33179064288118476,0.00034383987805079486,7.8,HIGH
CVE-2021-25173,0.01775297996449404,0.002963880555010705,0.33179064288118476,0.00034383987805079486,7.8,HIGH
CVE-2021-25178,0.01775297996449404,0.002963880555010705,0.33179064288118476,0.00034383987805079486,7.8,HIGH
CVE-2021-25176,0.01775297996449404,0.002963880555010705,0.33179064288118476,0.00034383987805079486,7.8,HIGH
CVE-2021-25175,0.01775297996449404,0.002963880555010705,0.33179064288118476,0.00034383987805079486,7.8,HIGH
CVE-2021-30626,0.1585087496829825,9.808399991131761e-05,0.43723663783544026,0.00034296599586985347,8.8,HIGH
CVE-2021-30632,0.1585087496829825,9.808399991131761e-05,0.43723663783544026,0.00034296599586985347,8.8,HIGH
CVE-2021-30628,0.1585087496829825,9.808399991131761e-05,0.43723663783544026,0.00034296599586985347,8.8,HIGH
CVE-2021-30633,0.1585087496829825,9.808399991131761e-05,0.43723663783544026,0.00034296599586985347,9.6,CRITICAL
CVE-2021-30625,0.1585087496829825,9.808399991131761e-05,0.43723663783544026,0.00034296599586985347,8.8,HIGH
CVE-2021-30627,0.1585087496829825,9.808399991131761e-05,0.43723663783544026,0.0003429659958698534,8.8,HIGH
CVE-2021-30629,0.1585087496829825,9.808399991131761e-05,0.43723663783544026,0.0003429659958698534,8.8,HIGH
CVE-2021-21142,0.15825513568348973,0.008239319330159586,0.4407556449809971,0.00034262533845644174,9.6,CRITICAL
CVE-2021-34329,0.017245751965508496,0.000502726736317061,0.25073127305099835,0.00034249428245431237,7.8,HIGH
CVE-2021-44018,0.017245751965508496,0.000502726736317061,0.25073127305099835,0.00034249428245431237,7.8,HIGH
CVE-2021-44016,0.017245751965508496,0.000502726736317061,0.25073127305099835,0.00034249428245431237,7.8,HIGH
CVE-2021-34328,0.017245751965508496,0.000502726736317061,0.25073127305099835,0.00034249428245431237,7.8,HIGH
CVE-2021-44000,0.017245751965508496,0.000502726736317061,0.25073127305099835,0.00034249428245431237,7.8,HIGH
CVE-2021-34327,0.017245751965508496,0.000502726736317061,0.25073127305099835,0.00034249428245431237,7.8,HIGH
CVE-2021-34326,0.017245751965508496,0.000502726736317061,0.25073127305099835,0.00034249428245431237,7.8,HIGH
CVE-2021-42377,0.1521683996956632,0.00056577363465084,0.4526980482204363,0.0003424846161734531,9.8,CRITICAL
CVE-2021-42013,0.14887141770225715,0.00046890722175355927,0.45259412304866853,0.0003424360174652056,9.8,CRITICAL
CVE-2021-42835,0.13872685772254628,0.0005069707839759159,0.3773566848502249,0.00034202385107664807,7.0,HIGH
CVE-2021-42727,0.13872685772254628,0.0005069707839759159,0.3773566848502249,0.000342023851076648,7.8,HIGH
CVE-2021-33500,0.13872685772254628,0.0005069707839759159,0.3773566848502249,0.000342023851076648,7.5,HIGH
CVE-2021-20442,0.13872685772254628,0.0005069707839759159,0.3773566848502249,0.00034202385107664796,7.5,HIGH
CVE-2021-34803,0.13872685772254628,0.0005069707839759159,0.3773566848502249,0.00034202385107664796,7.8,HIGH
CVE-2021-4225,0.13872685772254628,0.0005069707839759159,0.3773566848502249,0.0003420238510766479,8.8,HIGH
CVE-2021-26603,0.13872685772254628,0.0005069707839759159,0.3773566848502249,0.0003420238510766479,8.6,HIGH
CVE-2021-39696,0.06898300786203398,0.0004166472847145172,0.33674950892475874,0.00034191005382715997,7.8,HIGH
CVE-2021-39707,0.06898300786203398,0.0004166472847145172,0.33674950892475874,0.00034191005382715997,7.8,HIGH
CVE-2021-39704,0.06898300786203398,0.0004166472847145172,0.33674950892475874,0.00034191005382715997,7.8,HIGH
CVE-2021-39674,0.06898300786203398,0.0004166472847145172,0.33674950892475874,0.00034191005382715997,7.8,HIGH
CVE-2021-39692,0.06898300786203398,0.0004166472847145172,0.33674950892475874,0.00034191005382715997,7.8,HIGH
CVE-2021-39808,0.06898300786203398,0.0004166472847145172,0.33674950892475874,0.00034191005382715997,7.8,HIGH
CVE-2021-0957,0.06898300786203398,0.0004166472847145172,0.33674950892475874,0.00034191005382715997,7.8,HIGH
CVE-2021-39706,0.06898300786203398,0.0004166472847145172,0.33674950892475874,0.00034191005382715997,7.8,HIGH
CVE-2021-39622,0.06898300786203398,0.0004166472847145172,0.33674950892475874,0.00034191005382715997,7.8,HIGH
CVE-2021-39691,0.06898300786203398,0.0004166472847145172,0.33674950892475874,0.00034191005382715997,7.3,HIGH
CVE-2021-21153,0.14430636571138727,0.004149928055254273,0.44070638202749524,0.00034130840427458334,8.8,HIGH
CVE-2021-21152,0.14430636571138727,0.004149928055254273,0.44070638202749524,0.00034130840427458334,8.8,HIGH
CVE-2021-21149,0.14430636571138727,0.004149928055254273,0.44070638202749524,0.00034130840427458334,8.8,HIGH
CVE-2021-20233,0.15013948769972102,0.0003224013833649531,0.4515574896930829,0.00034102752393103185,8.2,HIGH
CVE-2021-3682,0.1521683996956632,9.754062676726831e-05,0.42868014785823005,0.0003406686698087075,8.5,HIGH
CVE-2021-28820,0.13898047172203906,0.0005067135689662884,0.3773928024502297,0.00034016783477819687,8.8,HIGH
CVE-2021-28819,0.13898047172203906,0.0005067135689662884,0.3773928024502297,0.0003401678347781968,8.8,HIGH
CVE-2021-3713,0.15166117169667764,9.040585775908784e-05,0.4285869565217391,0.0003395664672225022,7.4,HIGH
CVE-2021-29063,0.15647983768704032,7.183063995323909e-05,0.45358334291959046,0.0003388416076992904,7.5,HIGH
CVE-2021-3673,0.15647983768704032,7.183063995323909e-05,0.45358334291959046,0.0003388416076992904,7.5,HIGH
CVE-2021-42716,0.15647983768704032,7.183063995323909e-05,0.45358334291959046,0.0003388416076992904,7.1,HIGH
CVE-2021-30560,0.1549581536900837,8.899500437622949e-05,0.4281216069489685,0.0003387333193481914,8.8,HIGH
CVE-2021-23450,0.11767689576464621,0.0012133999281599154,0.41693983292798986,0.00033851416683457983,7.5,HIGH
CVE-2021-41079,0.1514075576971849,6.480855770172304e-05,0.4286335471246875,0.0003378508282445564,7.5,HIGH
CVE-2021-22235,0.15191478569617042,5.691289319528311e-05,0.4286335471246875,0.0003373110994293204,7.5,HIGH
CVE-2021-39923,0.15191478569617042,5.691289319528311e-05,0.4286335471246875,0.0003373110994293204,7.5,HIGH
CVE-2021-4120,0.14379913771240171,0.0005599698128734617,0.4494984040127679,0.00033719466820740713,8.2,HIGH
CVE-2021-31162,0.1422774537154451,0.0005177150708062091,0.44919115971747553,0.00033653458178907144,9.8,CRITICAL
CVE-2021-28878,0.1422774537154451,0.0005177150708062091,0.44919115971747553,0.00033653458178907144,7.5,HIGH
CVE-2021-28879,0.1422774537154451,0.0005177150708062091,0.44919115971747553,0.00033653458178907144,9.8,CRITICAL
CVE-2021-44077,0.002028911995942176,0.0022793108078146013,0.2743529084330643,0.0003362053416208672,9.8,CRITICAL
CVE-2021-39256,0.1511539436976921,5.617730951615508e-05,0.42849380569441425,0.00033589267851309967,7.8,HIGH
CVE-2021-43300,0.1511539436976921,5.617730951615508e-05,0.42849380569441425,0.00033589267851309967,9.8,CRITICAL
CVE-2021-39259,0.1511539436976921,5.617730951615508e-05,0.42849380569441425,0.00033589267851309967,7.8,HIGH
CVE-2021-39260,0.1511539436976921,5.617730951615508e-05,0.42849380569441425,0.00033589267851309967,7.8,HIGH
CVE-2021-39261,0.1511539436976921,5.617730951615508e-05,0.42849380569441425,0.00033589267851309967,7.8,HIGH
CVE-2021-40393,0.1511539436976921,5.617730951615508e-05,0.42849380569441425,0.00033589267851309967,9.8,CRITICAL
CVE-2021-45972,0.1511539436976921,5.617730951615508e-05,0.42849380569441425,0.00033589267851309967,7.1,HIGH
CVE-2021-45844,0.1511539436976921,5.617730951615508e-05,0.42849380569441425,0.00033589267851309967,7.8,HIGH
CVE-2021-41072,0.1511539436976921,5.617730951615508e-05,0.42849380569441425,0.00033589267851309967,8.1,HIGH
CVE-2021-43303,0.1511539436976921,5.617730951615508e-05,0.42849380569441425,0.00033589267851309967,9.8,CRITICAL
CVE-2021-43302,0.1511539436976921,5.617730951615508e-05,0.42849380569441425,0.00033589267851309967,9.1,CRITICAL
CVE-2021-43299,0.1511539436976921,5.617730951615508e-05,0.42849380569441425,0.00033589267851309967,9.8,CRITICAL
CVE-2021-33286,0.1511539436976921,5.617730951615508e-05,0.42849380569441425,0.00033589267851309967,7.8,HIGH
CVE-2021-33054,0.1511539436976921,5.617730951615508e-05,0.42849380569441425,0.00033589267851309967,7.5,HIGH
CVE-2021-40394,0.1511539436976921,5.617730951615508e-05,0.42849380569441425,0.00033589267851309967,9.8,CRITICAL
CVE-2021-20001,0.1511539436976921,5.617730951615508e-05,0.42849380569441425,0.00033589267851309967,9.8,CRITICAL
CVE-2021-39262,0.1511539436976921,5.617730951615508e-05,0.42849380569441425,0.00033589267851309967,7.8,HIGH
CVE-2021-39255,0.1511539436976921,5.617730951615508e-05,0.42849380569441425,0.00033589267851309967,7.8,HIGH
CVE-2021-39263,0.1511539436976921,5.617730951615508e-05,0.42849380569441425,0.00033589267851309967,7.8,HIGH
CVE-2021-43845,0.1511539436976921,5.617730951615508e-05,0.42849380569441425,0.00033589267851309967,8.2,HIGH
CVE-2021-26120,0.1511539436976921,5.617730951615508e-05,0.42849380569441425,0.00033589267851309967,9.8,CRITICAL
CVE-2021-26119,0.1511539436976921,5.617730951615508e-05,0.42849380569441425,0.00033589267851309967,7.5,HIGH
CVE-2021-39258,0.1511539436976921,5.617730951615508e-05,0.42849380569441425,0.00033589267851309967,7.8,HIGH
CVE-2021-38291,0.1511539436976921,5.617730951615508e-05,0.42849380569441425,0.00033589267851309967,7.5,HIGH
CVE-2021-3624,0.1511539436976921,5.617730951615508e-05,0.42849380569441425,0.00033589267851309967,7.8,HIGH
CVE-2021-41773,0.14709611970580774,0.0004251429347725275,0.452023386449616,0.00033571218455518884,9.8,CRITICAL
CVE-2021-41524,0.14709611970580774,0.0004251429347725275,0.452023386449616,0.00033571218455518884,7.5,HIGH
CVE-2021-37991,0.15419731169160536,6.903972871436599e-05,0.4279821990665364,0.00033565795023087635,7.5,HIGH
CVE-2021-37985,0.15419731169160536,6.903972871436599e-05,0.4279821990665364,0.00033565795023087635,8.8,HIGH
CVE-2021-37981,0.15419731169160536,6.903972871436599e-05,0.4279821990665364,0.00033565795023087635,9.6,CRITICAL
CVE-2021-37984,0.15419731169160536,6.903972871436599e-05,0.4279821990665364,0.00033565795023087635,8.8,HIGH
CVE-2021-4078,0.15419731169160536,6.903972871436599e-05,0.4279821990665364,0.00033565795023087635,8.8,HIGH
CVE-2021-4079,0.15419731169160536,6.903972871436599e-05,0.4279821990665364,0.00033565795023087635,8.8,HIGH
CVE-2021-37986,0.15419731169160536,6.903972871436599e-05,0.4279821990665364,0.00033565795023087635,8.8,HIGH
CVE-2021-37987,0.15419731169160536,6.903972871436599e-05,0.4279821990665364,0.0003356579502308763,8.8,HIGH
CVE-2021-37983,0.15419731169160536,6.903972871436599e-05,0.4279821990665364,0.0003356579502308763,8.8,HIGH
CVE-2021-37993,0.15419731169160536,6.903972871436599e-05,0.4279821990665364,0.0003356579502308763,8.8,HIGH
CVE-2021-37982,0.15419731169160536,6.903972871436599e-05,0.4279821990665364,0.0003356579502308763,8.8,HIGH
CVE-2021-37988,0.15419731169160536,6.903972871436599e-05,0.4279821990665364,0.0003356579502308763,8.8,HIGH
CVE-2021-37992,0.15419731169160536,6.903972871436599e-05,0.4279821990665364,0.0003356579502308763,8.8,HIGH
CVE-2021-22921,0.14329190971341618,0.0007283041324818404,0.3935522507236251,0.0003343457015243998,7.8,HIGH
CVE-2021-29447,0.14253106771493787,0.0003244154254598751,0.42677778980409137,0.0003341779464030423,7.1,HIGH
CVE-2021-21193,0.1539436976921126,0.00015427501053705552,0.45259412304866853,0.00033405351894012997,8.8,HIGH
CVE-2021-21191,0.1539436976921126,0.00015427501053705552,0.45259412304866853,0.00033405351894012997,8.8,HIGH
CVE-2021-21192,0.1539436976921126,0.00015427501053705552,0.45259412304866853,0.00033405351894012997,8.8,HIGH
CVE-2021-28041,0.1486178037027644,0.0004990979674149504,0.45197157267308574,0.0003339868124745051,7.1,HIGH
CVE-2021-21017,0.1465888917068222,0.00012647818345388982,0.38041485769416306,0.0003337258743948931,8.8,HIGH
CVE-2021-21063,0.1465888917068222,0.00012647818345388982,0.38041485769416306,0.0003337258743948931,7.8,HIGH
CVE-2021-21086,0.1465888917068222,0.00012647818345388982,0.38041485769416306,0.0003337258743948931,7.8,HIGH
CVE-2021-35980,0.1465888917068222,0.00012647818345388982,0.38041485769416306,0.0003337258743948931,7.8,HIGH
CVE-2021-21044,0.1465888917068222,0.00012647818345388982,0.38041485769416306,0.0003337258743948931,7.8,HIGH
CVE-2021-21062,0.1465888917068222,0.00012647818345388982,0.38041485769416306,0.0003337258743948931,7.8,HIGH
CVE-2021-44709,0.1465888917068222,0.00012647818345388982,0.38041485769416306,0.0003337258743948931,7.8,HIGH
CVE-2021-21041,0.1465888917068222,0.00012647818345388982,0.38041485769416306,0.0003337258743948931,7.8,HIGH
CVE-2021-28561,0.1465888917068222,0.00012647818345388982,0.38041485769416306,0.0003337258743948931,8.8,HIGH
CVE-2021-28553,0.1465888917068222,0.00012647818345388982,0.38041485769416306,0.0003337258743948931,8.8,HIGH
CVE-2021-39837,0.1465888917068222,0.00012647818345388982,0.38041485769416306,0.0003337258743948931,7.8,HIGH
CVE-2021-21045,0.1465888917068222,0.00012647818345388982,0.38041485769416306,0.0003337258743948931,8.2,HIGH
CVE-2021-44703,0.1465888917068222,0.00012647818345388982,0.38041485769416306,0.0003337258743948931,7.8,HIGH
CVE-2021-21036,0.1465888917068222,0.00012647818345388982,0.38041485769416306,0.0003337258743948931,7.8,HIGH
CVE-2021-21035,0.1465888917068222,0.00012647818345388982,0.38041485769416306,0.0003337258743948931,8.8,HIGH
CVE-2021-45064,0.1465888917068222,0.00012647818345388982,0.38041485769416306,0.0003337258743948931,7.8,HIGH
CVE-2021-21059,0.1465888917068222,0.00012647818345388982,0.38041485769416306,0.0003337258743948931,7.8,HIGH
CVE-2021-39843,0.1465888917068222,0.00012647818345388982,0.38041485769416306,0.0003337258743948931,7.8,HIGH
CVE-2021-28562,0.1465888917068222,0.00012647818345388982,0.38041485769416306,0.0003337258743948931,8.8,HIGH
CVE-2021-21058,0.1465888917068222,0.00012647818345388982,0.38041485769416306,0.0003337258743948931,7.8,HIGH
CVE-2021-44708,0.1465888917068222,0.00012647818345388982,0.38041485769416306,0.0003337258743948931,7.8,HIGH
CVE-2021-21088,0.1465888917068222,0.00012647818345388982,0.38041485769416306,0.0003337258743948931,7.8,HIGH
CVE-2021-35982,0.1465888917068222,0.00012647818345388982,0.38041485769416306,0.0003337258743948931,7.3,HIGH
CVE-2021-40728,0.1465888917068222,0.00012647818345388982,0.38041485769416306,0.0003337258743948931,7.8,HIGH
CVE-2021-21037,0.1465888917068222,0.00012647818345388982,0.38041485769416306,0.0003337258743948931,7.8,HIGH
CVE-2021-28551,0.1465888917068222,0.00012647818345388982,0.38041485769416306,0.0003337258743948931,7.8,HIGH
CVE-2021-44701,0.1465888917068222,0.00012647818345388982,0.38041485769416306,0.0003337258743948931,7.8,HIGH
CVE-2021-44705,0.1465888917068222,0.00012647818345388982,0.38041485769416306,0.0003337258743948931,7.8,HIGH
CVE-2021-21033,0.1465888917068222,0.00012647818345388982,0.38041485769416306,0.0003337258743948931,8.8,HIGH
CVE-2021-44707,0.1465888917068222,0.00012647818345388982,0.38041485769416306,0.0003337258743948931,7.8,HIGH
CVE-2021-21021,0.1465888917068222,0.00012647818345388982,0.38041485769416306,0.0003337258743948931,8.8,HIGH
CVE-2021-44706,0.1465888917068222,0.00012647818345388982,0.38041485769416306,0.0003337258743948931,7.8,HIGH
CVE-2021-21040,0.1465888917068222,0.00012647818345388982,0.38041485769416306,0.0003337258743948931,7.8,HIGH
CVE-2021-45060,0.1465888917068222,0.00012647818345388982,0.38041485769416306,0.0003337258743948931,7.8,HIGH
CVE-2021-45068,0.1465888917068222,0.00012647818345388982,0.38041485769416306,0.0003337258743948931,7.8,HIGH
CVE-2021-28545,0.1465888917068222,0.00012647818345388982,0.38041485769416306,0.0003337258743948931,8.1,HIGH
CVE-2021-40731,0.1465888917068222,0.00012647818345388982,0.38041485769416306,0.0003337258743948931,7.8,HIGH
CVE-2021-45061,0.1465888917068222,0.00012647818345388982,0.38041485769416306,0.0003337258743948931,7.8,HIGH
CVE-2021-39842,0.1465888917068222,0.00012647818345388982,0.38041485769416306,0.0003337258743948931,7.8,HIGH
CVE-2021-28554,0.1465888917068222,0.00012647818345388982,0.38041485769416306,0.0003337258743948931,7.8,HIGH
CVE-2021-28560,0.1465888917068222,0.00012647818345388982,0.38041485769416306,0.0003337258743948931,8.8,HIGH
CVE-2021-44704,0.1465888917068222,0.00012647818345388982,0.38041485769416306,0.0003337258743948931,7.8,HIGH
CVE-2021-28631,0.1465888917068222,0.00012647818345388982,0.38041485769416306,0.0003337258743948931,7.8,HIGH
CVE-2021-45062,0.1465888917068222,0.00012647818345388982,0.38041485769416306,0.0003337258743948931,7.8,HIGH
CVE-2021-39840,0.1465888917068222,0.00012647818345388982,0.38041485769416306,0.0003337258743948931,7.8,HIGH
CVE-2021-44711,0.1465888917068222,0.00012647818345388982,0.38041485769416306,0.0003337258743948931,7.8,HIGH
CVE-2021-28564,0.1465888917068222,0.00012647818345388982,0.38041485769416306,0.0003337258743948931,8.8,HIGH
CVE-2021-21038,0.1465888917068222,0.00012647818345388982,0.38041485769416306,0.000333725874394893,7.8,HIGH
CVE-2021-28558,0.1465888917068222,0.00012647818345388982,0.38041485769416306,0.000333725874394893,8.8,HIGH
CVE-2021-28550,0.1465888917068222,0.00012647818345388982,0.38041485769416306,0.000333725874394893,8.8,HIGH
CVE-2021-39836,0.1465888917068222,0.00012647818345388982,0.38041485769416306,0.000333725874394893,7.8,HIGH
CVE-2021-40725,0.1465888917068222,0.00012647818345388982,0.38041485769416306,0.000333725874394893,7.8,HIGH
CVE-2021-21028,0.1465888917068222,0.00012647818345388982,0.38041485769416306,0.000333725874394893,8.8,HIGH
CVE-2021-21039,0.1465888917068222,0.00012647818345388982,0.38041485769416306,0.000333725874394893,7.8,HIGH
CVE-2021-40726,0.1465888917068222,0.00012647818345388982,0.38041485769416306,0.000333725874394893,7.8,HIGH
CVE-2021-44710,0.1465888917068222,0.00012647818345388982,0.38041485769416306,0.000333725874394893,7.8,HIGH
CVE-2021-39839,0.1465888917068222,0.00012647818345388982,0.38041485769416306,0.000333725874394893,7.8,HIGH
CVE-2021-39863,0.1465888917068222,0.00012647818345388982,0.38041485769416306,0.000333725874394893,7.8,HIGH
CVE-2021-28644,0.1465888917068222,0.00012647818345388982,0.38041485769416306,0.000333725874394893,7.8,HIGH
CVE-2021-28632,0.1465888917068222,0.00012647818345388982,0.38041485769416306,0.000333725874394893,7.8,HIGH
CVE-2021-28552,0.1465888917068222,0.00012647818345388982,0.38041485769416306,0.000333725874394893,7.8,HIGH
CVE-2021-39841,0.1465888917068222,0.00012647818345388982,0.38041485769416306,0.000333725874394893,7.8,HIGH
CVE-2021-39838,0.1465888917068222,0.00012647818345388982,0.38041485769416306,0.000333725874394893,7.8,HIGH
CVE-2021-37713,0.1430382957139234,0.0006530575516452773,0.3932382567068914,0.00033372109803645475,8.2,HIGH
CVE-2021-44743,0.14532082170935834,0.0002168997950516057,0.38023143683702987,0.00033342934542369805,7.8,HIGH
CVE-2021-41772,0.1420238397159523,0.00046375369409925134,0.4489354434703404,0.0003330161992939371,7.5,HIGH
CVE-2021-38297,0.1420238397159523,0.00046375369409925134,0.4489354434703404,0.0003330161992939371,9.8,CRITICAL
CVE-2021-32558,0.11945219376109562,0.001047964302124852,0.4210357714895889,0.0003324403068725683,7.5,HIGH
CVE-2021-28547,0.1440527517118945,0.00027020346240378486,0.3800481927710843,0.0003323423204470656,7.8,HIGH
CVE-2021-21069,0.1440527517118945,0.00027020346240378486,0.3800481927710843,0.00033234232044706554,7.8,HIGH
CVE-2021-3563,0.12148110575703779,0.0008210800004443812,0.416499419034541,0.0003319999502450113,7.4,HIGH
CVE-2021-42105,0.14075576971848847,0.0002790092404699575,0.3776458193659611,0.0003300380781460784,7.8,HIGH
CVE-2021-25249,0.14075576971848847,0.0002790092404699575,0.3776458193659611,0.0003300380781460784,7.8,HIGH
CVE-2021-36742,0.14075576971848847,0.0002790092404699575,0.3776458193659611,0.0003300380781460784,7.8,HIGH
CVE-2021-42106,0.14075576971848847,0.0002790092404699575,0.3776458193659611,0.0003300380781460784,7.8,HIGH
CVE-2021-36741,0.14075576971848847,0.0002790092404699575,0.3776458193659611,0.0003300380781460784,8.8,HIGH
CVE-2021-23139,0.14075576971848847,0.0002790092404699575,0.3776458193659611,0.0003300380781460784,7.5,HIGH
CVE-2021-42108,0.14075576971848847,0.0002790092404699575,0.3776458193659611,0.0003300380781460784,7.8,HIGH
CVE-2021-42104,0.14075576971848847,0.0002790092404699575,0.3776458193659611,0.00033003807814607837,7.8,HIGH
CVE-2021-32463,0.14075576971848847,0.0002790092404699575,0.3776458193659611,0.00033003807814607837,7.8,HIGH
CVE-2021-42107,0.14075576971848847,0.0002790092404699575,0.3776458193659611,0.00033003807814607837,7.8,HIGH
CVE-2021-20022,0.1394876997210246,0.002398040339561482,0.3895860092876198,0.00032888103909930284,7.2,HIGH
CVE-2021-20021,0.1394876997210246,0.002398040339561482,0.3895860092876198,0.00032888103909930284,9.8,CRITICAL
CVE-2021-21199,0.15267562769464874,5.978881643663561e-05,0.45129907290832094,0.000328711734107427,8.8,HIGH
CVE-2021-30536,0.15267562769464874,5.978881643663561e-05,0.45129907290832094,0.000328711734107427,8.1,HIGH
CVE-2021-21195,0.15267562769464874,5.978881643663561e-05,0.45129907290832094,0.000328711734107427,8.8,HIGH
CVE-2021-30514,0.15267562769464874,5.978881643663561e-05,0.45129907290832094,0.000328711734107427,8.8,HIGH
CVE-2021-30546,0.15267562769464874,5.978881643663561e-05,0.45129907290832094,0.000328711734107427,8.8,HIGH
CVE-2021-30555,0.15267562769464874,5.978881643663561e-05,0.45129907290832094,0.000328711734107427,8.8,HIGH
CVE-2021-30556,0.15267562769464874,5.978881643663561e-05,0.45129907290832094,0.000328711734107427,8.8,HIGH
CVE-2021-30550,0.15267562769464874,5.978881643663561e-05,0.45129907290832094,0.000328711734107427,8.8,HIGH
CVE-2021-30511,0.15267562769464874,5.978881643663561e-05,0.45129907290832094,0.000328711734107427,8.1,HIGH
CVE-2021-30517,0.15267562769464874,5.978881643663561e-05,0.45129907290832094,0.000328711734107427,8.8,HIGH
CVE-2021-30523,0.15267562769464874,5.978881643663561e-05,0.45129907290832094,0.000328711734107427,8.8,HIGH
CVE-2021-30544,0.15267562769464874,5.978881643663561e-05,0.45129907290832094,0.000328711734107427,8.8,HIGH
CVE-2021-21194,0.15267562769464874,5.978881643663561e-05,0.45129907290832094,0.000328711734107427,8.8,HIGH
CVE-2021-30512,0.15267562769464874,5.978881643663561e-05,0.45129907290832094,0.000328711734107427,8.8,HIGH
CVE-2021-30508,0.15267562769464874,5.978881643663561e-05,0.45129907290832094,0.000328711734107427,8.8,HIGH
CVE-2021-30557,0.15267562769464874,5.978881643663561e-05,0.45129907290832094,0.000328711734107427,8.8,HIGH
CVE-2021-30515,0.15267562769464874,5.978881643663561e-05,0.45129907290832094,0.000328711734107427,8.8,HIGH
CVE-2021-30535,0.15267562769464874,5.978881643663561e-05,0.45129907290832094,0.000328711734107427,8.8,HIGH
CVE-2021-21198,0.15267562769464874,5.978881643663561e-05,0.45129907290832094,0.000328711734107427,7.4,HIGH
CVE-2021-30548,0.15267562769464874,5.978881643663561e-05,0.45129907290832094,0.000328711734107427,8.8,HIGH
CVE-2021-30552,0.15267562769464874,5.978881643663561e-05,0.45129907290832094,0.000328711734107427,8.8,HIGH
CVE-2021-30525,0.15267562769464874,5.978881643663561e-05,0.45129907290832094,0.000328711734107427,8.8,HIGH
CVE-2021-30524,0.15267562769464874,5.978881643663561e-05,0.45129907290832094,0.000328711734107427,8.8,HIGH
CVE-2021-30516,0.15267562769464874,5.978881643663561e-05,0.45129907290832094,0.000328711734107427,8.8,HIGH
CVE-2021-30526,0.15267562769464874,5.978881643663561e-05,0.45129907290832094,0.000328711734107427,8.8,HIGH
CVE-2021-30518,0.15267562769464874,5.978881643663561e-05,0.45129907290832094,0.000328711734107427,8.8,HIGH
CVE-2021-30520,0.15267562769464874,5.978881643663561e-05,0.45129907290832094,0.000328711734107427,8.8,HIGH
CVE-2021-30554,0.15267562769464874,5.978881643663561e-05,0.45129907290832094,0.000328711734107427,8.8,HIGH
CVE-2021-30551,0.15267562769464874,5.978881643663561e-05,0.45129907290832094,0.000328711734107427,8.8,HIGH
CVE-2021-30553,0.15267562769464874,5.978881643663561e-05,0.45129907290832094,0.000328711734107427,8.8,HIGH
CVE-2021-30549,0.15267562769464874,5.978881643663561e-05,0.45129907290832094,0.000328711734107427,8.8,HIGH
CVE-2021-21197,0.15267562769464874,5.978881643663561e-05,0.45129907290832094,0.000328711734107427,8.8,HIGH
CVE-2021-30522,0.15267562769464874,5.978881643663561e-05,0.45129907290832094,0.000328711734107427,8.8,HIGH
CVE-2021-30513,0.15267562769464874,5.978881643663561e-05,0.45129907290832094,0.000328711734107427,8.8,HIGH
CVE-2021-30527,0.15267562769464874,5.978881643663561e-05,0.45129907290832094,0.000328711734107427,8.8,HIGH
CVE-2021-30545,0.15267562769464874,5.978881643663561e-05,0.45129907290832094,0.000328711734107427,8.8,HIGH
CVE-2021-21206,0.15267562769464874,5.978881643663561e-05,0.45129907290832094,0.000328711734107427,8.8,HIGH
CVE-2021-30529,0.15267562769464874,5.978881643663561e-05,0.45129907290832094,0.000328711734107427,8.8,HIGH
CVE-2021-30510,0.15267562769464874,5.978881643663561e-05,0.45129907290832094,0.000328711734107427,8.8,HIGH
CVE-2021-30519,0.15267562769464874,5.978881643663561e-05,0.45129907290832094,0.000328711734107427,8.8,HIGH
CVE-2021-30509,0.15267562769464874,5.978881643663561e-05,0.45129907290832094,0.000328711734107427,8.8,HIGH
CVE-2021-21220,0.15267562769464874,5.978881643663561e-05,0.45129907290832094,0.000328711734107427,8.8,HIGH
CVE-2021-30530,0.15267562769464874,5.978881643663561e-05,0.45129907290832094,0.000328711734107427,8.8,HIGH
CVE-2021-20247,0.1493786457012427,0.00015056493468183798,0.4522307604083037,0.00032856791706828935,7.4,HIGH
CVE-2021-21289,0.1493786457012427,0.00015056493468183798,0.4522307604083037,0.00032856791706828935,7.4,HIGH
CVE-2021-27135,0.1486178037027644,0.00015021410834277534,0.4520752121073148,0.0003271713738545644,9.8,CRITICAL
CVE-2021-20179,0.1486178037027644,0.00014087341077834793,0.4511957889918755,0.0003271243873564798,8.1,HIGH
CVE-2021-3466,0.1486178037027644,0.00014087341077834793,0.4511957889918755,0.0003271243873564798,9.8,CRITICAL
CVE-2021-31799,0.1450672077098656,0.00010465785202626341,0.4284472454634358,0.000326761568327446,7.0,HIGH
CVE-2021-28548,0.1440527517118945,7.845529319486084e-05,0.3800481927710843,0.0003266699461558074,7.8,HIGH
CVE-2021-42735,0.1440527517118945,7.845529319486084e-05,0.3800481927710843,0.0003266699461558074,7.8,HIGH
CVE-2021-28549,0.1440527517118945,7.845529319486084e-05,0.3800481927710843,0.0003266699461558074,7.8,HIGH
CVE-2021-21006,0.1440527517118945,7.845529319486084e-05,0.3800481927710843,0.0003266699461558074,8.6,HIGH
CVE-2021-36005,0.1440527517118945,7.845529319486084e-05,0.3800481927710843,0.0003266699461558074,7.8,HIGH
CVE-2021-21049,0.1440527517118945,7.845529319486084e-05,0.3800481927710843,0.0003266699461558074,7.8,HIGH
CVE-2021-36065,0.1440527517118945,7.845529319486084e-05,0.3800481927710843,0.0003266699461558074,7.8,HIGH
CVE-2021-36066,0.1440527517118945,7.845529319486084e-05,0.3800481927710843,0.0003266699461558074,7.8,HIGH
CVE-2021-21048,0.1440527517118945,7.845529319486084e-05,0.3800481927710843,0.0003266699461558074,7.8,HIGH
CVE-2021-21051,0.1440527517118945,7.845529319486084e-05,0.3800481927710843,0.0003266699461558074,7.8,HIGH
CVE-2021-43018,0.1440527517118945,7.845529319486084e-05,0.3800481927710843,0.0003266699461558074,7.8,HIGH
CVE-2021-21047,0.1440527517118945,7.845529319486084e-05,0.3800481927710843,0.0003266699461558074,7.8,HIGH
CVE-2021-21050,0.1440527517118945,7.845529319486084e-05,0.3800481927710843,0.0003266699461558074,7.8,HIGH
CVE-2021-3575,0.14785696170428608,0.00014032754589990467,0.4510409517272935,0.0003257278408737061,7.8,HIGH
CVE-2021-44188,0.1440527517118945,6.271481174373416e-05,0.3800481927710843,0.0003254238869791179,7.8,HIGH
CVE-2021-43755,0.1440527517118945,6.271481174373416e-05,0.3800481927710843,0.0003254238869791179,7.8,HIGH
CVE-2021-43027,0.1440527517118945,6.271481174373416e-05,0.3800481927710843,0.0003254238869791179,7.8,HIGH
CVE-2021-45463,0.1458280497083439,0.00014544805930842797,0.4502169445078785,0.000325223886362873,7.8,HIGH
CVE-2021-23017,0.1440527517118945,0.00023205432463369358,0.44990871748060246,0.00032510506265234795,7.7,HIGH
CVE-2021-20271,0.1476033477047933,0.00013815810912407893,0.45098936291890657,0.0003250625471285127,7.0,HIGH
CVE-2021-45440,0.1402485417195029,0.00020692092961510682,0.3775734942066456,0.0003250488505283862,7.8,HIGH
CVE-2021-45442,0.1402485417195029,0.00020692092961510682,0.3775734942066456,0.0003250488505283862,7.1,HIGH
CVE-2021-45231,0.1402485417195029,0.00020692092961510682,0.3775734942066456,0.0003250488505283862,7.8,HIGH
CVE-2021-44024,0.1402485417195029,0.00020692092961510682,0.3775734942066456,0.0003250488505283862,7.1,HIGH
CVE-2021-45441,0.1402485417195029,0.00020692092961510682,0.3775734942066456,0.0003250488505283862,7.8,HIGH
CVE-2021-32277,0.14253106771493787,0.0001030461728097459,0.42677778980409137,0.00032452652736797633,7.8,HIGH
CVE-2021-32278,0.14253106771493787,0.0001030461728097459,0.42677778980409137,0.00032452652736797633,7.8,HIGH
CVE-2021-32274,0.14253106771493787,0.0001030461728097459,0.42677778980409137,0.00032452652736797633,7.8,HIGH
CVE-2021-26675,0.14253106771493787,0.00010952977991269825,0.42677778980409137,0.00032448697905588007,8.8,HIGH
CVE-2021-31452,0.14075576971848847,0.00018861898174750828,0.3776458193659611,0.0003244134129351933,7.8,HIGH
CVE-2021-38571,0.14075576971848847,0.00018861898174750828,0.3776458193659611,0.0003244134129351933,7.8,HIGH
CVE-2021-31473,0.14075576971848847,0.00018861898174750828,0.3776458193659611,0.0003244134129351933,7.8,HIGH
CVE-2021-31455,0.14075576971848847,0.00018861898174750828,0.3776458193659611,0.0003244134129351933,7.8,HIGH
CVE-2021-31441,0.14075576971848847,0.00018861898174750828,0.3776458193659611,0.0003244134129351933,7.8,HIGH
CVE-2021-31457,0.14075576971848847,0.00018861898174750828,0.3776458193659611,0.0003244134129351933,7.8,HIGH
CVE-2021-31461,0.14075576971848847,0.00018861898174750828,0.3776458193659611,0.00032441341293519327,7.8,HIGH
CVE-2021-31454,0.14075576971848847,0.00018861898174750828,0.3776458193659611,0.00032441341293519327,7.8,HIGH
CVE-2021-27268,0.14075576971848847,0.00018861898174750828,0.3776458193659611,0.00032441341293519327,7.8,HIGH
CVE-2021-31442,0.14075576971848847,0.00018861898174750828,0.3776458193659611,0.00032441341293519327,7.8,HIGH
CVE-2021-31451,0.14075576971848847,0.00018861898174750828,0.3776458193659611,0.00032441341293519327,7.8,HIGH
CVE-2021-31458,0.14075576971848847,0.00018861898174750828,0.3776458193659611,0.00032441341293519327,7.8,HIGH
CVE-2021-31453,0.14075576971848847,0.00018861898174750828,0.3776458193659611,0.00032441341293519327,7.8,HIGH
CVE-2021-27271,0.14075576971848847,0.00018861898174750828,0.3776458193659611,0.00032441341293519327,7.8,HIGH
CVE-2021-27261,0.14075576971848847,0.00018861898174750828,0.3776458193659611,0.00032441341293519327,7.8,HIGH
CVE-2021-27267,0.14075576971848847,0.00018861898174750828,0.3776458193659611,0.00032441341293519327,7.8,HIGH
CVE-2021-31459,0.14075576971848847,0.00018861898174750828,0.3776458193659611,0.00032441341293519327,7.8,HIGH
CVE-2021-31450,0.14075576971848847,0.00018861898174750828,0.3776458193659611,0.00032441341293519327,7.8,HIGH
CVE-2021-27269,0.14075576971848847,0.00018861898174750828,0.3776458193659611,0.00032441341293519327,7.8,HIGH
CVE-2021-31460,0.14075576971848847,0.00018861898174750828,0.3776458193659611,0.00032441341293519327,7.8,HIGH
CVE-2021-31476,0.14075576971848847,0.00018861898174750828,0.3776458193659611,0.00032441341293519327,7.8,HIGH
CVE-2021-31449,0.14075576971848847,0.00018861898174750828,0.3776458193659611,0.00032441341293519327,7.8,HIGH
CVE-2021-31456,0.14075576971848847,0.00018861898174750828,0.3776458193659611,0.00032441341293519327,7.8,HIGH
CVE-2021-27270,0.14075576971848847,0.00018861898174750828,0.3776458193659611,0.00032441341293519327,7.8,HIGH
CVE-2021-21008,0.13999492772001015,0.0002018108965537908,0.3775373420145538,0.000323996444370971,7.0,HIGH
CVE-2021-28620,0.13999492772001015,0.0002018108965537908,0.3775373420145538,0.000323996444370971,7.8,HIGH
CVE-2021-28622,0.13999492772001015,0.0002018108965537908,0.3775373420145538,0.00032399644437097096,7.8,HIGH
CVE-2021-28629,0.13999492772001015,0.0002018108965537908,0.3775373420145538,0.00032399644437097096,7.8,HIGH
CVE-2021-21074,0.13999492772001015,0.0002018108965537908,0.3775373420145538,0.00032399644437097096,7.1,HIGH
CVE-2021-21072,0.13999492772001015,0.0002018108965537908,0.3775373420145538,0.00032399644437097096,7.1,HIGH
CVE-2021-21071,0.13999492772001015,0.0002018108965537908,0.3775373420145538,0.00032399644437097096,7.8,HIGH
CVE-2021-42272,0.13999492772001015,0.0002018108965537908,0.3775373420145538,0.00032399644437097096,7.8,HIGH
CVE-2021-21076,0.13999492772001015,0.0002018108965537908,0.3775373420145538,0.00032399644437097096,7.1,HIGH
CVE-2021-21075,0.13999492772001015,0.0002018108965537908,0.3775373420145538,0.00032399644437097096,7.1,HIGH
CVE-2021-21077,0.13999492772001015,0.0002018108965537908,0.3775373420145538,0.00032399644437097096,7.8,HIGH
CVE-2021-21052,0.13999492772001015,0.0002018108965537908,0.3775373420145538,0.00032399644437097096,7.8,HIGH
CVE-2021-40733,0.13999492772001015,0.0002018108965537908,0.3775373420145538,0.00032399644437097096,7.8,HIGH
CVE-2021-28621,0.13999492772001015,0.0002018108965537908,0.3775373420145538,0.00032399644437097096,7.8,HIGH
CVE-2021-42524,0.13999492772001015,0.0002018108965537908,0.3775373420145538,0.00032399644437097096,7.8,HIGH
CVE-2021-40763,0.14379913771240171,3.957625520115511e-05,0.38001156515034695,0.00032377428692627726,7.8,HIGH
CVE-2021-40786,0.14379913771240171,3.957625520115511e-05,0.38001156515034695,0.00032377428692627726,7.8,HIGH
CVE-2021-42527,0.14379913771240171,3.957625520115511e-05,0.38001156515034695,0.00032377428692627726,7.8,HIGH
CVE-2021-45056,0.14379913771240171,3.957625520115511e-05,0.38001156515034695,0.00032377428692627726,7.8,HIGH
CVE-2021-40765,0.14379913771240171,3.957625520115511e-05,0.38001156515034695,0.00032377428692627726,7.8,HIGH
CVE-2021-42732,0.14379913771240171,3.957625520115511e-05,0.38001156515034695,0.00032377428692627726,7.8,HIGH
CVE-2021-40793,0.14379913771240171,3.957625520115511e-05,0.38001156515034695,0.00032377428692627726,7.8,HIGH
CVE-2021-42526,0.14379913771240171,3.957625520115511e-05,0.38001156515034695,0.00032377428692627726,7.8,HIGH
CVE-2021-45057,0.14379913771240171,3.957625520115511e-05,0.38001156515034695,0.00032377428692627726,7.8,HIGH
CVE-2021-40702,0.14379913771240171,3.957625520115511e-05,0.38001156515034695,0.00032377428692627726,7.8,HIGH
CVE-2021-44179,0.14379913771240171,3.957625520115511e-05,0.38001156515034695,0.00032377428692627726,7.8,HIGH
CVE-2021-43754,0.14379913771240171,3.957625520115511e-05,0.38001156515034695,0.00032377428692627726,7.8,HIGH
CVE-2021-46816,0.14379913771240171,3.957625520115511e-05,0.38001156515034695,0.00032377428692627726,7.8,HIGH
CVE-2021-45058,0.14379913771240171,3.957625520115511e-05,0.38001156515034695,0.00032377428692627726,7.8,HIGH
CVE-2021-40701,0.14379913771240171,3.957625520115511e-05,0.38001156515034695,0.00032377428692627726,7.8,HIGH
CVE-2021-39822,0.14379913771240171,3.957625520115511e-05,0.38001156515034695,0.00032377428692627726,7.8,HIGH
CVE-2021-43757,0.14379913771240171,3.957625520115511e-05,0.38001156515034695,0.00032377428692627726,7.8,HIGH
CVE-2021-40780,0.14379913771240171,3.957625520115511e-05,0.38001156515034695,0.00032377428692627726,7.8,HIGH
CVE-2021-40777,0.14379913771240171,3.957625520115511e-05,0.38001156515034695,0.00032377428692627726,7.8,HIGH
CVE-2021-42731,0.14379913771240171,3.957625520115511e-05,0.38001156515034695,0.00032377428692627726,7.8,HIGH
CVE-2021-30480,0.14379913771240171,3.957625520115511e-05,0.38001156515034695,0.00032377428692627726,8.5,HIGH
CVE-2021-40708,0.14379913771240171,3.957625520115511e-05,0.38001156515034695,0.00032377428692627726,7.3,HIGH
CVE-2021-39821,0.14379913771240171,3.957625520115511e-05,0.38001156515034695,0.00032377428692627726,7.8,HIGH
CVE-2021-44181,0.14379913771240171,3.957625520115511e-05,0.38001156515034695,0.00032377428692627726,7.8,HIGH
CVE-2021-40792,0.14379913771240171,3.957625520115511e-05,0.38001156515034695,0.00032377428692627726,7.8,HIGH
CVE-2021-28595,0.14379913771240171,3.957625520115511e-05,0.38001156515034695,0.00032377428692627726,7.8,HIGH
CVE-2021-40700,0.14379913771240171,3.957625520115511e-05,0.38001156515034695,0.00032377428692627726,7.8,HIGH
CVE-2021-21099,0.14379913771240171,3.957625520115511e-05,0.38001156515034695,0.00032377428692627726,8.8,HIGH
CVE-2021-44180,0.14379913771240171,3.957625520115511e-05,0.38001156515034695,0.00032377428692627726,7.8,HIGH
CVE-2021-43013,0.14379913771240171,3.957625520115511e-05,0.38001156515034695,0.00032377428692627726,7.8,HIGH
CVE-2021-43756,0.14379913771240171,3.957625520115511e-05,0.38001156515034695,0.00032377428692627726,7.8,HIGH
CVE-2021-21067,0.14379913771240171,3.957625520115511e-05,0.38001156515034695,0.00032377428692627726,7.8,HIGH
CVE-2021-40736,0.14379913771240171,3.957625520115511e-05,0.38001156515034695,0.00032377428692627726,7.8,HIGH
CVE-2021-39820,0.14379913771240171,3.957625520115511e-05,0.38001156515034695,0.00032377428692627726,7.8,HIGH
CVE-2021-39824,0.14379913771240171,3.957625520115511e-05,0.38001156515034695,0.00032377428692627726,7.8,HIGH
CVE-2021-45055,0.14379913771240171,3.957625520115511e-05,0.38001156515034695,0.00032377428692627726,7.8,HIGH
CVE-2021-40738,0.14379913771240171,3.957625520115511e-05,0.38001156515034695,0.00032377428692627726,7.8,HIGH
CVE-2021-40727,0.14379913771240171,3.957625520115511e-05,0.38001156515034695,0.00032377428692627726,7.8,HIGH
CVE-2021-40764,0.14379913771240171,3.957625520115511e-05,0.38001156515034695,0.00032377428692627726,7.8,HIGH
CVE-2021-40734,0.14379913771240171,3.957625520115511e-05,0.38001156515034695,0.00032377428692627726,7.8,HIGH
CVE-2021-40739,0.14379913771240171,3.957625520115511e-05,0.38001156515034695,0.00032377428692627726,7.8,HIGH
CVE-2021-40779,0.14379913771240171,3.957625520115511e-05,0.38001156515034695,0.00032377428692627726,7.8,HIGH
CVE-2021-40794,0.14379913771240171,3.957625520115511e-05,0.38001156515034695,0.00032377428692627726,7.8,HIGH
CVE-2021-40703,0.14379913771240171,3.957625520115511e-05,0.38001156515034695,0.00032377428692627726,7.8,HIGH
CVE-2021-21054,0.14379913771240171,3.957625520115511e-05,0.38001156515034695,0.00032377428692627726,7.8,HIGH
CVE-2021-46818,0.14379913771240171,3.957625520115511e-05,0.38001156515034695,0.00032377428692627726,7.8,HIGH
CVE-2021-40787,0.14379913771240171,3.957625520115511e-05,0.38001156515034695,0.00032377428692627726,7.8,HIGH
CVE-2021-40740,0.14379913771240171,3.957625520115511e-05,0.38001156515034695,0.00032377428692627726,7.8,HIGH
CVE-2021-40709,0.14379913771240171,3.957625520115511e-05,0.38001156515034695,0.00032377428692627726,7.8,HIGH
CVE-2021-46817,0.14379913771240171,3.957625520115511e-05,0.38001156515034695,0.00032377428692627726,7.8,HIGH
CVE-2021-43015,0.14379913771240171,3.957625520115511e-05,0.38001156515034695,0.00032377428692627726,7.8,HIGH
CVE-2021-45053,0.14379913771240171,3.957625520115511e-05,0.38001156515034695,0.00032377428692627726,7.8,HIGH
CVE-2021-40795,0.14379913771240171,3.957625520115511e-05,0.38001156515034695,0.00032377428692627726,7.8,HIGH
CVE-2021-40735,0.14379913771240171,3.957625520115511e-05,0.38001156515034695,0.00032377428692627726,7.8,HIGH
CVE-2021-3445,0.146842505706315,0.00013761714379418642,0.45083466727646926,0.0003236659965566203,7.5,HIGH
CVE-2021-3999,0.13593710372812579,0.00029454915381999804,0.42049696064839504,0.0003229070815030969,7.8,HIGH
CVE-2021-4048,0.14455997971088003,0.00014291995587897952,0.44996005934040856,0.0003226916441497754,9.1,CRITICAL
CVE-2021-42102,0.13999492772001015,0.00017804489580163657,0.3775373420145538,0.00032259977990751267,7.8,HIGH
CVE-2021-42103,0.13999492772001015,0.00017804489580163657,0.3775373420145538,0.00032259977990751267,7.8,HIGH
CVE-2021-42101,0.13999492772001015,0.00017804489580163657,0.3775373420145538,0.0003225997799075126,7.8,HIGH
CVE-2021-42011,0.13999492772001015,0.00017804489580163657,0.3775373420145538,0.0003225997799075126,7.8,HIGH
CVE-2021-43559,0.0725336038549328,0.004553477315436652,0.3905894006934126,0.0003223552796487006,8.8,HIGH
CVE-2021-23214,0.14430636571138727,0.00014258306404457693,0.44990871748060246,0.0003222002627275848,8.1,HIGH
CVE-2021-20181,0.1430382957139234,7.930953593635783e-05,0.42687019595106634,0.0003218199927790345,7.5,HIGH
CVE-2021-43336,0.016231295967537408,7.837945857890427e-06,0.25066751430387796,0.0003213984379312553,7.8,HIGH
CVE-2021-30498,0.14253106771493787,0.00020595777188632856,0.4491399931655086,0.00031954427088113924,7.8,HIGH
CVE-2021-30499,0.14253106771493787,0.00020595777188632856,0.4491399931655086,0.00031954427088113924,7.8,HIGH
CVE-2021-39620,0.06365711387268577,0.000412514228527171,0.3361466325660699,0.0003190299569691252,7.8,HIGH
CVE-2021-39662,0.06365711387268577,0.000412514228527171,0.3361466325660699,0.0003190299569691252,7.8,HIGH
CVE-2021-39632,0.06365711387268577,0.000412514228527171,0.3361466325660699,0.0003190299569691252,7.8,HIGH
CVE-2021-39619,0.06365711387268577,0.000412514228527171,0.3361466325660699,0.0003190299569691252,7.8,HIGH
CVE-2021-39668,0.06365711387268577,0.000412514228527171,0.3361466325660699,0.0003190299569691252,7.8,HIGH
CVE-2021-39697,0.06365711387268577,0.000412514228527171,0.3361466325660699,0.0003190299569691252,7.8,HIGH
CVE-2021-0956,0.06365711387268577,0.000412514228527171,0.3361466325660699,0.0003190299569691252,9.8,CRITICAL
CVE-2021-39701,0.06365711387268577,0.000412514228527171,0.3361466325660699,0.0003190299569691252,7.8,HIGH
CVE-2021-39669,0.06365711387268577,0.000412514228527171,0.3361466325660699,0.0003190299569691252,7.8,HIGH
CVE-2021-35989,0.13999492772001015,0.00011365407252554363,0.3775373420145538,0.00031895239891568315,7.8,HIGH
CVE-2021-36078,0.13999492772001015,0.00011365407252554363,0.3775373420145538,0.00031895239891568315,7.8,HIGH
CVE-2021-36079,0.13999492772001015,0.00011365407252554363,0.3775373420145538,0.00031895239891568315,7.8,HIGH
CVE-2021-36076,0.13999492772001015,0.00011365407252554363,0.3775373420145538,0.00031895239891568315,7.8,HIGH
CVE-2021-36068,0.13999492772001015,0.00011365407252554363,0.3775373420145538,0.00031895239891568315,7.8,HIGH
CVE-2021-36067,0.13999492772001015,0.00011365407252554363,0.3775373420145538,0.00031895239891568315,7.8,HIGH
CVE-2021-42730,0.13999492772001015,0.00011365407252554363,0.3775373420145538,0.00031895239891568315,7.8,HIGH
CVE-2021-36075,0.13999492772001015,0.00011365407252554363,0.3775373420145538,0.00031895239891568315,7.8,HIGH
CVE-2021-39817,0.13999492772001015,0.00011365407252554363,0.3775373420145538,0.00031895239891568315,7.8,HIGH
CVE-2021-42728,0.13999492772001015,0.00011365407252554363,0.3775373420145538,0.00031895239891568315,7.8,HIGH
CVE-2021-21092,0.13999492772001015,0.00011365407252554363,0.3775373420145538,0.00031895239891568315,7.8,HIGH
CVE-2021-21066,0.13999492772001015,0.00011365407252554363,0.3775373420145538,0.00031895239891568315,7.8,HIGH
CVE-2021-35990,0.13999492772001015,0.00011365407252554363,0.3775373420145538,0.00031895239891568315,7.8,HIGH
CVE-2021-42724,0.13999492772001015,0.00011365407252554363,0.3775373420145538,0.00031895239891568315,7.8,HIGH
CVE-2021-21093,0.13999492772001015,0.00011365407252554363,0.3775373420145538,0.00031895239891568315,7.8,HIGH
CVE-2021-28624,0.13999492772001015,0.00011365407252554363,0.3775373420145538,0.00031895239891568315,7.8,HIGH
CVE-2021-21094,0.13999492772001015,0.00011365407252554363,0.3775373420145538,0.00031895239891568315,7.8,HIGH
CVE-2021-39816,0.13999492772001015,0.00011365407252554363,0.3775373420145538,0.00031895239891568315,7.8,HIGH
CVE-2021-21095,0.13999492772001015,0.00011365407252554363,0.3775373420145538,0.00031895239891568315,7.8,HIGH
CVE-2021-36059,0.13999492772001015,0.00011365407252554363,0.3775373420145538,0.00031895239891568315,7.8,HIGH
CVE-2021-36069,0.13999492772001015,0.00011365407252554363,0.3775373420145538,0.00031895239891568315,7.8,HIGH
CVE-2021-36072,0.13999492772001015,0.00011365407252554363,0.3775373420145538,0.00031895239891568315,7.8,HIGH
CVE-2021-21065,0.13999492772001015,0.00011365407252554363,0.3775373420145538,0.00031895239891568315,7.8,HIGH
CVE-2021-36073,0.13999492772001015,0.00011365407252554363,0.3775373420145538,0.00031895239891568315,7.8,HIGH
CVE-2021-42729,0.13999492772001015,0.00011365407252554363,0.3775373420145538,0.00031895239891568315,7.8,HIGH
CVE-2021-33503,0.1440527517118945,0.00010508499945528095,0.4501655440118735,0.0003185914913571754,7.5,HIGH
CVE-2021-0675,0.06061374587877251,0.0005220565967976774,0.33637604504350793,0.00031835741873909875,7.8,HIGH
CVE-2021-34840,0.14050215571899569,8.712441992153608e-05,0.3776096533231182,0.00031828215330408565,7.8,HIGH
CVE-2021-34846,0.14050215571899569,8.712441992153608e-05,0.3776096533231182,0.00031828215330408565,7.8,HIGH
CVE-2021-34852,0.14050215571899569,8.712441992153608e-05,0.3776096533231182,0.00031828215330408565,7.8,HIGH
CVE-2021-34843,0.14050215571899569,8.712441992153608e-05,0.3776096533231182,0.00031828215330408565,7.8,HIGH
CVE-2021-34832,0.14050215571899569,8.712441992153608e-05,0.3776096533231182,0.00031828215330408565,7.8,HIGH
CVE-2021-34845,0.14050215571899569,8.712441992153608e-05,0.3776096533231182,0.00031828215330408565,7.8,HIGH
CVE-2021-34850,0.14050215571899569,8.712441992153608e-05,0.3776096533231182,0.00031828215330408565,7.8,HIGH
CVE-2021-34841,0.14050215571899569,8.712441992153608e-05,0.3776096533231182,0.00031828215330408565,7.8,HIGH
CVE-2021-34847,0.14050215571899569,8.712441992153608e-05,0.3776096533231182,0.00031828215330408565,7.8,HIGH
CVE-2021-34842,0.14050215571899569,8.712441992153608e-05,0.3776096533231182,0.00031828215330408565,7.8,HIGH
CVE-2021-34848,0.14050215571899569,8.712441992153608e-05,0.3776096533231182,0.00031828215330408565,7.8,HIGH
CVE-2021-34834,0.14050215571899569,8.712441992153608e-05,0.3776096533231182,0.00031828215330408565,7.8,HIGH
CVE-2021-34853,0.14050215571899569,8.712441992153608e-05,0.3776096533231182,0.00031828215330408565,7.8,HIGH
CVE-2021-34849,0.14050215571899569,8.712441992153608e-05,0.3776096533231182,0.00031828215330408565,7.8,HIGH
CVE-2021-34838,0.14050215571899569,8.712441992153608e-05,0.3776096533231182,0.00031828215330408565,7.8,HIGH
CVE-2021-34844,0.14050215571899569,8.712441992153608e-05,0.3776096533231182,0.00031828215330408565,7.8,HIGH
CVE-2021-34833,0.14050215571899569,8.712441992153608e-05,0.3776096533231182,0.00031828215330408565,7.8,HIGH
CVE-2021-34835,0.14050215571899569,8.712441992153608e-05,0.3776096533231182,0.00031828215330408565,7.8,HIGH
CVE-2021-34851,0.14050215571899569,8.712441992153608e-05,0.3776096533231182,0.00031828215330408565,7.8,HIGH
CVE-2021-34836,0.14050215571899569,8.712441992153608e-05,0.3776096533231182,0.00031828215330408565,7.8,HIGH
CVE-2021-34837,0.14050215571899569,8.712441992153608e-05,0.3776096533231182,0.00031828215330408565,7.8,HIGH
CVE-2021-34831,0.14050215571899569,8.712441992153608e-05,0.3776096533231182,0.00031828215330408565,7.8,HIGH
CVE-2021-34839,0.14050215571899569,8.712441992153608e-05,0.3776096533231182,0.00031828215330408565,7.8,HIGH
CVE-2021-4156,0.1422774537154451,4.555299782583738e-05,0.42673160173160174,0.0003176097926902999,7.1,HIGH
CVE-2021-42260,0.1422774537154451,4.555299782583738e-05,0.42673160173160174,0.0003176097926902999,7.5,HIGH
CVE-2021-26910,0.1422774537154451,4.555299782583738e-05,0.42673160173160174,0.0003176097926902999,7.8,HIGH
CVE-2021-37706,0.1422774537154451,4.555299782583738e-05,0.42673160173160174,0.0003176097926902999,7.3,HIGH
CVE-2021-43301,0.1422774537154451,4.555299782583738e-05,0.42673160173160174,0.0003176097926902999,9.8,CRITICAL
CVE-2021-43804,0.1422774537154451,4.555299782583738e-05,0.42673160173160174,0.0003176097926902999,7.3,HIGH
CVE-2021-26720,0.1422774537154451,4.555299782583738e-05,0.42673160173160174,0.0003176097926902999,7.8,HIGH
CVE-2021-27212,0.1422774537154451,4.555299782583738e-05,0.42673160173160174,0.0003176097926902999,7.5,HIGH
CVE-2021-28089,0.09890945980218108,0.0020263398458459,0.41175856307435255,0.00031739832642420655,7.5,HIGH
CVE-2021-27921,0.14253106771493787,0.00019419381638951472,0.44924233792867724,0.00031715962878444006,7.5,HIGH
CVE-2021-27923,0.14253106771493787,0.00019419381638951472,0.44924233792867724,0.00031715962878444006,7.5,HIGH
CVE-2021-27922,0.14253106771493787,0.00019419381638951472,0.44924233792867724,0.00031715962878444,7.5,HIGH
CVE-2021-4182,0.14253106771493787,0.00010648215352585934,0.4491399931655086,0.0003171189014762054,7.5,HIGH
CVE-2021-23169,0.14151661171696678,0.00028315614423741586,0.44903769502334584,0.0003167680674327745,8.8,HIGH
CVE-2021-20231,0.12985036774029926,0.0003494875728902946,0.4463436721756849,0.00031668966673618746,9.8,CRITICAL
CVE-2021-23437,0.14177022571645956,0.0001934086292593545,0.4490888382687927,0.0003157630378570821,7.5,HIGH
CVE-2021-0610,0.060106517879786964,0.0004974836327070684,0.33574591280653954,0.0003155793457732604,7.8,HIGH
CVE-2021-0612,0.060106517879786964,0.0004974836327070684,0.33574591280653954,0.0003155793457732604,7.8,HIGH
CVE-2021-0611,0.060106517879786964,0.0004974836327070684,0.33574591280653954,0.0003155793457732604,7.8,HIGH
CVE-2021-28966,0.1402485417195029,0.0002545517124443728,0.3813346228239845,0.000314562533900015,7.5,HIGH
CVE-2021-34959,0.13974131372051737,2.147739743307004e-05,0.377501196744854,0.0003131238940136914,7.8,HIGH
CVE-2021-34962,0.13974131372051737,2.147739743307004e-05,0.377501196744854,0.0003131238940136914,7.8,HIGH
CVE-2021-34960,0.13974131372051737,2.147739743307004e-05,0.377501196744854,0.0003131238940136914,7.8,HIGH
CVE-2021-34968,0.13974131372051737,2.147739743307004e-05,0.377501196744854,0.0003131238940136914,7.8,HIGH
CVE-2021-41784,0.13974131372051737,2.147739743307004e-05,0.377501196744854,0.0003131238940136914,7.8,HIGH
CVE-2021-41785,0.13974131372051737,2.147739743307004e-05,0.377501196744854,0.0003131238940136914,7.8,HIGH
CVE-2021-41780,0.13974131372051737,2.147739743307004e-05,0.377501196744854,0.0003131238940136914,7.8,HIGH
CVE-2021-34954,0.13974131372051737,2.147739743307004e-05,0.377501196744854,0.0003131238940136914,7.8,HIGH
CVE-2021-34961,0.13974131372051737,2.147739743307004e-05,0.377501196744854,0.0003131238940136914,7.8,HIGH
CVE-2021-34963,0.13974131372051737,2.147739743307004e-05,0.377501196744854,0.0003131238940136914,7.8,HIGH
CVE-2021-34948,0.13974131372051737,2.147739743307004e-05,0.377501196744854,0.0003131238940136914,7.8,HIGH
CVE-2021-34964,0.13974131372051737,2.147739743307004e-05,0.377501196744854,0.0003131238940136914,7.8,HIGH
CVE-2021-34965,0.13974131372051737,2.147739743307004e-05,0.377501196744854,0.0003131238940136914,7.8,HIGH
CVE-2021-34953,0.13974131372051737,2.147739743307004e-05,0.377501196744854,0.0003131238940136914,7.8,HIGH
CVE-2021-34975,0.13974131372051737,2.147739743307004e-05,0.377501196744854,0.0003131238940136914,7.8,HIGH
CVE-2021-34966,0.13974131372051737,2.147739743307004e-05,0.377501196744854,0.0003131238940136914,7.8,HIGH
CVE-2021-41782,0.13974131372051737,2.147739743307004e-05,0.377501196744854,0.0003131238940136914,7.8,HIGH
CVE-2021-34974,0.13974131372051737,2.147739743307004e-05,0.377501196744854,0.0003131238940136914,7.8,HIGH
CVE-2021-34967,0.13974131372051737,2.147739743307004e-05,0.377501196744854,0.0003131238940136914,7.8,HIGH
CVE-2021-34955,0.13974131372051737,2.147739743307004e-05,0.377501196744854,0.0003131238940136914,7.8,HIGH
CVE-2021-41783,0.13974131372051737,2.147739743307004e-05,0.377501196744854,0.0003131238940136914,7.8,HIGH
CVE-2021-34952,0.13974131372051737,2.147739743307004e-05,0.377501196744854,0.0003131238940136914,7.8,HIGH
CVE-2021-34971,0.13974131372051737,2.147739743307004e-05,0.377501196744854,0.0003131238940136914,7.8,HIGH
CVE-2021-34958,0.13974131372051737,2.147739743307004e-05,0.377501196744854,0.0003131238940136914,7.8,HIGH
CVE-2021-34957,0.13974131372051737,2.147739743307004e-05,0.377501196744854,0.0003131238940136914,7.8,HIGH
CVE-2021-41781,0.13974131372051737,2.147739743307004e-05,0.377501196744854,0.0003131238940136914,7.8,HIGH
CVE-2021-34956,0.13974131372051737,2.147739743307004e-05,0.377501196744854,0.0003131238940136914,7.8,HIGH
CVE-2021-34950,0.13974131372051737,2.147739743307004e-05,0.377501196744854,0.0003131238940136914,7.8,HIGH
CVE-2021-41057,0.13872685772254628,5.6722701667539525e-05,0.37742892696467883,0.0003125475511686352,7.1,HIGH
CVE-2021-36222,0.12274917575450164,0.0003022933734313557,0.4176022029231095,0.00031159884749746555,7.5,HIGH
CVE-2021-40755,0.13872685772254628,1.8884344640340474e-05,0.3773566848502249,0.00031094726461782267,7.8,HIGH
CVE-2021-28602,0.13872685772254628,1.8884344640340474e-05,0.3773566848502249,0.00031094726461782267,7.8,HIGH
CVE-2021-40757,0.13872685772254628,1.8884344640340474e-05,0.3773566848502249,0.00031094726461782267,7.8,HIGH
CVE-2021-28570,0.13872685772254628,1.8884344640340474e-05,0.3773566848502249,0.00031094726461782267,8.3,HIGH
CVE-2021-40754,0.13872685772254628,1.8884344640340474e-05,0.3773566848502249,0.00031094726461782267,7.8,HIGH
CVE-2021-28610,0.13872685772254628,1.8884344640340474e-05,0.3773566848502249,0.00031094726461782267,7.8,HIGH
CVE-2021-35996,0.13872685772254628,1.8884344640340474e-05,0.3773566848502249,0.00031094726461782267,7.8,HIGH
CVE-2021-28607,0.13872685772254628,1.8884344640340474e-05,0.3773566848502249,0.00031094726461782267,7.8,HIGH
CVE-2021-35994,0.13872685772254628,1.8884344640340474e-05,0.3773566848502249,0.00031094726461782267,7.8,HIGH
CVE-2021-36017,0.13872685772254628,1.8884344640340474e-05,0.3773566848502249,0.00031094726461782267,7.8,HIGH
CVE-2021-28586,0.13872685772254628,1.8884344640340474e-05,0.3773566848502249,0.00031094726461782267,7.8,HIGH
CVE-2021-28571,0.13872685772254628,1.8884344640340474e-05,0.3773566848502249,0.00031094726461782267,8.3,HIGH
CVE-2021-28605,0.13872685772254628,1.8884344640340474e-05,0.3773566848502249,0.00031094726461782267,7.8,HIGH
CVE-2021-40753,0.13872685772254628,1.8884344640340474e-05,0.3773566848502249,0.00031094726461782267,7.8,HIGH
CVE-2021-28603,0.13872685772254628,1.8884344640340474e-05,0.3773566848502249,0.00031094726461782267,7.8,HIGH
CVE-2021-28608,0.13872685772254628,1.8884344640340474e-05,0.3773566848502249,0.00031094726461782267,7.8,HIGH
CVE-2021-40758,0.13872685772254628,1.8884344640340474e-05,0.3773566848502249,0.00031094726461782267,7.8,HIGH
CVE-2021-40759,0.13872685772254628,1.8884344640340474e-05,0.3773566848502249,0.00031094726461782267,7.8,HIGH
CVE-2021-40751,0.13872685772254628,1.8884344640340474e-05,0.3773566848502249,0.00031094726461782267,7.8,HIGH
CVE-2021-40752,0.13872685772254628,1.8884344640340474e-05,0.3773566848502249,0.00031094726461782267,7.8,HIGH
CVE-2021-28604,0.13872685772254628,1.8884344640340474e-05,0.3773566848502249,0.00031094726461782267,7.8,HIGH
CVE-2021-40760,0.13872685772254628,1.8884344640340474e-05,0.3773566848502249,0.00031094726461782267,7.8,HIGH
CVE-2021-28606,0.13872685772254628,1.8884344640340474e-05,0.3773566848502249,0.00031094726461782267,7.8,HIGH
CVE-2021-34690,0.13872685772254628,1.7367838276499971e-06,0.3773566848502249,0.00031022533415758975,9.8,CRITICAL
CVE-2021-34692,0.13872685772254628,1.7367838276499971e-06,0.3773566848502249,0.00031022533415758975,7.8,HIGH
CVE-2021-3626,0.13872685772254628,1.0826388973610156e-06,0.3773566848502249,0.0003099356480959739,8.8,HIGH
CVE-2021-1051,0.13872685772254628,5.314313069657513e-06,0.38023143683702987,0.0003098708043994089,8.4,HIGH
CVE-2021-3571,0.1420238397159523,8.728043363603615e-05,0.4491399931655086,0.00030978013998705386,7.1,HIGH
CVE-2021-41816,0.1402485417195029,9.079728866722666e-05,0.4485779294653015,0.0003093398979149963,9.8,CRITICAL
CVE-2021-42723,0.1384732437230535,0.0,0.37732057416267945,0.00030929773353037407,7.8,HIGH
CVE-2021-26618,0.1384732437230535,0.0,0.37732057416267945,0.00030929773353037407,7.1,HIGH
CVE-2021-41022,0.1384732437230535,0.0,0.37732057416267945,0.00030929773353037407,7.8,HIGH
CVE-2021-39832,0.1384732437230535,0.0,0.37732057416267945,0.00030929773353037407,7.8,HIGH
CVE-2021-36000,0.1384732437230535,0.0,0.37732057416267945,0.00030929773353037407,7.8,HIGH
CVE-2021-43753,0.1384732437230535,0.0,0.37732057416267945,0.00030929773353037407,7.8,HIGH
CVE-2021-32461,0.1384732437230535,0.0,0.37732057416267945,0.00030929773353037407,7.8,HIGH
CVE-2021-1073,0.1384732437230535,0.0,0.37732057416267945,0.00030929773353037407,8.3,HIGH
CVE-2021-35999,0.1384732437230535,0.0,0.37732057416267945,0.00030929773353037407,7.8,HIGH
CVE-2021-28130,0.1384732437230535,0.0,0.37732057416267945,0.00030929773353037407,7.8,HIGH
CVE-2021-40826,0.1384732437230535,0.0,0.37732057416267945,0.00030929773353037407,7.8,HIGH
CVE-2021-32466,0.1384732437230535,0.0,0.37732057416267945,0.00030929773353037407,7.0,HIGH
CVE-2021-40827,0.1384732437230535,0.0,0.37732057416267945,0.00030929773353037407,7.8,HIGH
CVE-2021-43325,0.1384732437230535,0.0,0.37732057416267945,0.00030929773353037407,7.8,HIGH
CVE-2021-39829,0.1384732437230535,0.0,0.37732057416267945,0.00030929773353037407,7.8,HIGH
CVE-2021-33436,0.1384732437230535,0.0,0.37732057416267945,0.00030929773353037407,7.3,HIGH
CVE-2021-26612,0.1384732437230535,0.0,0.37732057416267945,0.00030929773353037407,8.1,HIGH
CVE-2021-43023,0.1384732437230535,0.0,0.37732057416267945,0.00030929773353037407,7.8,HIGH
CVE-2021-28927,0.1384732437230535,0.0,0.37732057416267945,0.00030929773353037407,7.8,HIGH
CVE-2021-27892,0.1384732437230535,0.0,0.37732057416267945,0.00030929773353037407,7.8,HIGH
CVE-2021-21011,0.1384732437230535,0.0,0.37732057416267945,0.00030929773353037407,7.0,HIGH
CVE-2021-26622,0.1384732437230535,0.0,0.37732057416267945,0.00030929773353037407,9.6,CRITICAL
CVE-2021-38086,0.1384732437230535,0.0,0.37732057416267945,0.00030929773353037407,7.8,HIGH
CVE-2021-38088,0.1384732437230535,0.0,0.37732057416267945,0.00030929773353037407,7.8,HIGH
CVE-2021-30359,0.1384732437230535,0.0,0.37732057416267945,0.00030929773353037407,7.8,HIGH
CVE-2021-28592,0.1384732437230535,0.0,0.37732057416267945,0.00030929773353037407,7.8,HIGH
CVE-2021-20532,0.1384732437230535,0.0,0.37732057416267945,0.00030929773353037407,7.8,HIGH
CVE-2021-27891,0.1384732437230535,0.0,0.37732057416267945,0.00030929773353037407,8.8,HIGH
CVE-2021-42923,0.1384732437230535,0.0,0.37732057416267945,0.00030929773353037407,7.3,HIGH
CVE-2021-21101,0.1384732437230535,0.0,0.37732057416267945,0.00030929773353037407,8.8,HIGH
CVE-2021-40770,0.1384732437230535,0.0,0.37732057416267945,0.00030929773353037407,7.8,HIGH
CVE-2021-26608,0.1384732437230535,0.0,0.37732057416267945,0.00030929773353037407,8.8,HIGH
CVE-2021-28581,0.1384732437230535,0.0,0.37732057416267945,0.00030929773353037407,7.3,HIGH
CVE-2021-26623,0.1384732437230535,0.0,0.37732057416267945,0.00030929773353037407,7.8,HIGH
CVE-2021-28954,0.1384732437230535,0.0,0.37732057416267945,0.00030929773353037407,7.8,HIGH
CVE-2021-32460,0.1384732437230535,0.0,0.37732057416267945,0.00030929773353037407,7.8,HIGH
CVE-2021-43011,0.1384732437230535,0.0,0.37732057416267945,0.00030929773353037407,7.8,HIGH
CVE-2021-42993,0.1384732437230535,0.0,0.37732057416267945,0.00030929773353037407,8.8,HIGH
CVE-2021-40715,0.1384732437230535,0.0,0.37732057416267945,0.00030929773353037407,7.8,HIGH
CVE-2021-40784,0.1384732437230535,0.0,0.37732057416267945,0.00030929773353037407,7.8,HIGH
CVE-2021-26644,0.1384732437230535,0.0,0.37732057416267945,0.00030929773353037407,8.8,HIGH
CVE-2021-28826,0.1384732437230535,0.0,0.37732057416267945,0.00030929773353037407,8.8,HIGH
CVE-2021-37595,0.1384732437230535,0.0,0.37732057416267945,0.00030929773353037407,9.8,CRITICAL
CVE-2021-43022,0.1384732437230535,0.0,0.37732057416267945,0.00030929773353037407,7.8,HIGH
CVE-2021-43024,0.1384732437230535,0.0,0.37732057416267945,0.00030929773353037407,7.8,HIGH
CVE-2021-43012,0.1384732437230535,0.0,0.37732057416267945,0.00030929773353037407,7.8,HIGH
CVE-2021-26610,0.1384732437230535,0.0,0.37732057416267945,0.00030929773353037407,7.2,HIGH
CVE-2021-29221,0.1384732437230535,0.0,0.37732057416267945,0.00030929773353037407,7.0,HIGH
CVE-2021-25261,0.1384732437230535,0.0,0.37732057416267945,0.00030929773353037407,7.8,HIGH
CVE-2021-36015,0.1384732437230535,0.0,0.37732057416267945,0.00030929773353037407,7.8,HIGH
CVE-2021-28591,0.1384732437230535,0.0,0.37732057416267945,0.00030929773353037407,7.8,HIGH
CVE-2021-43326,0.1384732437230535,0.0,0.37732057416267945,0.00030929773353037407,7.8,HIGH
CVE-2021-21056,0.1384732437230535,0.0,0.37732057416267945,0.00030929773353037407,7.8,HIGH
CVE-2021-26629,0.1384732437230535,0.0,0.37732057416267945,0.00030929773353037407,8.8,HIGH
CVE-2021-40783,0.1384732437230535,0.0,0.37732057416267945,0.00030929773353037407,7.8,HIGH
CVE-2021-26605,0.1384732437230535,0.0,0.37732057416267945,0.00030929773353037407,7.5,HIGH
CVE-2021-40683,0.1384732437230535,0.0,0.37732057416267945,0.00030929773353037407,7.8,HIGH
CVE-2021-30490,0.1384732437230535,0.0,0.37732057416267945,0.00030929773353037407,7.8,HIGH
CVE-2021-42714,0.1384732437230535,0.0,0.37732057416267945,0.00030929773353037407,7.8,HIGH
CVE-2021-43747,0.1384732437230535,0.0,0.37732057416267945,0.00030929773353037407,7.8,HIGH
CVE-2021-40771,0.1384732437230535,0.0,0.37732057416267945,0.00030929773353037407,7.8,HIGH
CVE-2021-35053,0.1384732437230535,0.0,0.37732057416267945,0.00030929773353037407,7.5,HIGH
CVE-2021-28649,0.1384732437230535,0.0,0.37732057416267945,0.00030929773353037407,7.3,HIGH
CVE-2021-42990,0.1384732437230535,0.0,0.37732057416267945,0.00030929773353037407,8.8,HIGH
CVE-2021-21053,0.1384732437230535,0.0,0.37732057416267945,0.00030929773353037407,7.8,HIGH
CVE-2021-44023,0.1384732437230535,0.0,0.37732057416267945,0.00030929773353037407,7.1,HIGH
CVE-2021-36744,0.1384732437230535,0.0,0.37732057416267945,0.00030929773353037407,7.8,HIGH
CVE-2021-25265,0.1384732437230535,0.0,0.37732057416267945,0.00030929773353037407,8.8,HIGH
CVE-2021-31470,0.1384732437230535,0.0,0.37732057416267945,0.00030929773353037407,7.8,HIGH
CVE-2021-28822,0.1384732437230535,0.0,0.37732057416267945,0.00030929773353037407,8.8,HIGH
CVE-2021-44198,0.1384732437230535,0.0,0.37732057416267945,0.00030929773353037407,7.8,HIGH
CVE-2021-42737,0.1384732437230535,0.0,0.37732057416267945,0.00030929773353037407,7.8,HIGH
CVE-2021-21104,0.1384732437230535,0.0,0.37732057416267945,0.00030929773353037407,8.8,HIGH
CVE-2021-31776,0.1384732437230535,0.0,0.37732057416267945,0.00030929773353037407,7.8,HIGH
CVE-2021-44466,0.1384732437230535,0.0,0.37732057416267945,0.00030929773353037407,7.3,HIGH
CVE-2021-31434,0.1384732437230535,0.0,0.37732057416267945,0.00030929773353037407,7.8,HIGH
CVE-2021-43025,0.1384732437230535,0.0,0.37732057416267945,0.00030929773353037407,7.8,HIGH
CVE-2021-42726,0.1384732437230535,0.0,0.37732057416267945,0.00030929773353037407,7.8,HIGH
CVE-2021-3042,0.1384732437230535,0.0,0.37732057416267945,0.00030929773353037407,7.8,HIGH
CVE-2021-26606,0.1384732437230535,0.0,0.37732057416267945,0.00030929773353037407,9.8,CRITICAL
CVE-2021-36958,0.1384732437230535,0.0,0.37732057416267945,0.00030929773353037407,7.8,HIGH
CVE-2021-39830,0.1384732437230535,0.0,0.37732057416267945,0.00030929773353037407,7.8,HIGH
CVE-2021-28818,0.1384732437230535,0.0,0.37732057416267945,0.00030929773353037407,8.8,HIGH
CVE-2021-36009,0.1384732437230535,0.0,0.37732057416267945,0.00030929773353037407,7.8,HIGH
CVE-2021-31437,0.1384732437230535,0.0,0.37732057416267945,0.00030929773353037407,7.8,HIGH
CVE-2021-44226,0.1384732437230535,0.0,0.37732057416267945,0.00030929773353037407,7.3,HIGH
CVE-2021-21102,0.1384732437230535,0.0,0.37732057416267945,0.00030929773353037407,8.8,HIGH
CVE-2021-31436,0.1384732437230535,0.0,0.37732057416267945,0.00030929773353037407,7.8,HIGH
CVE-2021-35448,0.1384732437230535,0.0,0.37732057416267945,0.00030929773353037407,7.8,HIGH
CVE-2021-42721,0.1384732437230535,0.0,0.37732057416267945,0.00030929773353037407,7.8,HIGH
CVE-2021-31466,0.1384732437230535,0.0,0.37732057416267945,0.00030929773353037407,7.8,HIGH
CVE-2021-28596,0.1384732437230535,0.0,0.37732057416267945,0.00030929773353037407,7.8,HIGH
CVE-2021-22117,0.1384732437230535,0.0,0.37732057416267945,0.00030929773353037407,7.8,HIGH
CVE-2021-26613,0.1384732437230535,0.0,0.37732057416267945,0.00030929773353037407,8.1,HIGH
CVE-2021-31519,0.1384732437230535,0.0,0.37732057416267945,0.00030929773353037407,7.3,HIGH
CVE-2021-37594,0.1384732437230535,0.0,0.37732057416267945,0.00030929773353037407,9.8,CRITICAL
CVE-2021-31468,0.1384732437230535,0.0,0.37732057416267945,0.00030929773353037407,7.8,HIGH
CVE-2021-26626,0.1384732437230535,0.0,0.37732057416267945,0.00030929773353037407,8.1,HIGH
CVE-2021-23175,0.1384732437230535,0.0,0.37732057416267945,0.00030929773353037407,8.2,HIGH
CVE-2021-28821,0.1384732437230535,0.0,0.37732057416267945,0.00030929773353037407,8.8,HIGH
CVE-2021-43028,0.1384732437230535,0.0,0.37732057416267945,0.00030929773353037407,7.8,HIGH
CVE-2021-36376,0.1384732437230535,0.0,0.37732057416267945,0.00030929773353037407,7.8,HIGH
CVE-2021-31438,0.1384732437230535,0.0,0.37732057416267945,0.00030929773353037407,7.8,HIGH
CVE-2021-3606,0.1384732437230535,0.0,0.37732057416267945,0.00030929773353037407,7.8,HIGH
CVE-2021-26642,0.1384732437230535,0.0,0.37732057416267945,0.00030929773353037407,8.8,HIGH
CVE-2021-28817,0.1384732437230535,0.0,0.37732057416267945,0.00030929773353037407,8.8,HIGH
CVE-2021-21098,0.1384732437230535,0.0,0.37732057416267945,0.00030929773353037407,8.8,HIGH
CVE-2021-42563,0.1384732437230535,0.0,0.37732057416267945,0.00030929773353037407,7.8,HIGH
CVE-2021-3041,0.1384732437230535,0.0,0.37732057416267945,0.00030929773353037407,7.8,HIGH
CVE-2021-28825,0.1384732437230535,0.0,0.37732057416267945,0.00030929773353037407,8.8,HIGH
CVE-2021-43029,0.1384732437230535,0.0,0.37732057416267945,0.00030929773353037407,7.8,HIGH
CVE-2021-26630,0.1384732437230535,0.0,0.37732057416267945,0.00030929773353037407,7.8,HIGH
CVE-2021-40772,0.1384732437230535,0.0,0.37732057416267945,0.00030929773353037407,7.8,HIGH
CVE-2021-42738,0.1384732437230535,0.0,0.37732057416267945,0.00030929773353037407,7.8,HIGH
CVE-2021-26619,0.1384732437230535,0.0,0.37732057416267945,0.00030929773353037407,7.1,HIGH
CVE-2021-31433,0.1384732437230535,0.0,0.37732057416267945,0.00030929773353037407,7.8,HIGH
CVE-2021-27893,0.1384732437230535,0.0,0.37732057416267945,0.00030929773353037407,7.0,HIGH
CVE-2021-26617,0.1384732437230535,0.0,0.37732057416267945,0.00030929773353037407,8.1,HIGH
CVE-2021-31465,0.1384732437230535,0.0,0.37732057416267945,0.00030929773353037407,7.8,HIGH
CVE-2021-36134,0.1384732437230535,0.0,0.37732057416267945,0.00030929773353037407,7.4,HIGH
CVE-2021-42956,0.1384732437230535,0.0,0.37732057416267945,0.00030929773353037407,7.8,HIGH
CVE-2021-0061,0.1384732437230535,0.0,0.37732057416267945,0.00030929773353037407,7.8,HIGH
CVE-2021-42713,0.1384732437230535,0.0,0.37732057416267945,0.00030929773353037407,7.8,HIGH
CVE-2021-32462,0.1384732437230535,0.0,0.37732057416267945,0.00030929773353037407,8.8,HIGH
CVE-2021-40710,0.1384732437230535,0.0,0.37732057416267945,0.00030929773353037407,7.8,HIGH
CVE-2021-39831,0.1384732437230535,0.0,0.37732057416267945,0.00030929773353037407,7.8,HIGH
CVE-2021-31435,0.1384732437230535,0.0,0.37732057416267945,0.00030929773353037407,7.8,HIGH
CVE-2021-36004,0.1384732437230535,0.0,0.37732057416267945,0.00030929773353037407,8.8,HIGH
CVE-2021-43021,0.1384732437230535,0.0,0.37732057416267945,0.00030929773353037407,7.8,HIGH
CVE-2021-21010,0.1384732437230535,0.0,0.37732057416267945,0.00030929773353037407,7.0,HIGH
CVE-2021-35997,0.1384732437230535,0.0,0.37732057416267945,0.00030929773353037407,7.8,HIGH
CVE-2021-25247,0.1384732437230535,0.0,0.37732057416267945,0.00030929773353037407,7.8,HIGH
CVE-2021-26625,0.1384732437230535,0.0,0.37732057416267945,0.00030929773353037407,8.8,HIGH
CVE-2021-27194,0.1384732437230535,0.0,0.37732057416267945,0.00030929773353037407,8.8,HIGH
CVE-2021-21007,0.1384732437230535,0.0,0.37732057416267945,0.00030929773353037407,7.0,HIGH
CVE-2021-43026,0.1384732437230535,0.0,0.37732057416267945,0.00030929773353037407,7.8,HIGH
CVE-2021-27193,0.1384732437230535,0.0,0.37732057416267945,0.00030929773353037407,9.8,CRITICAL
CVE-2021-21090,0.1384732437230535,0.0,0.37732057416267945,0.00030929773353037407,8.8,HIGH
CVE-2021-29644,0.1384732437230535,0.0,0.37732057416267945,0.00030929773353037407,8.1,HIGH
CVE-2021-27192,0.1384732437230535,0.0,0.37732057416267945,0.00030929773353037407,7.8,HIGH
CVE-2021-21105,0.1384732437230535,0.0,0.37732057416267945,0.00030929773353037407,8.8,HIGH
CVE-2021-36070,0.1384732437230535,0.0,0.37732057416267945,0.00030929773353037407,7.8,HIGH
CVE-2021-40775,0.1384732437230535,0.0,0.37732057416267945,0.00030929773353037407,7.8,HIGH
CVE-2021-26607,0.1384732437230535,0.0,0.37732057416267945,0.00030929773353037407,8.1,HIGH
CVE-2021-36011,0.1384732437230535,0.0,0.37732057416267945,0.00030929773353037407,8.3,HIGH
CVE-2021-25251,0.1384732437230535,0.0,0.37732057416267945,0.00030929773353037407,7.2,HIGH
CVE-2021-29645,0.1384732437230535,0.0,0.37732057416267945,0.00030929773353037407,7.0,HIGH
CVE-2021-3013,0.1384732437230535,0.0,0.37732057416267945,0.00030929773353037407,9.8,CRITICAL
CVE-2021-31472,0.1384732437230535,0.0,0.37732057416267945,0.00030929773353037407,7.8,HIGH
CVE-2021-0062,0.1384732437230535,0.0,0.37732057416267945,0.00030929773353037407,7.8,HIGH
CVE-2021-34767,0.005833121988333756,0.0004725033362501772,0.2684138869979578,0.0003077367193055095,7.4,HIGH
CVE-2021-39920,0.1402485417195029,4.859531334091948e-05,0.4485779294653015,0.0003075011695647453,7.5,HIGH
CVE-2021-4190,0.1402485417195029,4.859531334091948e-05,0.4485779294653015,0.0003075011695647453,7.5,HIGH
CVE-2021-45960,0.12883591174232817,0.00015528302641528222,0.4191559476985224,0.0003069785891233837,8.8,HIGH
CVE-2021-20718,0.14151661171696678,1.560781740252084e-05,0.4490888382687927,0.0003068134003132689,7.5,HIGH
CVE-2021-43816,0.1394876997210246,4.749695489259203e-05,0.44842488343000114,0.0003060562092967959,8.0,HIGH
CVE-2021-3756,0.1394876997210246,4.749695489259203e-05,0.44842488343000114,0.0003060562092967959,9.8,CRITICAL
CVE-2021-41281,0.1394876997210246,4.749695489259203e-05,0.44842488343000114,0.0003060562092967959,7.5,HIGH
CVE-2021-44847,0.1394876997210246,4.749695489259203e-05,0.44842488343000114,0.0003060562092967959,9.8,CRITICAL
CVE-2021-34363,0.1394876997210246,4.749695489259203e-05,0.44842488343000114,0.0003060562092967959,9.1,CRITICAL
CVE-2021-45290,0.1394876997210246,4.749695489259203e-05,0.44842488343000114,0.0003060562092967959,7.5,HIGH
CVE-2021-40839,0.1394876997210246,4.749695489259203e-05,0.44842488343000114,0.0003060562092967959,7.5,HIGH
CVE-2021-3968,0.1394876997210246,4.749695489259203e-05,0.44842488343000114,0.0003060562092967959,8.0,HIGH
CVE-2021-31800,0.14151661171696678,1.1258716849549494e-05,0.44903769502334584,0.0003059728832982413,9.8,CRITICAL
CVE-2021-30184,0.14151661171696678,1.1258716849549494e-05,0.44903769502334584,0.0003059728832982413,7.8,HIGH
CVE-2021-26813,0.14151661171696678,1.1258716849549494e-05,0.44903769502334584,0.0003059728832982413,7.5,HIGH
CVE-2021-29424,0.14151661171696678,1.1258716849549494e-05,0.44903769502334584,0.0003059728832982413,7.5,HIGH
CVE-2021-26926,0.14151661171696678,1.1258716849549494e-05,0.44903769502334584,0.0003059728832982413,7.1,HIGH
CVE-2021-3420,0.14151661171696678,1.1258716849549494e-05,0.44903769502334584,0.0003059728832982413,9.8,CRITICAL
CVE-2021-33113,0.060106517879786964,0.00296682122562992,0.26668921203922896,0.00030588460256112494,8.1,HIGH
CVE-2021-35942,0.12325640375348719,0.0003828174691244411,0.41871084209408516,0.00030530581056341204,9.1,CRITICAL
CVE-2021-20240,0.14100938371798122,1.15868191175642e-05,0.4489354434703404,0.00030506794558893594,8.8,HIGH
CVE-2021-34055,0.12122749175754502,0.0005132379203620127,0.4164114478825642,0.0003046798306062078,7.8,HIGH
CVE-2021-34555,0.14075576971848847,1.0976770028284332e-05,0.44888433515482695,0.00030457636247419024,7.5,HIGH
CVE-2021-32642,0.14075576971848847,1.0976770028284332e-05,0.44888433515482695,0.00030457636247419024,7.0,HIGH
CVE-2021-42386,0.14075576971848847,1.0976770028284332e-05,0.44888433515482695,0.00030457636247419024,7.2,HIGH
CVE-2021-42381,0.14075576971848847,1.0976770028284332e-05,0.44888433515482695,0.00030457636247419024,7.2,HIGH
CVE-2021-36386,0.14075576971848847,1.0976770028284332e-05,0.44888433515482695,0.00030457636247419024,7.5,HIGH
CVE-2021-3603,0.14075576971848847,1.0976770028284332e-05,0.44888433515482695,0.00030457636247419024,8.1,HIGH
CVE-2021-32625,0.14075576971848847,1.0976770028284332e-05,0.44888433515482695,0.00030457636247419024,7.5,HIGH
CVE-2021-42384,0.14075576971848847,1.0976770028284332e-05,0.44888433515482695,0.00030457636247419024,7.2,HIGH
CVE-2021-3402,0.14075576971848847,1.0976770028284332e-05,0.44888433515482695,0.00030457636247419024,9.1,CRITICAL
CVE-2021-42382,0.14075576971848847,1.0976770028284332e-05,0.44888433515482695,0.00030457636247419024,7.2,HIGH
CVE-2021-42385,0.14075576971848847,1.0976770028284332e-05,0.44888433515482695,0.00030457636247419024,7.2,HIGH
CVE-2021-29157,0.14075576971848847,1.0976770028284332e-05,0.44888433515482695,0.00030457636247419024,7.5,HIGH
CVE-2021-30465,0.14075576971848847,1.0976770028284332e-05,0.44888433515482695,0.00030457636247419024,8.5,HIGH
CVE-2021-29477,0.14075576971848847,1.0976770028284332e-05,0.44888433515482695,0.00030457636247419024,7.5,HIGH
CVE-2021-3480,0.14075576971848847,1.0976770028284332e-05,0.44888433515482695,0.00030457636247419024,7.5,HIGH
CVE-2021-42378,0.14075576971848847,1.0976770028284332e-05,0.44888433515482695,0.00030457636247419024,7.2,HIGH
CVE-2021-34825,0.14075576971848847,1.0976770028284332e-05,0.44888433515482695,0.00030457636247419024,7.5,HIGH
CVE-2021-42379,0.14075576971848847,1.0976770028284332e-05,0.44888433515482695,0.00030457636247419024,7.2,HIGH
CVE-2021-32740,0.14075576971848847,1.0976770028284332e-05,0.44888433515482695,0.00030457636247419024,7.5,HIGH
CVE-2021-32708,0.14075576971848847,1.0976770028284332e-05,0.44888433515482695,0.00030457636247419024,9.8,CRITICAL
CVE-2021-42380,0.14075576971848847,1.0976770028284332e-05,0.44888433515482695,0.00030457636247419024,7.2,HIGH
CVE-2021-36770,0.14075576971848847,1.0976770028284332e-05,0.44888433515482695,0.00030457636247419024,7.8,HIGH
CVE-2021-42383,0.14075576971848847,1.0976770028284332e-05,0.44888433515482695,0.00030457636247419024,7.2,HIGH
CVE-2021-29478,0.14075576971848847,1.0976770028284332e-05,0.44888433515482695,0.00030457636247419024,7.5,HIGH
CVE-2021-32838,0.14075576971848847,1.0976770028284332e-05,0.44888433515482695,0.00030457636247419024,7.5,HIGH
CVE-2021-22940,0.1204666497590667,0.00026703550349412394,0.41733700254022016,0.0003041160107064686,7.5,HIGH
CVE-2021-1451,0.03220897793558204,0.011318268910481707,0.3620420530713433,0.0003036441750422361,8.1,HIGH
CVE-2021-1714,0.015216839969566319,0.00014694044686269233,0.21407242521309516,0.00030361070524640473,7.8,HIGH
CVE-2021-21841,0.12503170174993658,0.00037502303771781167,0.41707213877723714,0.0002981296083170464,8.8,HIGH
CVE-2021-21842,0.12503170174993658,0.00037502303771781167,0.41707213877723714,0.0002981296083170464,8.8,HIGH
CVE-2021-21857,0.12503170174993658,0.00037502303771781167,0.41707213877723714,0.0002981296083170464,8.8,HIGH
CVE-2021-21836,0.12503170174993658,0.00037502303771781167,0.41707213877723714,0.0002981296083170464,8.8,HIGH
CVE-2021-21845,0.12503170174993658,0.00037502303771781167,0.41707213877723714,0.0002981296083170464,8.8,HIGH
CVE-2021-21840,0.12503170174993658,0.00037502303771781167,0.41707213877723714,0.0002981296083170464,8.8,HIGH
CVE-2021-21854,0.12503170174993658,0.00037502303771781167,0.41707213877723714,0.0002981296083170464,8.8,HIGH
CVE-2021-21849,0.12503170174993658,0.00037502303771781167,0.41707213877723714,0.0002981296083170464,8.8,HIGH
CVE-2021-21834,0.12503170174993658,0.00037502303771781167,0.41707213877723714,0.0002981296083170464,8.8,HIGH
CVE-2021-21855,0.12503170174993658,0.00037502303771781167,0.41707213877723714,0.0002981296083170464,8.8,HIGH
CVE-2021-21853,0.12503170174993658,0.00037502303771781167,0.41707213877723714,0.0002981296083170464,8.8,HIGH
CVE-2021-21843,0.12503170174993658,0.00037502303771781167,0.41707213877723714,0.0002981296083170464,8.8,HIGH
CVE-2021-21839,0.12503170174993658,0.00037502303771781167,0.41707213877723714,0.0002981296083170464,8.8,HIGH
CVE-2021-21844,0.12503170174993658,0.00037502303771781167,0.41707213877723714,0.0002981296083170464,8.8,HIGH
CVE-2021-21858,0.12503170174993658,0.00037502303771781167,0.41707213877723714,0.0002981296083170464,8.8,HIGH
CVE-2021-21848,0.12503170174993658,0.00037502303771781167,0.41707213877723714,0.0002981296083170464,8.8,HIGH
CVE-2021-21847,0.12503170174993658,0.00037502303771781167,0.41707213877723714,0.0002981296083170464,8.8,HIGH
CVE-2021-21838,0.12503170174993658,0.00037502303771781167,0.41707213877723714,0.0002981296083170464,8.8,HIGH
CVE-2021-21846,0.12503170174993658,0.00037502303771781167,0.41707213877723714,0.0002981296083170464,8.8,HIGH
CVE-2021-3610,0.12477808775044381,0.000710812569584258,0.44478285391990974,0.00029767000375377316,7.5,HIGH
CVE-2021-4213,0.1303575957392848,8.929028370286573e-05,0.4187553101104503,0.0002975554286023094,7.5,HIGH
CVE-2021-1680,0.09561247780877505,0.046680619670793,0.3514886789088964,0.0002946828341986232,7.8,HIGH
CVE-2021-3935,0.12604615774790767,9.081511833411446e-05,0.42247937426336657,0.00029459091024974213,8.1,HIGH
CVE-2021-3657,0.12604615774790767,9.081511833411446e-05,0.42247937426336657,0.00029459091024974213,9.8,CRITICAL
CVE-2021-21897,0.12300278975399442,0.00016289591152773364,0.42144078666096624,0.00029404670167374836,8.8,HIGH
CVE-2021-37701,0.12427085975145828,0.00015180625179494168,0.4169839255499154,0.0002936774098823492,8.2,HIGH
CVE-2021-33813,0.12198833375602333,0.0002106966385683643,0.42148583645109566,0.0002930721059159701,7.5,HIGH
CVE-2021-34770,0.005579507988840984,0.00043593930313986444,0.26839561636376014,0.0002927324408472475,10.0,CRITICAL
CVE-2021-1651,0.09459802181080396,0.042874589134559445,0.35101931808065523,0.0002915927592504332,7.8,HIGH
CVE-2021-3406,0.11691605376616789,0.0005069707839759161,0.4422882781828379,0.00029149822276062983,9.8,CRITICAL
CVE-2021-22222,0.12731422774537154,6.171366198300546e-05,0.4176906779661017,0.00029135195743164847,7.5,HIGH
CVE-2021-28322,0.09383717981232564,0.04220512565913752,0.35092559629761483,0.00028968927332566113,7.8,HIGH
CVE-2021-28313,0.09383717981232564,0.04220512565913752,0.35092559629761483,0.00028968927332566113,7.8,HIGH
CVE-2021-28321,0.09383717981232564,0.04220512565913752,0.35092559629761483,0.00028968927332566113,7.8,HIGH
CVE-2021-40442,0.014455997971088003,0.0001453948708254,0.21403756378243405,0.00028872223362701215,7.8,HIGH
CVE-2021-3907,0.12122749175754502,0.00034007920322662343,0.4164114478825642,0.0002885484571133091,7.4,HIGH
CVE-2021-39201,0.12122749175754502,0.00023424688522316497,0.4164114478825642,0.0002885173429708088,7.6,HIGH
CVE-2021-40485,0.014455997971088003,0.00012890624997294824,0.21403756378243405,0.0002884386085893875,7.8,HIGH
CVE-2021-27054,0.014455997971088003,0.00014286096162896675,0.21403756378243405,0.0002884181772402727,7.8,HIGH
CVE-2021-27057,0.014455997971088003,0.00014286096162896675,0.21403756378243405,0.00028841817724027267,7.8,HIGH
CVE-2021-20228,0.11209738777580522,0.0005125665284463129,0.4144418751313853,0.0002863810630708001,7.5,HIGH
CVE-2021-3621,0.12629977174740045,0.00010401066492276485,0.44508409527034654,0.0002852527208242022,8.8,HIGH
CVE-2021-0516,0.059345675881308645,4.273137954502736e-06,0.3362326255649356,0.00028517217268402603,9.8,CRITICAL
CVE-2021-0506,0.059345675881308645,4.273137954502736e-06,0.3362326255649356,0.00028517217268402603,7.3,HIGH
CVE-2021-0330,0.059345675881308645,4.273137954502736e-06,0.3362326255649356,0.00028517217268402603,7.8,HIGH
CVE-2021-0331,0.059345675881308645,4.273137954502736e-06,0.3362326255649356,0.00028517217268402603,7.3,HIGH
CVE-2021-0591,0.059345675881308645,4.273137954502736e-06,0.3362326255649356,0.00028517217268402603,7.3,HIGH
CVE-2021-0351,0.059345675881308645,4.273137954502736e-06,0.3362326255649356,0.00028517217268402603,7.5,HIGH
CVE-2021-0481,0.059345675881308645,4.273137954502736e-06,0.3362326255649356,0.00028517217268402603,7.8,HIGH
CVE-2021-25386,0.059345675881308645,4.273137954502736e-06,0.3362326255649356,0.00028517217268402603,9.0,CRITICAL
CVE-2021-0306,0.059345675881308645,4.273137954502736e-06,0.3362326255649356,0.00028517217268402603,7.8,HIGH
CVE-2021-0640,0.059345675881308645,4.273137954502736e-06,0.3362326255649356,0.00028517217268402603,7.8,HIGH
CVE-2021-0391,0.059345675881308645,4.273137954502736e-06,0.3362326255649356,0.00028517217268402603,7.8,HIGH
CVE-2021-0646,0.059345675881308645,4.273137954502736e-06,0.3362326255649356,0.00028517217268402603,7.8,HIGH
CVE-2021-0334,0.059345675881308645,4.273137954502736e-06,0.3362326255649356,0.00028517217268402603,7.8,HIGH
CVE-2021-25408,0.059345675881308645,4.273137954502736e-06,0.3362326255649356,0.00028517217268402603,7.8,HIGH
CVE-2021-0333,0.059345675881308645,4.273137954502736e-06,0.3362326255649356,0.00028517217268402603,7.3,HIGH
CVE-2021-25385,0.059345675881308645,4.273137954502736e-06,0.3362326255649356,0.00028517217268402603,9.0,CRITICAL
CVE-2021-0509,0.059345675881308645,4.273137954502736e-06,0.3362326255649356,0.00028517217268402603,7.0,HIGH
CVE-2021-0327,0.059345675881308645,4.273137954502736e-06,0.3362326255649356,0.000285172172684026,7.8,HIGH
CVE-2021-0329,0.059345675881308645,4.273137954502736e-06,0.3362326255649356,0.000285172172684026,7.8,HIGH
CVE-2021-0435,0.059345675881308645,4.273137954502736e-06,0.3362326255649356,0.000285172172684026,7.5,HIGH
CVE-2021-0319,0.059345675881308645,4.273137954502736e-06,0.3362326255649356,0.000285172172684026,7.3,HIGH
CVE-2021-0472,0.059345675881308645,4.273137954502736e-06,0.3362326255649356,0.000285172172684026,7.8,HIGH
CVE-2021-0630,0.059345675881308645,4.273137954502736e-06,0.3362326255649356,0.000285172172684026,7.5,HIGH
CVE-2021-25479,0.059345675881308645,4.273137954502736e-06,0.3362326255649356,0.000285172172684026,7.2,HIGH
CVE-2021-25356,0.059345675881308645,4.273137954502736e-06,0.3362326255649356,0.000285172172684026,7.1,HIGH
CVE-2021-0393,0.059345675881308645,4.273137954502736e-06,0.3362326255649356,0.000285172172684026,7.8,HIGH
CVE-2021-0596,0.059345675881308645,4.273137954502736e-06,0.3362326255649356,0.000285172172684026,7.5,HIGH
CVE-2021-0519,0.059345675881308645,4.273137954502736e-06,0.3362326255649356,0.000285172172684026,7.8,HIGH
CVE-2021-0928,0.059345675881308645,4.273137954502736e-06,0.3362326255649356,0.000285172172684026,7.8,HIGH
CVE-2021-0341,0.059345675881308645,4.273137954502736e-06,0.3362326255649356,0.000285172172684026,7.5,HIGH
CVE-2021-0434,0.059345675881308645,4.273137954502736e-06,0.3362326255649356,0.000285172172684026,7.3,HIGH
CVE-2021-0315,0.059345675881308645,4.273137954502736e-06,0.3362326255649356,0.000285172172684026,7.3,HIGH
CVE-2021-0598,0.059345675881308645,4.273137954502736e-06,0.3362326255649356,0.000285172172684026,7.3,HIGH
CVE-2021-0513,0.059345675881308645,4.273137954502736e-06,0.3362326255649356,0.000285172172684026,7.8,HIGH
CVE-2021-0684,0.059345675881308645,4.273137954502736e-06,0.3362326255649356,0.000285172172684026,7.8,HIGH
CVE-2021-0392,0.059345675881308645,4.273137954502736e-06,0.3362326255649356,0.000285172172684026,7.8,HIGH
CVE-2021-0586,0.059345675881308645,4.273137954502736e-06,0.3362326255649356,0.000285172172684026,7.8,HIGH
CVE-2021-0652,0.059345675881308645,4.273137954502736e-06,0.3362326255649356,0.000285172172684026,7.8,HIGH
CVE-2021-25470,0.059345675881308645,4.273137954502736e-06,0.3362326255649356,0.000285172172684026,7.9,HIGH
CVE-2021-30162,0.059345675881308645,4.273137954502736e-06,0.3362326255649356,0.000285172172684026,7.1,HIGH
CVE-2021-0688,0.059345675881308645,4.273137954502736e-06,0.3362326255649356,0.000285172172684026,7.0,HIGH
CVE-2021-0313,0.059345675881308645,4.273137954502736e-06,0.3362326255649356,0.000285172172684026,7.5,HIGH
CVE-2021-0511,0.059345675881308645,4.273137954502736e-06,0.3362326255649356,0.000285172172684026,7.8,HIGH
CVE-2021-0593,0.059345675881308645,4.273137954502736e-06,0.3362326255649356,0.000285172172684026,7.8,HIGH
CVE-2021-0433,0.059345675881308645,4.273137954502736e-06,0.3362326255649356,0.000285172172684026,8.0,HIGH
CVE-2021-0708,0.059345675881308645,4.273137954502736e-06,0.3362326255649356,0.000285172172684026,7.8,HIGH
CVE-2021-0510,0.059345675881308645,4.273137954502736e-06,0.3362326255649356,0.000285172172684026,7.8,HIGH
CVE-2021-0692,0.059345675881308645,4.273137954502736e-06,0.3362326255649356,0.000285172172684026,7.8,HIGH
CVE-2021-0336,0.059345675881308645,4.273137954502736e-06,0.3362326255649356,0.000285172172684026,7.8,HIGH
CVE-2021-25384,0.059345675881308645,4.273137954502736e-06,0.3362326255649356,0.000285172172684026,9.0,CRITICAL
CVE-2021-0473,0.059345675881308645,4.273137954502736e-06,0.3362326255649356,0.000285172172684026,8.8,HIGH
CVE-2021-0325,0.059345675881308645,4.273137954502736e-06,0.3362326255649356,0.000285172172684026,8.8,HIGH
CVE-2021-0390,0.059345675881308645,4.273137954502736e-06,0.3362326255649356,0.000285172172684026,7.8,HIGH
CVE-2021-25407,0.059345675881308645,4.273137954502736e-06,0.3362326255649356,0.000285172172684026,7.8,HIGH
CVE-2021-25387,0.059345675881308645,4.273137954502736e-06,0.3362326255649356,0.000285172172684026,9.0,CRITICAL
CVE-2021-0594,0.059345675881308645,4.273137954502736e-06,0.3362326255649356,0.000285172172684026,8.0,HIGH
CVE-2021-0600,0.059345675881308645,4.273137954502736e-06,0.3362326255649356,0.000285172172684026,7.8,HIGH
CVE-2021-25502,0.059345675881308645,4.273137954502736e-06,0.3362326255649356,0.000285172172684026,7.9,HIGH
CVE-2021-0437,0.059345675881308645,4.273137954502736e-06,0.3362326255649356,0.000285172172684026,7.8,HIGH
CVE-2021-0631,0.059345675881308645,4.273137954502736e-06,0.3362326255649356,0.000285172172684026,7.5,HIGH
CVE-2021-25383,0.059345675881308645,4.273137954502736e-06,0.3362326255649356,0.000285172172684026,9.0,CRITICAL
CVE-2021-0522,0.059345675881308645,4.273137954502736e-06,0.3362326255649356,0.000285172172684026,7.5,HIGH
CVE-2021-0508,0.059345675881308645,4.273137954502736e-06,0.3362326255649356,0.000285172172684026,7.0,HIGH
CVE-2021-0474,0.059345675881308645,4.273137954502736e-06,0.3362326255649356,0.000285172172684026,9.8,CRITICAL
CVE-2021-25478,0.059345675881308645,4.273137954502736e-06,0.3362326255649356,0.000285172172684026,7.2,HIGH
CVE-2021-0595,0.059345675881308645,4.273137954502736e-06,0.3362326255649356,0.000285172172684026,7.8,HIGH
CVE-2021-25414,0.059345675881308645,4.273137954502736e-06,0.3362326255649356,0.000285172172684026,7.8,HIGH
CVE-2021-0431,0.059345675881308645,4.273137954502736e-06,0.3362326255649356,0.000285172172684026,7.5,HIGH
CVE-2021-0683,0.059345675881308645,4.273137954502736e-06,0.3362326255649356,0.000285172172684026,7.8,HIGH
CVE-2021-0477,0.059345675881308645,4.273137954502736e-06,0.3362326255649356,0.000285172172684026,7.8,HIGH
CVE-2021-25428,0.059345675881308645,4.273137954502736e-06,0.3362326255649356,0.000285172172684026,7.8,HIGH
CVE-2021-0514,0.059345675881308645,4.273137954502736e-06,0.3362326255649356,0.000285172172684026,8.1,HIGH
CVE-2021-0397,0.059345675881308645,4.273137954502736e-06,0.3362326255649356,0.000285172172684026,9.8,CRITICAL
CVE-2021-0318,0.059345675881308645,4.273137954502736e-06,0.3362326255649356,0.000285172172684026,7.8,HIGH
CVE-2021-0587,0.059345675881308645,4.273137954502736e-06,0.3362326255649356,0.000285172172684026,7.8,HIGH
CVE-2021-0870,0.059345675881308645,4.273137954502736e-06,0.3362326255649356,0.000285172172684026,8.1,HIGH
CVE-2021-0478,0.059345675881308645,4.273137954502736e-06,0.3362326255649356,0.000285172172684026,7.8,HIGH
CVE-2021-0328,0.059345675881308645,4.273137954502736e-06,0.3362326255649356,0.000285172172684026,7.8,HIGH
CVE-2021-0589,0.059345675881308645,4.273137954502736e-06,0.3362326255649356,0.000285172172684026,7.8,HIGH
CVE-2021-0337,0.059345675881308645,4.273137954502736e-06,0.3362326255649356,0.000285172172684026,7.8,HIGH
CVE-2021-0476,0.059345675881308645,4.273137954502736e-06,0.3362326255649356,0.000285172172684026,7.0,HIGH
CVE-2021-25426,0.059345675881308645,4.273137954502736e-06,0.3362326255649356,0.000285172172684026,7.5,HIGH
CVE-2021-0317,0.059345675881308645,4.273137954502736e-06,0.3362326255649356,0.000285172172684026,7.8,HIGH
CVE-2021-0429,0.059345675881308645,4.273137954502736e-06,0.3362326255649356,0.000285172172684026,7.8,HIGH
CVE-2021-0316,0.059345675881308645,4.273137954502736e-06,0.3362326255649356,0.000285172172684026,9.8,CRITICAL
CVE-2021-0507,0.059345675881308645,4.273137954502736e-06,0.3362326255649356,0.000285172172684026,8.8,HIGH
CVE-2021-0515,0.059345675881308645,4.273137954502736e-06,0.3362326255649356,0.000285172172684026,9.8,CRITICAL
CVE-2021-0396,0.059345675881308645,4.273137954502736e-06,0.3362326255649356,0.000285172172684026,9.8,CRITICAL
CVE-2021-3326,0.11767689576464621,0.0003102364155792186,0.41764643575892385,0.0002840290404729992,7.5,HIGH
CVE-2021-22885,0.112351001775298,0.00045146238358760663,0.4144854409755072,0.0002840214790858611,7.5,HIGH
CVE-2021-34291,0.014963225970073548,0.0,0.25058786145535433,0.0002838971392075832,7.8,HIGH
CVE-2021-34294,0.014963225970073548,0.0,0.25058786145535433,0.0002838971392075832,7.8,HIGH
CVE-2021-34292,0.014963225970073548,0.0,0.25058786145535433,0.0002838971392075832,7.8,HIGH
CVE-2021-27390,0.014963225970073548,0.0,0.25058786145535433,0.0002838971392075832,7.8,HIGH
CVE-2021-34295,0.014963225970073548,0.0,0.25058786145535433,0.0002838971392075832,7.8,HIGH
CVE-2021-44005,0.014963225970073548,0.0,0.25058786145535433,0.0002838971392075832,7.8,HIGH
CVE-2021-34313,0.014963225970073548,0.0,0.25058786145535433,0.0002838971392075832,7.8,HIGH
CVE-2021-38405,0.014963225970073548,0.0,0.25058786145535433,0.0002838971392075832,7.8,HIGH
CVE-2021-40355,0.014963225970073548,0.0,0.25058786145535433,0.0002838971392075832,8.8,HIGH
CVE-2021-34315,0.014963225970073548,0.0,0.25058786145535433,0.0002838971392075832,7.8,HIGH
CVE-2021-44006,0.014963225970073548,0.0,0.25058786145535433,0.0002838971392075832,7.8,HIGH
CVE-2021-44001,0.014963225970073548,0.0,0.25058786145535433,0.0002838971392075832,7.8,HIGH
CVE-2021-34309,0.014963225970073548,0.0,0.25058786145535433,0.0002838971392075832,7.8,HIGH
CVE-2021-34330,0.014963225970073548,0.0,0.25058786145535433,0.0002838971392075832,7.8,HIGH
CVE-2021-34323,0.014963225970073548,0.0,0.25058786145535433,0.0002838971392075832,7.8,HIGH
CVE-2021-34317,0.014963225970073548,0.0,0.25058786145535433,0.0002838971392075832,7.8,HIGH
CVE-2021-34296,0.014963225970073548,0.0,0.25058786145535433,0.0002838971392075832,7.8,HIGH
CVE-2021-34301,0.014963225970073548,0.0,0.25058786145535433,0.0002838971392075832,7.8,HIGH
CVE-2021-34298,0.014963225970073548,0.0,0.25058786145535433,0.0002838971392075832,7.8,HIGH
CVE-2021-34324,0.014963225970073548,0.0,0.25058786145535433,0.0002838971392075832,7.8,HIGH
CVE-2021-34297,0.014963225970073548,0.0,0.25058786145535433,0.0002838971392075832,7.8,HIGH
CVE-2021-34314,0.014963225970073548,0.0,0.25058786145535433,0.0002838971392075832,7.8,HIGH
CVE-2021-44013,0.014963225970073548,0.0,0.25058786145535433,0.0002838971392075832,7.8,HIGH
CVE-2021-34300,0.014963225970073548,0.0,0.25058786145535433,0.0002838971392075832,7.8,HIGH
CVE-2021-34311,0.014963225970073548,0.0,0.25058786145535433,0.0002838971392075832,7.8,HIGH
CVE-2021-34318,0.014963225970073548,0.0,0.25058786145535433,0.0002838971392075832,7.8,HIGH
CVE-2021-34305,0.014963225970073548,0.0,0.25058786145535433,0.0002838971392075832,7.8,HIGH
CVE-2021-34310,0.014963225970073548,0.0,0.25058786145535433,0.0002838971392075832,7.8,HIGH
CVE-2021-34312,0.014963225970073548,0.0,0.25058786145535433,0.0002838971392075832,7.8,HIGH
CVE-2021-34316,0.014963225970073548,0.0,0.25058786145535433,0.0002838971392075832,7.8,HIGH
CVE-2021-34319,0.014963225970073548,0.0,0.25058786145535433,0.0002838971392075832,7.8,HIGH
CVE-2021-34306,0.014963225970073548,0.0,0.25058786145535433,0.0002838971392075832,7.8,HIGH
CVE-2021-34293,0.014963225970073548,0.0,0.25058786145535433,0.0002838971392075832,7.8,HIGH
CVE-2021-40356,0.014963225970073548,0.0,0.25058786145535433,0.0002838971392075832,7.5,HIGH
CVE-2021-40354,0.014963225970073548,0.0,0.25058786145535433,0.0002838971392075832,7.1,HIGH
CVE-2021-34331,0.014963225970073548,0.0,0.25058786145535433,0.0002838971392075832,7.8,HIGH
CVE-2021-1035,0.05478062389043875,0.0004093092547282885,0.33514662133446665,0.0002833510381167923,7.8,HIGH
CVE-2021-3498,0.12351001775297996,8.176407352979381e-05,0.41733700254022016,0.0002833485032204176,7.8,HIGH
CVE-2021-31175,0.014202383971595232,0.0001210249223356884,0.21402594582858384,0.0002825548400042668,7.8,HIGH
CVE-2021-31177,0.014202383971595232,0.0001210249223356884,0.21402594582858384,0.0002825548400042668,7.8,HIGH
CVE-2021-31179,0.014202383971595232,0.0001210249223356884,0.21402594582858384,0.0002825548400042668,7.8,HIGH
CVE-2021-0523,0.058838447882323106,1.259727905289442e-06,0.3356030300451102,0.00028239494438575373,7.3,HIGH
CVE-2021-25517,0.058838447882323106,1.259727905289442e-06,0.3356030300451102,0.00028239494438575373,7.7,HIGH
CVE-2021-0430,0.058838447882323106,1.259727905289442e-06,0.3356030300451102,0.00028239494438575373,9.8,CRITICAL
CVE-2021-0602,0.058838447882323106,1.259727905289442e-06,0.3356030300451102,0.00028239494438575373,7.8,HIGH
CVE-2021-0520,0.058838447882323106,1.259727905289442e-06,0.3356030300451102,0.00028239494438575373,7.0,HIGH
CVE-2021-25500,0.058838447882323106,1.259727905289442e-06,0.3356030300451102,0.00028239494438575373,7.2,HIGH
CVE-2021-0486,0.058838447882323106,1.259727905289442e-06,0.3356030300451102,0.00028239494438575373,7.8,HIGH
CVE-2021-25485,0.058838447882323106,1.259727905289442e-06,0.3356030300451102,0.00028239494438575373,7.5,HIGH
CVE-2021-0475,0.058838447882323106,1.259727905289442e-06,0.3356030300451102,0.00028239494438575373,8.8,HIGH
CVE-2021-0705,0.058838447882323106,1.259727905289442e-06,0.3356030300451102,0.00028239494438575373,7.8,HIGH
CVE-2021-0332,0.058838447882323106,1.259727905289442e-06,0.3356030300451102,0.00028239494438575373,7.8,HIGH
CVE-2021-0954,0.058838447882323106,1.259727905289442e-06,0.3356030300451102,0.0002823949443857537,7.3,HIGH
CVE-2021-25361,0.058838447882323106,1.259727905289442e-06,0.3356030300451102,0.0002823949443857537,7.9,HIGH
CVE-2021-0981,0.058838447882323106,1.259727905289442e-06,0.3356030300451102,0.0002823949443857537,7.8,HIGH
CVE-2021-0307,0.058838447882323106,1.259727905289442e-06,0.3356030300451102,0.0002823949443857537,7.8,HIGH
CVE-2021-0483,0.058838447882323106,1.259727905289442e-06,0.3356030300451102,0.0002823949443857537,7.8,HIGH
CVE-2021-1448,0.0048186659903626675,0.0017130346805618855,0.32921432746096685,0.0002819209441296824,7.8,HIGH
CVE-2021-38161,0.12173471975653055,0.00013796643080897348,0.416499419034541,0.00028174738981770963,8.1,HIGH
CVE-2021-37148,0.12173471975653055,0.00013796643080897348,0.416499419034541,0.00028174738981770963,7.5,HIGH
CVE-2021-44040,0.12173471975653055,0.00013796643080897348,0.416499419034541,0.0002817473898177096,7.5,HIGH
CVE-2021-37147,0.12173471975653055,0.00013796643080897348,0.416499419034541,0.0002817473898177096,7.5,HIGH
CVE-2021-44759,0.12173471975653055,0.00013796643080897348,0.416499419034541,0.0002817473898177096,8.1,HIGH
CVE-2021-37149,0.12173471975653055,0.00013796643080897348,0.416499419034541,0.0002817473898177096,7.5,HIGH
CVE-2021-38562,0.1204666497590667,4.794546969297011e-05,0.4209908178518044,0.000279578883033014,7.5,HIGH
CVE-2021-20232,0.12351001775297996,8.865846239508386e-05,0.44453213077790305,0.0002794243383504033,9.8,CRITICAL
CVE-2021-41340,0.09865584580268831,5.8330212942434206e-05,0.2694410277436108,0.00027918612036130546,7.8,HIGH
CVE-2021-41367,0.09865584580268831,5.8330212942434206e-05,0.2694410277436108,0.00027918612036130546,7.8,HIGH
CVE-2021-40489,0.09865584580268831,5.8330212942434206e-05,0.2694410277436108,0.00027918612036130546,7.8,HIGH
CVE-2021-38666,0.09865584580268831,5.8330212942434206e-05,0.2694410277436108,0.00027918612036130546,8.8,HIGH
CVE-2021-26442,0.09865584580268831,5.8330212942434206e-05,0.2694410277436108,0.00027918612036130546,7.0,HIGH
CVE-2021-41370,0.09865584580268831,5.8330212942434206e-05,0.2694410277436108,0.00027918612036130546,7.8,HIGH
CVE-2021-40467,0.09865584580268831,5.8330212942434206e-05,0.2694410277436108,0.00027918612036130546,7.8,HIGH
CVE-2021-40466,0.09865584580268831,5.8330212942434206e-05,0.2694410277436108,0.00027918612036130546,7.8,HIGH
CVE-2021-42275,0.09865584580268831,5.8330212942434206e-05,0.2694410277436108,0.00027918612036130546,8.8,HIGH
CVE-2021-41377,0.09865584580268831,5.8330212942434206e-05,0.2694410277436108,0.00027918612036130546,7.8,HIGH
CVE-2021-42292,0.013948769972102459,0.00012475374773037847,0.21401432913590968,0.00027853057647555965,7.8,HIGH
CVE-2021-28333,0.09840223180319553,4.9678864978548376e-05,0.2694226170140075,0.0002781397060578967,8.8,HIGH
CVE-2021-26887,0.09840223180319553,4.9678864978548376e-05,0.2694226170140075,0.0002781397060578967,7.8,HIGH
CVE-2021-38667,0.09840223180319553,4.9678864978548376e-05,0.2694226170140075,0.0002781397060578967,7.8,HIGH
CVE-2021-1695,0.09840223180319553,4.9678864978548376e-05,0.2694226170140075,0.0002781397060578967,7.8,HIGH
CVE-2021-26882,0.09840223180319553,4.9678864978548376e-05,0.2694226170140075,0.0002781397060578967,7.8,HIGH
CVE-2021-28356,0.09840223180319553,4.9678864978548376e-05,0.2694226170140075,0.0002781397060578967,8.8,HIGH
CVE-2021-1700,0.09840223180319553,4.9678864978548376e-05,0.2694226170140075,0.0002781397060578967,8.8,HIGH
CVE-2021-1734,0.09840223180319553,4.9678864978548376e-05,0.2694226170140075,0.0002781397060578967,7.5,HIGH
CVE-2021-1709,0.09840223180319553,4.9678864978548376e-05,0.2694226170140075,0.0002781397060578967,7.0,HIGH
CVE-2021-40447,0.09840223180319553,4.9678864978548376e-05,0.2694226170140075,0.0002781397060578967,7.8,HIGH
CVE-2021-28335,0.09840223180319553,4.9678864978548376e-05,0.2694226170140075,0.0002781397060578967,8.8,HIGH
CVE-2021-34516,0.09840223180319553,4.9678864978548376e-05,0.2694226170140075,0.0002781397060578967,7.8,HIGH
CVE-2021-34441,0.09840223180319553,4.9678864978548376e-05,0.2694226170140075,0.0002781397060578967,7.8,HIGH
CVE-2021-1673,0.09840223180319553,4.9678864978548376e-05,0.2694226170140075,0.0002781397060578967,8.8,HIGH
CVE-2021-36932,0.09840223180319553,4.9678864978548376e-05,0.2694226170140075,0.0002781397060578967,7.5,HIGH
CVE-2021-24111,0.09840223180319553,4.9678864978548376e-05,0.2694226170140075,0.0002781397060578967,7.5,HIGH
CVE-2021-28330,0.09840223180319553,4.9678864978548376e-05,0.2694226170140075,0.0002781397060578967,8.8,HIGH
CVE-2021-33756,0.09840223180319553,4.9678864978548376e-05,0.2694226170140075,0.0002781397060578967,8.8,HIGH
CVE-2021-26435,0.09840223180319553,4.9678864978548376e-05,0.2694226170140075,0.0002781397060578967,8.1,HIGH
CVE-2021-1702,0.09840223180319553,4.9678864978548376e-05,0.2694226170140075,0.0002781397060578967,7.8,HIGH
CVE-2021-36965,0.09840223180319553,4.9678864978548376e-05,0.2694226170140075,0.0002781397060578967,8.8,HIGH
CVE-2021-24077,0.09840223180319553,4.9678864978548376e-05,0.2694226170140075,0.0002781397060578967,9.8,CRITICAL
CVE-2021-1688,0.09840223180319553,4.9678864978548376e-05,0.2694226170140075,0.0002781397060578967,7.8,HIGH
CVE-2021-26424,0.09840223180319553,4.9678864978548376e-05,0.2694226170140075,0.0002781397060578967,9.9,CRITICAL
CVE-2021-24102,0.09840223180319553,4.9678864978548376e-05,0.2694226170140075,0.0002781397060578967,7.8,HIGH
CVE-2021-38639,0.09840223180319553,4.9678864978548376e-05,0.2694226170140075,0.0002781397060578967,7.8,HIGH
CVE-2021-28315,0.09840223180319553,4.9678864978548376e-05,0.2694226170140075,0.0002781397060578967,7.8,HIGH
CVE-2021-1640,0.09840223180319553,4.9678864978548376e-05,0.2694226170140075,0.0002781397060578967,7.8,HIGH
CVE-2021-31186,0.09840223180319553,4.9678864978548376e-05,0.2694226170140075,0.0002781397060578967,7.4,HIGH
CVE-2021-38633,0.09840223180319553,4.9678864978548376e-05,0.2694226170140075,0.0002781397060578967,7.8,HIGH
CVE-2021-28345,0.09840223180319553,4.9678864978548376e-05,0.2694226170140075,0.0002781397060578967,8.8,HIGH
CVE-2021-31188,0.09840223180319553,4.9678864978548376e-05,0.2694226170140075,0.0002781397060578967,7.8,HIGH
CVE-2021-1660,0.09840223180319553,4.9678864978548376e-05,0.2694226170140075,0.0002781397060578967,8.8,HIGH
CVE-2021-1657,0.09840223180319553,4.9678864978548376e-05,0.2694226170140075,0.0002781397060578967,7.8,HIGH
CVE-2021-1694,0.09840223180319553,4.9678864978548376e-05,0.2694226170140075,0.0002781397060578967,7.5,HIGH
CVE-2021-1671,0.09840223180319553,4.9678864978548376e-05,0.2694226170140075,0.0002781397060578967,8.8,HIGH
CVE-2021-26875,0.09840223180319553,4.9678864978548376e-05,0.2694226170140075,0.0002781397060578967,7.8,HIGH
CVE-2021-28440,0.09840223180319553,4.9678864978548376e-05,0.2694226170140075,0.0002781397060578967,7.0,HIGH
CVE-2021-34533,0.09840223180319553,4.9678864978548376e-05,0.2694226170140075,0.0002781397060578967,7.8,HIGH
CVE-2021-1666,0.09840223180319553,4.9678864978548376e-05,0.2694226170140075,0.0002781397060578967,8.8,HIGH
CVE-2021-43217,0.09840223180319553,4.9678864978548376e-05,0.2694226170140075,0.0002781397060578967,8.1,HIGH
CVE-2021-1653,0.09840223180319553,4.9678864978548376e-05,0.2694226170140075,0.0002781397060578967,7.8,HIGH
CVE-2021-38638,0.09840223180319553,4.9678864978548376e-05,0.2694226170140075,0.0002781397060578967,7.8,HIGH
CVE-2021-28353,0.09840223180319553,4.9678864978548376e-05,0.2694226170140075,0.0002781397060578967,8.8,HIGH
CVE-2021-27095,0.09840223180319553,4.9678864978548376e-05,0.2694226170140075,0.0002781397060578967,7.8,HIGH
CVE-2021-31194,0.09840223180319553,4.9678864978548376e-05,0.2694226170140075,0.0002781397060578967,8.8,HIGH
CVE-2021-28344,0.09840223180319553,4.9678864978548376e-05,0.2694226170140075,0.0002781397060578967,8.8,HIGH
CVE-2021-34511,0.09840223180319553,4.9678864978548376e-05,0.2694226170140075,0.0002781397060578967,7.8,HIGH
CVE-2021-26878,0.09840223180319553,4.9678864978548376e-05,0.2694226170140075,0.0002781397060578967,7.8,HIGH
CVE-2021-1722,0.09840223180319553,4.9678864978548376e-05,0.2694226170140075,0.0002781397060578967,8.1,HIGH
CVE-2021-1727,0.09840223180319553,4.9678864978548376e-05,0.2694226170140075,0.0002781397060578967,7.8,HIGH
CVE-2021-26861,0.09840223180319553,4.9678864978548376e-05,0.2694226170140075,0.0002781397060578967,7.8,HIGH
CVE-2021-26862,0.09840223180319553,4.9678864978548376e-05,0.2694226170140075,0.0002781397060578967,7.0,HIGH
CVE-2021-31954,0.09840223180319553,4.9678864978548376e-05,0.2694226170140075,0.0002781397060578967,7.8,HIGH
CVE-2021-24103,0.09840223180319553,4.9678864978548376e-05,0.2694226170140075,0.0002781397060578967,7.8,HIGH
CVE-2021-38671,0.09840223180319553,4.9678864978548376e-05,0.2694226170140075,0.0002781397060578967,7.8,HIGH
CVE-2021-28341,0.09840223180319553,4.9678864978548376e-05,0.2694226170140075,0.0002781397060578967,8.8,HIGH
CVE-2021-28357,0.09840223180319553,4.9678864978548376e-05,0.2694226170140075,0.0002781397060578967,8.8,HIGH
CVE-2021-34483,0.09840223180319553,4.9678864978548376e-05,0.2694226170140075,0.0002781397060578967,7.8,HIGH
CVE-2021-1701,0.09840223180319553,4.9678864978548376e-05,0.2694226170140075,0.0002781397060578967,8.8,HIGH
CVE-2021-24088,0.09840223180319553,4.9678864978548376e-05,0.2694226170140075,0.0002781397060578967,8.8,HIGH
CVE-2021-34514,0.09840223180319553,4.9678864978548376e-05,0.2694226170140075,0.0002781397060578967,7.8,HIGH
CVE-2021-24094,0.09840223180319553,4.9678864978548376e-05,0.2694226170140075,0.0002781397060578967,9.8,CRITICAL
CVE-2021-28343,0.09840223180319553,4.9678864978548376e-05,0.2694226170140075,0.0002781397060578967,8.8,HIGH
CVE-2021-1665,0.09840223180319553,4.9678864978548376e-05,0.2694226170140075,0.0002781397060578967,7.8,HIGH
CVE-2021-28331,0.09840223180319553,4.9678864978548376e-05,0.2694226170140075,0.0002781397060578967,8.8,HIGH
CVE-2021-36936,0.09840223180319553,4.9678864978548376e-05,0.2694226170140075,0.0002781397060578967,8.8,HIGH
CVE-2021-36937,0.09840223180319553,4.9678864978548376e-05,0.2694226170140075,0.0002781397060578967,7.8,HIGH
CVE-2021-33752,0.09840223180319553,4.9678864978548376e-05,0.2694226170140075,0.0002781397060578967,8.8,HIGH
CVE-2021-31183,0.09840223180319553,4.9678864978548376e-05,0.2694226170140075,0.0002781397060578967,7.5,HIGH
CVE-2021-34504,0.09840223180319553,4.9678864978548376e-05,0.2694226170140075,0.0002781397060578967,7.8,HIGH
CVE-2021-1664,0.09840223180319553,4.9678864978548376e-05,0.2694226170140075,0.0002781397060578967,8.8,HIGH
CVE-2021-28342,0.09840223180319553,4.9678864978548376e-05,0.2694226170140075,0.0002781397060578967,8.8,HIGH
CVE-2021-28346,0.09840223180319553,4.9678864978548376e-05,0.2694226170140075,0.0002781397060578967,8.8,HIGH
CVE-2021-28354,0.09840223180319553,4.9678864978548376e-05,0.2694226170140075,0.0002781397060578967,8.8,HIGH
CVE-2021-28352,0.09840223180319553,4.9678864978548376e-05,0.2694226170140075,0.0002781397060578967,8.8,HIGH
CVE-2021-24086,0.09840223180319553,4.9678864978548376e-05,0.2694226170140075,0.0002781397060578967,7.5,HIGH
CVE-2021-27089,0.09840223180319553,4.9678864978548376e-05,0.2694226170140075,0.0002781397060578967,7.8,HIGH
CVE-2021-1649,0.09840223180319553,4.9678864978548376e-05,0.2694226170140075,0.0002781397060578967,7.8,HIGH
CVE-2021-38628,0.09840223180319553,4.9678864978548376e-05,0.2694226170140075,0.0002781397060578967,7.8,HIGH
CVE-2021-24074,0.09840223180319553,4.9678864978548376e-05,0.2694226170140075,0.0002781397060578967,9.8,CRITICAL
CVE-2021-1654,0.09840223180319553,4.9678864978548376e-05,0.2694226170140075,0.0002781397060578967,7.8,HIGH
CVE-2021-1655,0.09840223180319553,4.9678864978548376e-05,0.2694226170140075,0.0002781397060578967,7.8,HIGH
CVE-2021-26425,0.09840223180319553,4.9678864978548376e-05,0.2694226170140075,0.0002781397060578967,7.8,HIGH
CVE-2021-26415,0.09840223180319553,4.9678864978548376e-05,0.2694226170140075,0.0002781397060578967,7.8,HIGH
CVE-2021-33750,0.09840223180319553,4.9678864978548376e-05,0.2694226170140075,0.0002781397060578967,8.8,HIGH
CVE-2021-28355,0.09840223180319553,4.9678864978548376e-05,0.2694226170140075,0.0002781397060578967,8.8,HIGH
CVE-2021-36963,0.09840223180319553,4.9678864978548376e-05,0.2694226170140075,0.0002781397060578967,7.8,HIGH
CVE-2021-34492,0.09840223180319553,4.9678864978548376e-05,0.2694226170140075,0.0002781397060578967,8.1,HIGH
CVE-2021-28446,0.09840223180319553,4.9678864978548376e-05,0.2694226170140075,0.0002781397060578967,7.1,HIGH
CVE-2021-34476,0.09840223180319553,4.9678864978548376e-05,0.2694226170140075,0.0002781397060578967,7.5,HIGH
CVE-2021-36947,0.09840223180319553,4.9678864978548376e-05,0.2694226170140075,0.0002781397060578967,8.8,HIGH
CVE-2021-28339,0.09840223180319553,4.9678864978548376e-05,0.2694226170140075,0.0002781397060578967,8.8,HIGH
CVE-2021-33749,0.09840223180319553,4.9678864978548376e-05,0.2694226170140075,0.0002781397060578967,8.8,HIGH
CVE-2021-28340,0.09840223180319553,4.9678864978548376e-05,0.2694226170140075,0.0002781397060578967,8.8,HIGH
CVE-2021-28338,0.09840223180319553,4.9678864978548376e-05,0.2694226170140075,0.0002781397060578967,8.8,HIGH
CVE-2021-34481,0.09840223180319553,4.9678864978548376e-05,0.2694226170140075,0.0002781397060578967,8.8,HIGH
CVE-2021-28337,0.09840223180319553,4.9678864978548376e-05,0.2694226170140075,0.0002781397060578967,8.8,HIGH
CVE-2021-28336,0.09840223180319553,4.9678864978548376e-05,0.2694226170140075,0.0002781397060578967,8.8,HIGH
CVE-2021-1658,0.09840223180319553,4.9678864978548376e-05,0.2694226170140075,0.0002781397060578967,8.8,HIGH
CVE-2021-41331,0.09840223180319553,4.9678864978548376e-05,0.2694226170140075,0.0002781397060578967,7.8,HIGH
CVE-2021-1678,0.09840223180319553,4.9678864978548376e-05,0.2694226170140075,0.0002781397060578967,8.8,HIGH
CVE-2021-28327,0.09840223180319553,4.9678864978548376e-05,0.2694226170140075,0.0002781397060578967,8.8,HIGH
CVE-2021-25195,0.09840223180319553,4.9678864978548376e-05,0.2694226170140075,0.0002781397060578967,7.8,HIGH
CVE-2021-31193,0.09840223180319553,4.9678864978548376e-05,0.2694226170140075,0.0002781397060578967,7.8,HIGH
CVE-2021-28434,0.09840223180319553,4.9678864978548376e-05,0.2694226170140075,0.0002781397060578967,8.8,HIGH
CVE-2021-1667,0.09840223180319553,4.9678864978548376e-05,0.2694226170140075,0.0002781397060578967,8.8,HIGH
CVE-2021-24083,0.09840223180319553,4.9678864978548376e-05,0.2694226170140075,0.0002781397060578967,7.8,HIGH
CVE-2021-33788,0.09840223180319553,4.9678864978548376e-05,0.2694226170140075,0.0002781397060578967,7.5,HIGH
CVE-2021-24092,0.09840223180319553,4.9678864978548376e-05,0.2694226170140075,0.0002781397060578967,7.8,HIGH
CVE-2021-28332,0.09840223180319553,4.9678864978548376e-05,0.2694226170140075,0.0002781397060578967,8.8,HIGH
CVE-2021-28334,0.09840223180319553,4.9678864978548376e-05,0.2694226170140075,0.0002781397060578967,8.8,HIGH
CVE-2021-34498,0.09840223180319553,4.9678864978548376e-05,0.2694226170140075,0.0002781397060578967,7.8,HIGH
CVE-2021-1661,0.09840223180319553,4.9678864978548376e-05,0.2694226170140075,0.0002781397060578967,7.8,HIGH
CVE-2021-1652,0.09840223180319553,4.9678864978548376e-05,0.2694226170140075,0.0002781397060578967,7.8,HIGH
CVE-2021-1659,0.09840223180319553,4.9678864978548376e-05,0.2694226170140075,0.0002781397060578967,7.8,HIGH
CVE-2021-28329,0.09840223180319553,4.9678864978548376e-05,0.2694226170140075,0.0002781397060578967,8.8,HIGH
CVE-2021-28358,0.09840223180319553,4.9678864978548376e-05,0.2694226170140075,0.0002781397060578967,8.8,HIGH
CVE-2021-1693,0.09840223180319553,4.9678864978548376e-05,0.2694226170140075,0.0002781397060578967,7.8,HIGH
CVE-2021-36964,0.09840223180319553,4.9678864978548376e-05,0.2694226170140075,0.0002781397060578967,7.8,HIGH
CVE-2021-22930,0.11564798376870403,0.0001539517845361827,0.41614775725593667,0.0002781116122222634,9.8,CRITICAL
CVE-2021-31939,0.013948769972102459,0.00010435015307745988,0.21401432913590968,0.0002777070983088492,7.8,HIGH
CVE-2021-41366,0.09789500380420998,4.9783116384004445e-05,0.2693858031017285,0.0002770707671259568,7.8,HIGH
CVE-2021-40488,0.09789500380420998,4.9783116384004445e-05,0.2693858031017285,0.0002770707671259568,7.8,HIGH
CVE-2021-40478,0.09789500380420998,4.9783116384004445e-05,0.2693858031017285,0.0002770707671259568,7.8,HIGH
CVE-2021-40476,0.09789500380420998,4.9783116384004445e-05,0.2693858031017285,0.0002770707671259568,7.5,HIGH
CVE-2021-40477,0.09789500380420998,4.9783116384004445e-05,0.2693858031017285,0.0002770707671259568,7.8,HIGH
CVE-2021-41345,0.09789500380420998,4.9783116384004445e-05,0.2693858031017285,0.0002770707671259568,7.8,HIGH
CVE-2021-4207,0.12198833375602333,4.229014085094409e-05,0.4165434185506022,0.0002767285810508279,8.2,HIGH
CVE-2021-4206,0.12198833375602333,4.229014085094409e-05,0.4165434185506022,0.0002767285810508279,8.2,HIGH
CVE-2021-26881,0.09789500380420998,4.345992962320229e-05,0.2693858031017285,0.0002766961881680765,7.5,HIGH
CVE-2021-31973,0.09789500380420998,4.345992962320229e-05,0.2693858031017285,0.0002766961881680765,7.8,HIGH
CVE-2021-41335,0.09789500380420998,4.345992962320229e-05,0.2693858031017285,0.0002766961881680765,7.8,HIGH
CVE-2021-28349,0.09789500380420998,4.345992962320229e-05,0.2693858031017285,0.0002766961881680765,7.8,HIGH
CVE-2021-38630,0.09789500380420998,4.345992962320229e-05,0.2693858031017285,0.0002766961881680765,7.8,HIGH
CVE-2021-1668,0.09789500380420998,4.345992962320229e-05,0.2693858031017285,0.00027669618816807644,7.8,HIGH
CVE-2021-1674,0.09789500380420998,4.345992962320229e-05,0.2693858031017285,0.00027669618816807644,8.8,HIGH
CVE-2021-31958,0.09789500380420998,4.345992962320229e-05,0.2693858031017285,0.00027669618816807644,7.5,HIGH
CVE-2021-31962,0.09789500380420998,4.345992962320229e-05,0.2693858031017285,0.00027669618816807644,9.4,CRITICAL
CVE-2021-27077,0.09789500380420998,4.345992962320229e-05,0.2693858031017285,0.00027669618816807644,7.8,HIGH
CVE-2021-27096,0.09789500380420998,4.345992962320229e-05,0.2693858031017285,0.00027669618816807644,7.8,HIGH
CVE-2021-31968,0.09789500380420998,4.345992962320229e-05,0.2693858031017285,0.00027669618816807644,7.5,HIGH
CVE-2021-28348,0.09789500380420998,4.345992962320229e-05,0.2693858031017285,0.00027669618816807644,7.8,HIGH
CVE-2021-28350,0.09789500380420998,4.345992962320229e-05,0.2693858031017285,0.00027669618816807644,7.8,HIGH
CVE-2021-34537,0.09789500380420998,4.345992962320229e-05,0.2693858031017285,0.00027669618816807644,7.8,HIGH
CVE-2021-34456,0.09789500380420998,4.345992962320229e-05,0.2693858031017285,0.00027669618816807644,7.8,HIGH
CVE-2021-36960,0.09789500380420998,4.345992962320229e-05,0.2693858031017285,0.00027669618816807644,7.5,HIGH
CVE-2021-35368,0.11843773776312452,0.0001439117889522619,0.41619168249947225,0.00027651634873649506,9.8,CRITICAL
CVE-2021-38665,0.09764138980471722,5.2022973369447134e-05,0.2693673999180216,0.00027651112941472574,7.4,HIGH
CVE-2021-26873,0.09764138980471722,4.954303935169028e-05,0.2693673999180216,0.0002762344153417383,7.0,HIGH
CVE-2021-36926,0.09764138980471722,4.1150283122824126e-05,0.2693673999180216,0.0002760243582057343,7.5,HIGH
CVE-2021-34460,0.09764138980471722,4.1150283122824126e-05,0.2693673999180216,0.0002760243582057343,7.8,HIGH
CVE-2021-34455,0.09764138980471722,4.1150283122824126e-05,0.2693673999180216,0.0002760243582057343,7.8,HIGH
CVE-2021-27072,0.09764138980471722,4.1150283122824126e-05,0.2693673999180216,0.0002760243582057343,7.0,HIGH
CVE-2021-34459,0.09764138980471722,4.1150283122824126e-05,0.2693673999180216,0.0002760243582057343,7.8,HIGH
CVE-2021-26432,0.09764138980471722,4.1150283122824126e-05,0.2693673999180216,0.0002760243582057343,9.8,CRITICAL
CVE-2021-26872,0.09764138980471722,4.1150283122824126e-05,0.2693673999180216,0.0002760243582057343,7.8,HIGH
CVE-2021-31975,0.09764138980471722,4.1150283122824126e-05,0.2693673999180216,0.0002760243582057343,7.5,HIGH
CVE-2021-36974,0.09764138980471722,4.1150283122824126e-05,0.2693673999180216,0.0002760243582057343,7.8,HIGH
CVE-2021-31974,0.09764138980471722,4.1150283122824126e-05,0.2693673999180216,0.0002760243582057343,7.5,HIGH
CVE-2021-26433,0.09764138980471722,4.1150283122824126e-05,0.2693673999180216,0.0002760243582057343,7.5,HIGH
CVE-2021-31182,0.09764138980471722,4.1150283122824126e-05,0.2693673999180216,0.0002760243582057343,7.1,HIGH
CVE-2021-1650,0.09764138980471722,4.1150283122824126e-05,0.2693673999180216,0.0002760243582057343,7.8,HIGH
CVE-2021-26868,0.09764138980471722,4.1150283122824126e-05,0.2693673999180216,0.0002760243582057343,7.8,HIGH
CVE-2021-31976,0.09764138980471722,4.1150283122824126e-05,0.2693673999180216,0.0002760243582057343,7.5,HIGH
CVE-2021-26426,0.09764138980471722,4.1150283122824126e-05,0.2693673999180216,0.00027602435820573427,7.0,HIGH
CVE-2021-36933,0.09764138980471722,4.1150283122824126e-05,0.2693673999180216,0.00027602435820573427,7.5,HIGH
CVE-2021-1648,0.09764138980471722,4.1150283122824126e-05,0.2693673999180216,0.00027602435820573427,7.8,HIGH
CVE-2021-28439,0.09738777580522445,4.953418568444181e-05,0.2693489992485826,0.0002756741405294001,7.5,HIGH
CVE-2021-33625,0.005579507988840984,0.008583830744292791,0.2561720374220374,0.000275670713617878,7.5,HIGH
CVE-2021-30475,0.11691605376616789,0.0002534210882355512,0.4422882781828379,0.0002753388988872144,9.8,CRITICAL
CVE-2021-30473,0.11691605376616789,0.0002534210882355512,0.4422882781828379,0.00027533889888721436,9.8,CRITICAL
CVE-2021-28445,0.09738777580522445,4.7884572043936726e-05,0.2690732905691279,0.0002750684365347367,8.1,HIGH
CVE-2021-34446,0.09713416180573167,4.949879391061571e-05,0.2693306010928962,0.000275058817041211,8.0,HIGH
CVE-2021-26419,0.09713416180573167,4.949879391061571e-05,0.2693306010928962,0.000275058817041211,7.5,HIGH
CVE-2021-33773,0.0968805478062389,3.461923968251291e-05,0.2693122054504474,0.00027400227061064855,7.8,HIGH
CVE-2021-33761,0.0968805478062389,3.461923968251291e-05,0.2693122054504474,0.00027400227061064855,7.8,HIGH
CVE-2021-42287,0.09409079381181841,0.00105069128775702,0.2688347992091089,0.00027378519040568213,7.5,HIGH
CVE-2021-34535,0.09662693380674613,4.3288655303804977e-05,0.2692938123207212,0.00027361529357337904,8.8,HIGH
CVE-2021-24069,0.013695155972609688,0.0001421262197535027,0.21400271370420623,0.0002735295359899491,7.8,HIGH
CVE-2021-1713,0.013695155972609688,0.0001421262197535027,0.21400271370420623,0.0002735295359899491,7.8,HIGH
CVE-2021-34501,0.013695155972609688,0.0001421262197535027,0.21400271370420623,0.0002735295359899491,7.8,HIGH
CVE-2021-24067,0.013695155972609688,0.0001421262197535027,0.21400271370420623,0.0002735295359899491,7.8,HIGH
CVE-2021-40465,0.09561247780877505,0.00012463821207260884,0.2689448195893868,0.0002733253168876882,7.8,HIGH
CVE-2021-40474,0.013695155972609688,0.0001255861558991249,0.21400271370420623,0.00027324614337104967,7.8,HIGH
CVE-2021-0445,0.056555921886888155,3.392991909064615e-06,0.33591753279945474,0.000273162064460843,7.8,HIGH
CVE-2021-1710,0.09662693380674613,3.940703599974992e-05,0.26901821655181823,0.0002729530916591777,7.8,HIGH
CVE-2021-42283,0.09535886380928227,0.0001245319899765527,0.2689264766061929,0.0002726689754096627,8.8,HIGH
CVE-2021-36953,0.09535886380928227,0.0001245319899765527,0.2689264766061929,0.0002726689754096627,7.5,HIGH
CVE-2021-42285,0.09535886380928227,0.0001245319899765527,0.2689264766061929,0.0002726689754096627,7.8,HIGH
CVE-2021-36970,0.09535886380928227,0.0001245319899765527,0.2689264766061929,0.0002726689754096627,8.8,HIGH
CVE-2021-41333,0.09535886380928227,0.0001245319899765527,0.2689264766061929,0.0002726689754096627,7.8,HIGH
CVE-2021-28449,0.013695155972609688,0.00010292527358442846,0.21400271370420623,0.0002726676280036755,7.8,HIGH
CVE-2021-40463,0.09535886380928227,0.00012252639950962747,0.2689264766061929,0.0002726192978771082,7.7,HIGH
CVE-2021-1056,0.10246005579507989,0.0054211897940531825,0.42004900394162137,0.00027258495146437997,7.1,HIGH
CVE-2021-28454,0.013695155972609688,6.806552669347782e-05,0.21400271370420623,0.000272137386322084,7.8,HIGH
CVE-2021-31176,0.013695155972609688,6.806552669347782e-05,0.21400271370420623,0.000272137386322084,7.8,HIGH
CVE-2021-26441,0.0951052498097895,0.00012222955524241594,0.2689081361249403,0.00027199712397448476,7.8,HIGH
CVE-2021-32491,0.12097387775805224,6.267136386096277e-06,0.4163674762407603,0.000271953427839358,7.8,HIGH
CVE-2021-32490,0.12097387775805224,6.267136386096277e-06,0.4163674762407603,0.000271953427839358,7.8,HIGH
CVE-2021-36409,0.12097387775805224,6.267136386096277e-06,0.4163674762407603,0.000271953427839358,7.8,HIGH
CVE-2021-3693,0.12097387775805224,6.267136386096277e-06,0.4163674762407603,0.000271953427839358,8.8,HIGH
CVE-2021-46828,0.12097387775805224,6.267136386096277e-06,0.4163674762407603,0.000271953427839358,7.5,HIGH
CVE-2021-32492,0.12097387775805224,6.267136386096277e-06,0.4163674762407603,0.000271953427839358,7.8,HIGH
CVE-2021-43113,0.12097387775805224,6.267136386096277e-06,0.4163674762407603,0.000271953427839358,9.8,CRITICAL
CVE-2021-3500,0.12097387775805224,6.267136386096277e-06,0.4163674762407603,0.000271953427839358,7.8,HIGH
CVE-2021-32493,0.12097387775805224,6.267136386096277e-06,0.4163674762407603,0.000271953427839358,7.8,HIGH
CVE-2021-3694,0.12097387775805224,6.267136386096277e-06,0.4163674762407603,0.000271953427839358,8.2,HIGH
CVE-2021-33623,0.1141262997717474,0.0001469730331321701,0.41487794612794615,0.000271925334406512,7.5,HIGH
CVE-2021-42291,0.09485163581029672,0.00012197416381499494,0.2688897981451173,0.00027135704123175375,7.5,HIGH
CVE-2021-25636,0.11742328176515343,0.0002995179432910842,0.4423875238415797,0.00027111126898303944,7.5,HIGH
CVE-2021-1706,0.09561247780877505,4.1584383225574735e-05,0.2689448195893868,0.0002705440213279488,7.3,HIGH
CVE-2021-43238,0.09535886380928227,5.5894974944246236e-05,0.2689264766061929,0.0002704218304061496,7.8,HIGH
CVE-2021-20273,0.07735226984529546,0.0016413854320620556,0.3844953681131156,0.00027011063535610155,7.5,HIGH
CVE-2021-20276,0.07735226984529546,0.0016413854320620556,0.3844953681131156,0.0002701106353561015,7.5,HIGH
CVE-2021-20272,0.07735226984529546,0.0016413854320620556,0.3844953681131156,0.0002701106353561015,7.5,HIGH
CVE-2021-20275,0.07735226984529546,0.0016413854320620556,0.3844953681131156,0.0002701106353561015,7.5,HIGH
CVE-2021-33786,0.09535886380928227,4.744608222479165e-05,0.2689264766061929,0.0002699975958105784,8.1,HIGH
CVE-2021-34442,0.09535886380928227,4.744608222479165e-05,0.2689264766061929,0.0002699975958105784,8.8,HIGH
CVE-2021-33754,0.09535886380928227,4.744608222479165e-05,0.2689264766061929,0.0002699975958105784,8.0,HIGH
CVE-2021-40469,0.09535886380928227,4.744608222479165e-05,0.2689264766061929,0.0002699975958105784,7.2,HIGH
CVE-2021-26877,0.09535886380928227,4.744608222479165e-05,0.2689264766061929,0.0002699975958105784,9.8,CRITICAL
CVE-2021-34494,0.09535886380928227,4.744608222479165e-05,0.2689264766061929,0.0002699975958105784,8.8,HIGH
CVE-2021-26893,0.09535886380928227,4.744608222479165e-05,0.2689264766061929,0.0002699975958105784,9.8,CRITICAL
CVE-2021-24078,0.09535886380928227,4.744608222479165e-05,0.2689264766061929,0.0002699975958105784,9.8,CRITICAL
CVE-2021-33746,0.09535886380928227,4.744608222479165e-05,0.2689264766061929,0.0002699975958105784,8.0,HIGH
CVE-2021-33780,0.09535886380928227,4.744608222479165e-05,0.2689264766061929,0.0002699975958105784,8.8,HIGH
CVE-2021-34727,0.004057823991884352,0.00017235710916399606,0.20267283474685172,0.00026976364453028067,9.8,CRITICAL
CVE-2021-1278,0.004311437991377124,8.676272205272141e-05,0.20018276894958623,0.000269573153645652,8.6,HIGH
CVE-2021-1279,0.004311437991377124,8.676272205272141e-05,0.20018276894958623,0.000269573153645652,8.6,HIGH
CVE-2021-1300,0.004311437991377124,8.676272205272141e-05,0.20018276894958623,0.000269573153645652,9.8,CRITICAL
CVE-2021-1273,0.004311437991377124,8.676272205272141e-05,0.20018276894958623,0.000269573153645652,8.6,HIGH
CVE-2021-1274,0.004311437991377124,8.676272205272141e-05,0.20018276894958623,0.000269573153645652,8.6,HIGH
CVE-2021-1241,0.004311437991377124,8.676272205272141e-05,0.20018276894958623,0.000269573153645652,8.6,HIGH
CVE-2021-1301,0.004311437991377124,8.676272205272141e-05,0.20018276894958623,0.0002695731536456519,9.8,CRITICAL
CVE-2021-22013,0.006847577986304844,6.733888952049468e-05,0.24637590602349413,0.00026941454440704147,7.5,HIGH
CVE-2021-22010,0.006847577986304844,6.733888952049468e-05,0.24637590602349413,0.00026941454440704147,7.5,HIGH
CVE-2021-22015,0.006847577986304844,6.733888952049468e-05,0.24637590602349413,0.00026941454440704147,7.8,HIGH
CVE-2021-22019,0.006847577986304844,6.733888952049468e-05,0.24637590602349413,0.00026941454440704147,7.5,HIGH
CVE-2021-21986,0.006847577986304844,6.733888952049468e-05,0.24637590602349413,0.00026941454440704147,9.8,CRITICAL
CVE-2021-22006,0.006847577986304844,6.733888952049468e-05,0.24637590602349413,0.00026941454440704147,7.5,HIGH
CVE-2021-22048,0.006847577986304844,6.733888952049468e-05,0.24637590602349413,0.00026941454440704147,8.8,HIGH
CVE-2021-22005,0.006847577986304844,6.733888952049468e-05,0.24637590602349413,0.00026941454440704147,9.8,CRITICAL
CVE-2021-22008,0.006847577986304844,6.733888952049468e-05,0.24637590602349413,0.00026941454440704147,7.5,HIGH
CVE-2021-21985,0.006847577986304844,6.733888952049468e-05,0.24637590602349413,0.00026941454440704147,9.8,CRITICAL
CVE-2021-22012,0.006847577986304844,6.733888952049468e-05,0.24637590602349413,0.00026941454440704147,7.5,HIGH
CVE-2021-22009,0.006847577986304844,6.733888952049468e-05,0.24637590602349413,0.00026941454440704147,7.5,HIGH
CVE-2021-21991,0.006847577986304844,6.733888952049468e-05,0.24637590602349413,0.00026941454440704147,7.8,HIGH
CVE-2021-22014,0.006847577986304844,6.733888952049468e-05,0.24637590602349413,0.00026941454440704147,7.2,HIGH
CVE-2021-21972,0.006847577986304844,6.733888952049468e-05,0.24637590602349413,0.00026941454440704147,9.8,CRITICAL
CVE-2021-24093,0.0951052498097895,3.144613006023744e-05,0.2689081361249403,0.00026905389152109897,8.8,HIGH
CVE-2021-43236,0.09485163581029672,4.971315315436175e-05,0.2688897981451173,0.00026897830270042,7.5,HIGH
CVE-2021-43222,0.09485163581029672,4.971315315436175e-05,0.2688897981451173,0.00026897830270042,7.5,HIGH
CVE-2021-43207,0.09485163581029672,4.971315315436175e-05,0.2688897981451173,0.00026897830270042,7.8,HIGH
CVE-2021-43234,0.09485163581029672,4.971315315436175e-05,0.2688897981451173,0.00026897830270042,7.8,HIGH
CVE-2021-43229,0.09485163581029672,4.971315315436175e-05,0.2688897981451173,0.00026897830270042,7.8,HIGH
CVE-2021-40443,0.09485163581029672,4.971315315436175e-05,0.2688897981451173,0.00026897830270042,7.8,HIGH
CVE-2021-43248,0.09485163581029672,4.971315315436175e-05,0.2688897981451173,0.00026897830270042,7.8,HIGH
CVE-2021-43233,0.09485163581029672,4.971315315436175e-05,0.2688897981451173,0.00026897830270042,7.5,HIGH
CVE-2021-43215,0.09485163581029672,4.971315315436175e-05,0.2688897981451173,0.00026897830270042,9.8,CRITICAL
CVE-2021-43883,0.09485163581029672,4.971315315436175e-05,0.2688897981451173,0.00026897830270042,7.8,HIGH
CVE-2021-43893,0.09485163581029672,4.971315315436175e-05,0.2688897981451173,0.00026897830270042,7.5,HIGH
CVE-2021-43230,0.09485163581029672,4.971315315436175e-05,0.2688897981451173,0.00026897830270042,7.8,HIGH
CVE-2021-46829,0.11742328176515343,2.731119242998939e-05,0.40300490596892885,0.0002689010907531927,7.8,HIGH
CVE-2021-26898,0.09485163581029672,4.12776409676225e-05,0.2688897981451173,0.0002685540732235806,7.8,HIGH
CVE-2021-26899,0.09485163581029672,4.12776409676225e-05,0.2688897981451173,0.0002685540732235806,7.8,HIGH
CVE-2021-26901,0.09485163581029672,4.12776409676225e-05,0.2688897981451173,0.0002685540732235805,7.8,HIGH
CVE-2021-1402,0.004565051990869896,0.0016946317612443237,0.32869289763254417,0.0002684516156624797,8.6,HIGH
CVE-2021-43232,0.09459802181080396,4.742296675402246e-05,0.2688714626662121,0.00026830646425424193,7.8,HIGH
CVE-2021-38655,0.013441541973116916,0.00010775201408149444,0.2139910995332682,0.00026830471722729174,7.8,HIGH
CVE-2021-26896,0.09459802181080396,3.8767509936331744e-05,0.2688714626662121,0.0002678558712001556,7.5,HIGH
CVE-2021-1704,0.09459802181080396,3.8767509936331744e-05,0.2688714626662121,0.0002678558712001556,7.3,HIGH
CVE-2021-28476,0.09459802181080396,3.8767509936331744e-05,0.2688714626662121,0.0002678558712001556,9.9,CRITICAL
CVE-2021-27063,0.09459802181080396,3.8767509936331744e-05,0.2688714626662121,0.0002678558712001556,7.5,HIGH
CVE-2021-26894,0.09459802181080396,3.8767509936331744e-05,0.2688714626662121,0.0002678558712001556,9.8,CRITICAL
CVE-2021-26897,0.09459802181080396,3.8767509936331744e-05,0.2688714626662121,0.0002678558712001556,9.8,CRITICAL
CVE-2021-26895,0.09459802181080396,3.8767509936331744e-05,0.2688714626662121,0.0002678558712001556,9.8,CRITICAL
CVE-2021-20190,0.08293177783413644,0.0006947825591749468,0.41266352694924124,0.0002676948912104905,8.1,HIGH
CVE-2021-27053,0.013441541973116916,0.00012031473280205234,0.2139910995332682,0.00026766679956039143,7.8,HIGH
CVE-2021-24070,0.013441541973116916,0.00012031473280205234,0.2139910995332682,0.00026766679956039143,7.8,HIGH
CVE-2021-1514,0.004057823991884352,0.0023945006091413553,0.3283097418817652,0.00026740393736556493,7.8,HIGH
CVE-2021-43223,0.09434440781131118,3.895643874191711e-05,0.2688531296877131,0.0002672600772525667,7.8,HIGH
CVE-2021-20050,0.003550595992898808,0.0027805585578263045,0.31108481262327414,0.00026670196560568655,7.5,HIGH
CVE-2021-20049,0.003550595992898808,0.0027805585578263045,0.31108481262327414,0.00026670196560568655,7.5,HIGH
CVE-2021-42282,0.09409079381181841,3.871457574851108e-05,0.2688347992091089,0.0002666200087033749,7.5,HIGH
CVE-2021-22045,0.007101191985797616,0.013704202488827998,0.3260563962623005,0.0002661104525327012,7.8,HIGH
CVE-2021-40470,0.09358356581283286,1.0564163705723994e-05,0.26901821655181823,0.0002654995661930962,7.8,HIGH
CVE-2021-42276,0.09358356581283286,1.0564163705723994e-05,0.26901821655181823,0.0002654995661930962,7.8,HIGH
CVE-2021-41347,0.09358356581283286,1.0564163705723994e-05,0.26901821655181823,0.0002654995661930962,7.8,HIGH
CVE-2021-41356,0.09358356581283286,1.0564163705723994e-05,0.26901821655181823,0.0002654995661930962,7.5,HIGH
CVE-2021-34525,0.09358356581283286,2.9692324917028683e-05,0.26879814574953986,0.0002651482568959758,8.8,HIGH
CVE-2021-26879,0.09358356581283286,2.9692324917028683e-05,0.26879814574953986,0.0002651482568959758,7.5,HIGH
CVE-2021-31953,0.09282272381435455,4.895659643085109e-05,0.26901821655181823,0.00026461975327823114,7.8,HIGH
CVE-2021-1669,0.0933299518133401,1.9607029448536227e-06,0.26899986355573746,0.0002644531867771688,8.8,HIGH
CVE-2021-28320,0.0933299518133401,1.9607029448536227e-06,0.26899986355573746,0.0002644531867771688,7.8,HIGH
CVE-2021-36973,0.0933299518133401,1.9607029448536227e-06,0.26899986355573746,0.0002644531867771688,7.8,HIGH
CVE-2021-1697,0.0933299518133401,1.9607029448536227e-06,0.26899986355573746,0.0002644531867771688,7.8,HIGH
CVE-2021-38634,0.0933299518133401,1.9607029448536227e-06,0.26899986355573746,0.0002644531867771688,7.1,HIGH
CVE-2021-36967,0.0933299518133401,1.9607029448536227e-06,0.26899986355573746,0.0002644531867771688,8.0,HIGH
CVE-2021-1685,0.0933299518133401,1.9607029448536227e-06,0.26899986355573746,0.0002644531867771688,7.3,HIGH
CVE-2021-28351,0.0933299518133401,1.9607029448536227e-06,0.26899986355573746,0.0002644531867771688,7.8,HIGH
CVE-2021-26866,0.0933299518133401,1.9607029448536227e-06,0.26899986355573746,0.0002644531867771688,7.1,HIGH
CVE-2021-34512,0.0933299518133401,1.9607029448536227e-06,0.26899986355573746,0.0002644531867771688,7.8,HIGH
CVE-2021-33759,0.0933299518133401,1.9607029448536227e-06,0.26899986355573746,0.0002644531867771688,7.8,HIGH
CVE-2021-24081,0.0933299518133401,1.9607029448536227e-06,0.26899986355573746,0.0002644531867771688,7.8,HIGH
CVE-2021-28436,0.0933299518133401,1.9607029448536227e-06,0.26899986355573746,0.0002644531867771688,7.8,HIGH
CVE-2021-28347,0.0933299518133401,1.9607029448536227e-06,0.26899986355573746,0.0002644531867771688,7.8,HIGH
CVE-2021-31977,0.0933299518133401,1.9607029448536227e-06,0.26899986355573746,0.0002644531867771688,8.6,HIGH
CVE-2021-34536,0.0933299518133401,1.9607029448536227e-06,0.26899986355573746,0.0002644531867771688,7.8,HIGH
CVE-2021-34462,0.0933299518133401,1.9607029448536227e-06,0.26899986355573746,0.0002644531867771688,7.0,HIGH
CVE-2021-26865,0.0933299518133401,1.9607029448536227e-06,0.26899986355573746,0.0002644531867771688,8.8,HIGH
CVE-2021-26864,0.0933299518133401,1.9607029448536227e-06,0.26899986355573746,0.0002644531867771688,8.4,HIGH
CVE-2021-1729,0.0933299518133401,1.9607029448536227e-06,0.26899986355573746,0.0002644531867771688,7.1,HIGH
CVE-2021-24091,0.0933299518133401,1.9607029448536227e-06,0.26899986355573746,0.0002644531867771688,7.8,HIGH
CVE-2021-33781,0.0933299518133401,1.9607029448536227e-06,0.26899986355573746,0.0002644531867771688,8.1,HIGH
CVE-2021-1689,0.0933299518133401,1.9607029448536227e-06,0.26899986355573746,0.0002644531867771688,7.8,HIGH
CVE-2021-34530,0.0933299518133401,1.9607029448536227e-06,0.26899986355573746,0.0002644531867771688,7.8,HIGH
CVE-2021-21994,0.006593963986812072,6.479368575856095e-07,0.24636051233989378,0.00026440607575513634,9.8,CRITICAL
CVE-2021-22042,0.006593963986812072,6.479368575856095e-07,0.24636051233989378,0.00026440607575513634,7.8,HIGH
CVE-2021-21995,0.006593963986812072,6.479368575856095e-07,0.24636051233989378,0.00026440607575513634,7.5,HIGH
CVE-2021-22050,0.006593963986812072,6.479368575856095e-07,0.24636051233989378,0.00026440607575513634,7.5,HIGH
CVE-2021-20298,0.11209738777580522,0.00011799401293772527,0.4144418751313853,0.00026424111720550444,7.5,HIGH
CVE-2021-20299,0.11209738777580522,0.00011799401293772527,0.4144418751313853,0.00026424111720550444,7.5,HIGH
CVE-2021-1647,0.09003296981993406,0.00014958095245947017,0.26854185112034323,0.00026353064697649266,7.8,HIGH
CVE-2021-26411,0.09003296981993406,0.00014958095245947017,0.26854185112034323,0.00026353064697649266,8.8,HIGH
CVE-2021-1611,0.004057823991884352,0.00013678617791257724,0.25257831016590865,0.00026347203949468194,8.6,HIGH
CVE-2021-34488,0.09282272381435455,1.85326001307691e-06,0.2689631650750341,0.0002631812909177669,7.8,HIGH
CVE-2021-1698,0.09282272381435455,1.85326001307691e-06,0.2689631650750341,0.0002631812909177669,7.8,HIGH
CVE-2021-34490,0.09282272381435455,1.85326001307691e-06,0.2689631650750341,0.0002631812909177669,7.5,HIGH
CVE-2021-34489,0.09282272381435455,1.85326001307691e-06,0.2689631650750341,0.0002631812909177669,7.8,HIGH
CVE-2021-34508,0.09282272381435455,1.85326001307691e-06,0.2689631650750341,0.0002631812909177669,8.8,HIGH
CVE-2021-34510,0.09282272381435455,1.85326001307691e-06,0.2689631650750341,0.0002631812909177669,7.8,HIGH
CVE-2021-31941,0.013187927973624143,5.4017222989918896e-05,0.21397948662289032,0.00026317120304123875,7.8,HIGH
CVE-2021-31940,0.013187927973624143,5.4017222989918896e-05,0.21397948662289032,0.00026317120304123875,7.8,HIGH
CVE-2021-1373,0.00507227998985544,0.00018111420904868961,0.26835908255631935,0.00026316067430850733,8.6,HIGH
CVE-2021-38650,0.013187927973624143,3.746099499849055e-05,0.21397948662289032,0.00026272791548158386,7.6,HIGH
CVE-2021-40464,0.0915546538168907,9.73598853116909e-05,0.26865163180486473,0.0002626530688935803,8.0,HIGH
CVE-2021-40462,0.0915546538168907,9.73598853116909e-05,0.26865163180486473,0.0002626530688935803,7.8,HIGH
CVE-2021-40461,0.0915546538168907,9.73598853116909e-05,0.26865163180486473,0.0002626530688935803,8.0,HIGH
CVE-2021-28965,0.11767689576464621,3.917204620283454e-05,0.44243716337522443,0.0002626249759889936,7.5,HIGH
CVE-2021-33740,0.09256910981486177,1.83633329191096e-06,0.2689448195893868,0.0002625675827072534,7.8,HIGH
CVE-2021-32565,0.112351001775298,0.00012402587729542448,0.4144854409755072,0.0002623781129817244,7.5,HIGH
CVE-2021-32567,0.112351001775298,0.00012402587729542448,0.4144854409755072,0.0002623781129817244,7.5,HIGH
CVE-2021-32566,0.112351001775298,0.00012402587729542448,0.4144854409755072,0.0002623781129817244,7.5,HIGH
CVE-2021-35474,0.112351001775298,0.00012402587729542448,0.4144854409755072,0.0002623781129817244,9.8,CRITICAL
CVE-2021-33627,0.004311437991377124,3.0865801155306937e-07,0.2041101563308831,0.0002621030643820182,8.2,HIGH
CVE-2021-42554,0.004311437991377124,3.0865801155306937e-07,0.2041101563308831,0.0002621030643820182,8.2,HIGH
CVE-2021-41837,0.004311437991377124,3.0865801155306937e-07,0.2041101563308831,0.0002621030643820182,8.2,HIGH
CVE-2021-41838,0.004311437991377124,3.0865801155306937e-07,0.2041101563308831,0.0002621030643820182,8.2,HIGH
CVE-2021-33751,0.092315495815369,4.892148595833672e-07,0.26865163180486473,0.00026136370139525565,7.0,HIGH
CVE-2021-34487,0.092315495815369,4.892148595833672e-07,0.26865163180486473,0.00026136370139525565,7.0,HIGH
CVE-2021-26880,0.092315495815369,4.892148595833672e-07,0.26865163180486473,0.00026136370139525565,7.8,HIGH
CVE-2021-26891,0.092315495815369,4.892148595833672e-07,0.26865163180486473,0.00026136370139525565,7.8,HIGH
CVE-2021-24096,0.092315495815369,4.892148595833672e-07,0.26865163180486473,0.00026136370139525565,7.8,HIGH
CVE-2021-36957,0.092315495815369,4.892148595833672e-07,0.26865163180486473,0.00026136370139525565,7.8,HIGH
CVE-2021-26416,0.092315495815369,4.892148595833672e-07,0.26865163180486473,0.00026136370139525565,7.7,HIGH
CVE-2021-1642,0.092315495815369,4.892148595833672e-07,0.26865163180486473,0.00026136370139525565,7.8,HIGH
CVE-2021-35042,0.11767689576464621,3.2632092521939143e-06,0.44263583295913783,0.00026095809870518074,9.8,CRITICAL
CVE-2021-22026,0.006593963986812072,2.0858479425608953e-05,0.2489424837426605,0.0002608421214531532,7.5,HIGH
CVE-2021-22025,0.006593963986812072,2.0858479425608953e-05,0.2489424837426605,0.0002608421214531532,7.5,HIGH
CVE-2021-22024,0.006593963986812072,2.0858479425608953e-05,0.2489424837426605,0.0002608421214531532,7.5,HIGH
CVE-2021-22027,0.006593963986812072,2.0858479425608953e-05,0.2489424837426605,0.0002608421214531532,7.5,HIGH
CVE-2021-22023,0.006593963986812072,2.0858479425608953e-05,0.2489424837426605,0.0002608421214531532,7.2,HIGH
CVE-2021-27379,0.11311184377377631,6.241984212774369e-05,0.4146161934805468,0.00026071827832649744,7.8,HIGH
CVE-2021-41378,0.09180826781638346,8.851536619152221e-06,0.26861502827168066,0.0002605070068877025,7.8,HIGH
CVE-2021-3590,0.000760841998478316,0.0005069707839759162,0.23028851769653078,0.0002600466132949696,8.8,HIGH
CVE-2021-21154,0.11767689576464621,3.576197706055059e-05,0.4302706241815801,0.00025981377359867103,9.6,CRITICAL
CVE-2021-21143,0.11767689576464621,3.576197706055059e-05,0.4302706241815801,0.00025981377359867103,8.8,HIGH
CVE-2021-21144,0.11767689576464621,3.576197706055059e-05,0.4302706241815801,0.00025981377359867103,8.8,HIGH
CVE-2021-21146,0.11767689576464621,3.576197706055059e-05,0.4302706241815801,0.00025981377359867103,9.6,CRITICAL
CVE-2021-21151,0.11767689576464621,3.576197706055059e-05,0.4302706241815801,0.00025981377359867103,9.6,CRITICAL
CVE-2021-21156,0.11767689576464621,3.576197706055059e-05,0.4302706241815801,0.00025981377359867103,8.8,HIGH
CVE-2021-21145,0.11767689576464621,3.576197706055059e-05,0.4302706241815801,0.000259813773598671,8.8,HIGH
CVE-2021-32272,0.11184377377631245,4.5082113935793254e-05,0.4143983184445612,0.00025949937791518206,7.8,HIGH
CVE-2021-32273,0.11184377377631245,4.5082113935793254e-05,0.4143983184445612,0.00025949937791518206,7.8,HIGH
CVE-2021-28314,0.0915546538168907,3.724564580257899e-07,0.2685967302452316,0.00025946064188613554,7.8,HIGH
CVE-2021-34445,0.0915546538168907,3.724564580257899e-07,0.2685967302452316,0.00025946064188613554,7.8,HIGH
CVE-2021-33785,0.0915546538168907,3.724564580257899e-07,0.2685967302452316,0.00025946064188613554,7.5,HIGH
CVE-2021-26863,0.0915546538168907,3.724564580257899e-07,0.2685967302452316,0.00025946064188613554,7.0,HIGH
CVE-2021-33774,0.0915546538168907,3.724564580257899e-07,0.2685967302452316,0.00025946064188613554,7.0,HIGH
CVE-2021-26874,0.0915546538168907,3.724564580257899e-07,0.2685967302452316,0.00025946064188613554,7.8,HIGH
CVE-2021-31170,0.0915546538168907,3.724564580257899e-07,0.2685967302452316,0.00025946064188613554,7.8,HIGH
CVE-2021-36966,0.0915546538168907,3.724564580257899e-07,0.2685967302452316,0.00025946064188613554,7.8,HIGH
CVE-2021-31952,0.0915546538168907,3.724564580257899e-07,0.2685967302452316,0.00025946064188613554,7.8,HIGH
CVE-2021-34438,0.0915546538168907,3.724564580257899e-07,0.2685967302452316,0.00025946064188613554,7.8,HIGH
CVE-2021-1662,0.0915546538168907,3.724564580257899e-07,0.2685967302452316,0.00025946064188613554,7.8,HIGH
CVE-2021-31951,0.0915546538168907,3.724564580257899e-07,0.2685967302452316,0.00025946064188613554,7.8,HIGH
CVE-2021-41330,0.0915546538168907,3.724564580257899e-07,0.2685967302452316,0.00025946064188613554,7.8,HIGH
CVE-2021-36975,0.0915546538168907,3.724564580257899e-07,0.2685967302452316,0.00025946064188613554,7.8,HIGH
CVE-2021-27086,0.0915546538168907,3.724564580257899e-07,0.2685967302452316,0.00025946064188613554,7.8,HIGH
CVE-2021-1682,0.0915546538168907,3.724564580257899e-07,0.2685967302452316,0.00025946064188613554,7.0,HIGH
CVE-2021-28319,0.0915546538168907,3.724564580257899e-07,0.2685967302452316,0.00025946064188613554,7.5,HIGH
CVE-2021-33784,0.0915546538168907,3.724564580257899e-07,0.2685967302452316,0.0002594606418861355,7.8,HIGH
CVE-2021-33743,0.0915546538168907,3.724564580257899e-07,0.2685967302452316,0.0002594606418861355,7.8,HIGH
CVE-2021-34449,0.0915546538168907,3.724564580257899e-07,0.2685967302452316,0.0002594606418861355,7.0,HIGH
CVE-2021-26889,0.0915546538168907,3.724564580257899e-07,0.2685967302452316,0.0002594606418861355,7.8,HIGH
CVE-2021-26860,0.0915546538168907,3.724564580257899e-07,0.2685967302452316,0.0002594606418861355,7.8,HIGH
CVE-2021-31167,0.0915546538168907,3.724564580257899e-07,0.2685967302452316,0.0002594606418861355,7.8,HIGH
CVE-2021-36954,0.0915546538168907,3.724564580257899e-07,0.2685967302452316,0.0002594606418861355,8.8,HIGH
CVE-2021-27088,0.0915546538168907,3.724564580257899e-07,0.2685967302452316,0.0002594606418861355,7.8,HIGH
CVE-2021-26870,0.0915546538168907,3.724564580257899e-07,0.2685967302452316,0.0002594606418861355,7.8,HIGH
CVE-2021-31969,0.0915546538168907,3.724564580257899e-07,0.2685967302452316,0.0002594606418861355,7.8,HIGH
CVE-2021-24095,0.0915546538168907,3.724564580257899e-07,0.2685967302452316,0.0002594606418861355,7.0,HIGH
CVE-2021-1638,0.0915546538168907,3.724564580257899e-07,0.2685967302452316,0.0002594606418861355,7.7,HIGH
CVE-2021-34513,0.09130103981739791,1.6870659586083387e-06,0.2688347992091089,0.00025939840252423154,7.8,HIGH
CVE-2021-26890,0.09130103981739791,3.639108622216523e-07,0.26854185112034323,0.00025883390288387116,7.8,HIGH
CVE-2021-44686,0.11666243976667512,0.0,0.44223867205024675,0.0002587780558543981,7.5,HIGH
CVE-2021-41500,0.11666243976667512,0.0,0.44223867205024675,0.000258778055854398,7.5,HIGH
CVE-2021-32810,0.11666243976667512,0.0,0.44223867205024675,0.00025877805585439797,9.8,CRITICAL
CVE-2021-45848,0.11666243976667512,0.0,0.44223867205024675,0.00025877805585439797,7.5,HIGH
CVE-2021-3781,0.11666243976667512,0.0,0.44223867205024675,0.00025877805585439797,9.9,CRITICAL
CVE-2021-25218,0.11666243976667512,0.0,0.44223867205024675,0.00025877805585439797,7.5,HIGH
CVE-2021-36377,0.11666243976667512,0.0,0.44223867205024675,0.00025877805585439797,7.5,HIGH
CVE-2021-38512,0.11666243976667512,0.0,0.44223867205024675,0.00025877805585439797,7.5,HIGH
CVE-2021-28484,0.11666243976667512,0.0,0.44223867205024675,0.00025877805585439797,7.5,HIGH
CVE-2021-32677,0.11666243976667512,0.0,0.44223867205024675,0.00025877805585439797,8.2,HIGH
CVE-2021-3609,0.07963479584073041,0.00013652139195405817,0.35002219263204615,0.00025846070052651295,7.0,HIGH
CVE-2021-0565,0.05325893989348212,0.0,0.3349757879534449,0.0002584001045224835,7.0,HIGH
CVE-2021-0553,0.05325893989348212,0.0,0.3349757879534449,0.0002584001045224835,7.3,HIGH
CVE-2021-0649,0.05325893989348212,0.0,0.3349757879534449,0.0002584001045224835,7.8,HIGH
CVE-2021-25410,0.05325893989348212,0.0,0.3349757879534449,0.0002584001045224835,7.1,HIGH
CVE-2021-0485,0.05325893989348212,0.0,0.3349757879534449,0.0002584001045224835,7.8,HIGH
CVE-2021-0538,0.05325893989348212,0.0,0.3349757879534449,0.0002584001045224835,7.3,HIGH
CVE-2021-0446,0.05325893989348212,0.0,0.3349757879534449,0.0002584001045224835,7.3,HIGH
CVE-2021-0441,0.05325893989348212,0.0,0.3349757879534449,0.0002584001045224835,7.3,HIGH
CVE-2021-0372,0.05325893989348212,0.0,0.3349757879534449,0.0002584001045224835,7.8,HIGH
CVE-2021-39676,0.05325893989348212,0.0,0.3349757879534449,0.0002584001045224835,7.8,HIGH
CVE-2021-0603,0.05325893989348212,0.0,0.3349757879534449,0.0002584001045224835,7.8,HIGH
CVE-2021-0537,0.05325893989348212,0.0,0.3349757879534449,0.0002584001045224835,7.3,HIGH
CVE-2021-0555,0.05325893989348212,0.0,0.3349757879534449,0.0002584001045224835,7.5,HIGH
CVE-2021-0568,0.05325893989348212,0.0,0.3349757879534449,0.0002584001045224835,7.8,HIGH
CVE-2021-0385,0.05325893989348212,0.0,0.3349757879534449,0.0002584001045224835,7.8,HIGH
CVE-2021-0369,0.05325893989348212,0.0,0.3349757879534449,0.0002584001045224835,7.8,HIGH
CVE-2021-0388,0.05325893989348212,0.0,0.3349757879534449,0.0002584001045224835,7.8,HIGH
CVE-2021-0539,0.05325893989348212,0.0,0.3349757879534449,0.0002584001045224835,7.8,HIGH
CVE-2021-0570,0.05325893989348212,0.0,0.3349757879534449,0.0002584001045224835,7.8,HIGH
CVE-2021-39677,0.05325893989348212,0.0,0.3349757879534449,0.0002584001045224835,7.5,HIGH
CVE-2021-0426,0.05325893989348212,0.0,0.3349757879534449,0.0002584001045224835,7.8,HIGH
CVE-2021-0427,0.05325893989348212,0.0,0.3349757879534449,0.0002584001045224835,7.8,HIGH
CVE-2021-0694,0.05325893989348212,0.0,0.3349757879534449,0.0002584001045224835,7.8,HIGH
CVE-2021-0386,0.05325893989348212,0.0,0.3349757879534449,0.0002584001045224835,7.8,HIGH
CVE-2021-0645,0.05325893989348212,0.0,0.3349757879534449,0.0002584001045224835,7.8,HIGH
CVE-2021-0432,0.05325893989348212,0.0,0.3349757879534449,0.0002584001045224835,7.0,HIGH
CVE-2021-0534,0.05325893989348212,0.0,0.3349757879534449,0.0002584001045224835,7.8,HIGH
CVE-2021-0487,0.05325893989348212,0.0,0.3349757879534449,0.0002584001045224835,7.8,HIGH
CVE-2021-0517,0.05325893989348212,0.0,0.3349757879534449,0.0002584001045224835,7.5,HIGH
CVE-2021-0567,0.05325893989348212,0.0,0.3349757879534449,0.0002584001045224835,7.8,HIGH
CVE-2021-0442,0.05325893989348212,0.0,0.3349757879534449,0.0002584001045224835,7.8,HIGH
CVE-2021-0685,0.05325893989348212,0.0,0.3349757879534449,0.0002584001045224835,7.8,HIGH
CVE-2021-0548,0.05325893989348212,0.0,0.3349757879534449,0.0002584001045224835,7.8,HIGH
CVE-2021-39695,0.05325893989348212,0.0,0.3349757879534449,0.0002584001045224835,7.8,HIGH
CVE-2021-0550,0.05325893989348212,0.0,0.3349757879534449,0.0002584001045224835,7.8,HIGH
CVE-2021-0536,0.05325893989348212,0.0,0.3349757879534449,0.0002584001045224835,7.8,HIGH
CVE-2021-0395,0.05325893989348212,0.0,0.3349757879534449,0.0002584001045224835,7.8,HIGH
CVE-2021-0571,0.05325893989348212,0.0,0.3349757879534449,0.0002584001045224835,7.8,HIGH
CVE-2021-0303,0.05325893989348212,0.0,0.3349757879534449,0.0002584001045224835,7.0,HIGH
CVE-2021-0389,0.05325893989348212,0.0,0.3349757879534449,0.0002584001045224835,7.8,HIGH
CVE-2021-0922,0.05325893989348212,0.0,0.3349757879534449,0.0002584001045224835,7.8,HIGH
CVE-2021-0955,0.05325893989348212,0.0,0.3349757879534449,0.0002584001045224835,7.0,HIGH
CVE-2021-23243,0.05325893989348212,0.0,0.3349757879534449,0.0002584001045224835,7.8,HIGH
CVE-2021-0482,0.05325893989348212,0.0,0.3349757879534449,0.0002584001045224835,7.0,HIGH
CVE-2021-0398,0.05325893989348212,0.0,0.3349757879534449,0.0002584001045224835,7.8,HIGH
CVE-2021-0547,0.05325893989348212,0.0,0.3349757879534449,0.0002584001045224835,7.8,HIGH
CVE-2021-0505,0.05325893989348212,0.0,0.3349757879534449,0.0002584001045224835,7.8,HIGH
CVE-2021-25388,0.05325893989348212,0.0,0.3349757879534449,0.0002584001045224835,7.1,HIGH
CVE-2021-0380,0.05325893989348212,0.0,0.3349757879534449,0.0002584001045224835,7.8,HIGH
CVE-2021-0383,0.05325893989348212,0.0,0.3349757879534449,0.0002584001045224835,7.8,HIGH
CVE-2021-0557,0.05325893989348212,0.0,0.3349757879534449,0.0002584001045224835,8.8,HIGH
CVE-2021-0310,0.05325893989348212,0.0,0.3349757879534449,0.0002584001045224835,7.8,HIGH
CVE-2021-0439,0.05325893989348212,0.0,0.3349757879534449,0.0002584001045224835,7.8,HIGH
CVE-2021-0921,0.05325893989348212,0.0,0.3349757879534449,0.0002584001045224835,7.8,HIGH
CVE-2021-0376,0.05325893989348212,0.0,0.3349757879534449,0.0002584001045224835,7.8,HIGH
CVE-2021-1368,0.003043367993913264,0.002242298161502298,0.3286654997082604,0.00025786800210366915,8.8,HIGH
CVE-2021-31180,0.012934313974131372,1.7196963048593372e-05,0.21396787497286737,0.0002569655011050153,7.8,HIGH
CVE-2021-43231,0.09028658381942684,8.634930914384484e-06,0.2685052774940415,0.00025673515035656353,7.8,HIGH
CVE-2021-33779,0.09028658381942684,2.178807964801937e-07,0.2685052774940415,0.0002563109695302584,8.1,HIGH
CVE-2021-34458,0.09028658381942684,2.178807964801937e-07,0.2685052774940415,0.0002563109695302584,9.9,CRITICAL
CVE-2021-26876,0.09028658381942684,2.911381426411724e-07,0.268486994416451,0.0002562944215058894,8.8,HIGH
CVE-2021-41334,0.08977935582044129,8.72305166131278e-06,0.2684504357298475,0.00025549444225477755,7.0,HIGH
CVE-2021-26443,0.08977935582044129,8.544933622745848e-06,0.26846871382855586,0.00025545423503523385,9.0,CRITICAL
CVE-2021-1723,0.10169921379660157,0.05437416333802837,0.4494984040127679,0.000255332163640111,7.5,HIGH
CVE-2021-1260,0.004057823991884352,7.614528349784995e-05,0.19950414895770088,0.0002551224326359559,7.8,HIGH
CVE-2021-1261,0.004057823991884352,7.614528349784995e-05,0.19950414895770088,0.0002551224326359559,7.8,HIGH
CVE-2021-1262,0.004057823991884352,7.614528349784995e-05,0.19950414895770088,0.00025512243263595586,7.8,HIGH
CVE-2021-1263,0.004057823991884352,7.614528349784995e-05,0.19950414895770088,0.00025512243263595586,7.8,HIGH
CVE-2021-1298,0.004057823991884352,7.614528349784995e-05,0.19950414895770088,0.00025512243263595586,8.8,HIGH
CVE-2021-1299,0.004057823991884352,7.614528349784995e-05,0.19950414895770088,0.00025512243263595586,8.8,HIGH
CVE-2021-24090,0.08977935582044129,2.72785447535524e-07,0.2684504357298475,0.00025506366205682324,7.8,HIGH
CVE-2021-1691,0.08977935582044129,2.72785447535524e-07,0.2684504357298475,0.00025506366205682324,7.7,HIGH
CVE-2021-22555,0.08394623383210753,0.00014050223125753423,0.3510818270857448,0.000254933709597922,8.3,HIGH
CVE-2021-43228,0.08952574182094851,8.5212206886765e-06,0.2684504357298475,0.00025483205488834444,7.5,HIGH
CVE-2021-43247,0.08952574182094851,8.5212206886765e-06,0.2684504357298475,0.00025483205488834444,7.8,HIGH
CVE-2021-43219,0.08952574182094851,8.5212206886765e-06,0.2684504357298475,0.00025483205488834444,7.4,HIGH
CVE-2021-22880,0.09967030180065939,0.0005654013185084153,0.42521298393184515,0.00025478326840018653,7.5,HIGH
CVE-2021-27070,0.08952574182094851,2.648394528931137e-07,0.2684321601198176,0.00025444808959624964,7.3,HIGH
CVE-2021-34461,0.08952574182094851,2.648394528931137e-07,0.2684321601198176,0.00025444808959624964,7.8,HIGH
CVE-2021-31208,0.08952574182094851,2.648394528931137e-07,0.2684321601198176,0.00025444808959624964,7.8,HIGH
CVE-2021-27090,0.08952574182094851,2.648394528931137e-07,0.2684321601198176,0.00025444808959624964,7.8,HIGH
CVE-2021-31169,0.08952574182094851,2.648394528931137e-07,0.2684321601198176,0.00025444808959624964,7.8,HIGH
CVE-2021-33772,0.08952574182094851,2.648394528931137e-07,0.2684321601198176,0.00025444808959624964,7.5,HIGH
CVE-2021-31168,0.08952574182094851,2.648394528931137e-07,0.2684321601198176,0.00025444808959624964,7.8,HIGH
CVE-2021-1703,0.08952574182094851,2.648394528931137e-07,0.2684321601198176,0.00025444808959624964,7.8,HIGH
CVE-2021-26431,0.08952574182094851,2.648394528931137e-07,0.2684321601198176,0.00025444808959624964,7.8,HIGH
CVE-2021-28324,0.08952574182094851,2.648394528931137e-07,0.2684321601198176,0.00025444808959624964,7.5,HIGH
CVE-2021-31165,0.08952574182094851,2.648394528931137e-07,0.2684321601198176,0.00025444808959624964,7.8,HIGH
CVE-2021-34450,0.08952574182094851,1.1092184995696104e-07,0.2684504357298475,0.00025440788265167197,8.5,HIGH
CVE-2021-23926,0.08039563783920872,0.000686741446612554,0.3853973218649203,0.00025419189482647027,9.1,CRITICAL
CVE-2021-22879,0.09814861780370276,0.0005069707839759164,0.4116296064307339,0.0002541333947188162,8.8,HIGH
CVE-2021-43666,0.11184377377631245,1.4960013025415672e-05,0.4143983184445612,0.0002540957919606835,7.5,HIGH
CVE-2021-44732,0.11184377377631245,1.4960013025415672e-05,0.4143983184445612,0.0002540957919606834,9.8,CRITICAL
CVE-2021-36690,0.07862033984275932,0.00012800894799685868,0.3436764577704175,0.000253153713022242,7.5,HIGH
CVE-2021-42097,0.11184377377631245,4.733171420068414e-07,0.4143983184445612,0.0002531297699158835,8.0,HIGH
CVE-2021-21261,0.11184377377631245,3.251434123347988e-08,0.4143983184445612,0.00025304376768179237,7.3,HIGH
CVE-2021-42387,0.11159015977681967,0.0,0.41435477091214795,0.0002525853211044978,8.1,HIGH
CVE-2021-36050,0.11159015977681967,0.0,0.41435477091214795,0.0002525853211044978,7.8,HIGH
CVE-2021-3803,0.11159015977681967,0.0,0.41435477091214795,0.0002525853211044978,7.5,HIGH
CVE-2021-3805,0.11159015977681967,0.0,0.41435477091214795,0.0002525853211044978,7.5,HIGH
CVE-2021-42529,0.11159015977681967,0.0,0.41435477091214795,0.0002525853211044978,7.8,HIGH
CVE-2021-23518,0.11159015977681967,0.0,0.41435477091214795,0.0002525853211044978,7.3,HIGH
CVE-2021-30130,0.11159015977681967,0.0,0.41435477091214795,0.0002525853211044978,7.5,HIGH
CVE-2021-42388,0.11159015977681967,0.0,0.41435477091214795,0.00025258532110449775,8.1,HIGH
CVE-2021-32862,0.11159015977681967,0.0,0.41435477091214795,0.00025258532110449775,7.5,HIGH
CVE-2021-3918,0.11159015977681967,0.0,0.41435477091214795,0.00025258532110449775,9.8,CRITICAL
CVE-2021-36051,0.11159015977681967,0.0,0.41435477091214795,0.00025258532110449775,7.8,HIGH
CVE-2021-36047,0.11159015977681967,0.0,0.41435477091214795,0.00025258532110449775,7.8,HIGH
CVE-2021-42771,0.11159015977681967,0.0,0.41435477091214795,0.00025258532110449775,7.8,HIGH
CVE-2021-40330,0.11159015977681967,0.0,0.41435477091214795,0.00025258532110449775,7.5,HIGH
CVE-2021-42532,0.11159015977681967,0.0,0.41435477091214795,0.00025258532110449775,7.8,HIGH
CVE-2021-36052,0.11159015977681967,0.0,0.41435477091214795,0.00025258532110449775,7.8,HIGH
CVE-2021-35472,0.11159015977681967,0.0,0.41435477091214795,0.00025258532110449775,8.8,HIGH
CVE-2021-40516,0.11159015977681967,0.0,0.41435477091214795,0.00025258532110449775,7.5,HIGH
CVE-2021-37789,0.11159015977681967,0.0,0.41435477091214795,0.00025258532110449775,8.1,HIGH
CVE-2021-43304,0.11159015977681967,0.0,0.41435477091214795,0.00025258532110449775,8.8,HIGH
CVE-2021-33038,0.11159015977681967,0.0,0.41435477091214795,0.00025258532110449775,7.5,HIGH
CVE-2021-39847,0.11159015977681967,0.0,0.41435477091214795,0.00025258532110449775,7.8,HIGH
CVE-2021-36055,0.11159015977681967,0.0,0.41435477091214795,0.00025258532110449775,7.8,HIGH
CVE-2021-36064,0.11159015977681967,0.0,0.41435477091214795,0.00025258532110449775,7.8,HIGH
CVE-2021-29509,0.11159015977681967,0.0,0.41435477091214795,0.00025258532110449775,7.5,HIGH
CVE-2021-43400,0.11159015977681967,0.0,0.41435477091214795,0.00025258532110449775,9.1,CRITICAL
CVE-2021-36048,0.11159015977681967,0.0,0.41435477091214795,0.00025258532110449775,7.8,HIGH
CVE-2021-40874,0.11159015977681967,0.0,0.41435477091214795,0.00025258532110449775,9.8,CRITICAL
CVE-2021-42530,0.11159015977681967,0.0,0.41435477091214795,0.00025258532110449775,7.8,HIGH
CVE-2021-43305,0.11159015977681967,0.0,0.41435477091214795,0.00025258532110449775,8.8,HIGH
CVE-2021-36369,0.11159015977681967,0.0,0.41435477091214795,0.00025258532110449775,7.5,HIGH
CVE-2021-36046,0.11159015977681967,0.0,0.41435477091214795,0.00025258532110449775,7.8,HIGH
CVE-2021-42531,0.11159015977681967,0.0,0.41435477091214795,0.00025258532110449775,7.8,HIGH
CVE-2021-24108,0.012680699974638599,1.7106382016540595e-05,0.2139562645829942,0.0002525605897572184,7.8,HIGH
CVE-2021-40471,0.012680699974638599,5.565213574543703e-07,0.2139562645829942,0.00025211757858712434,7.8,HIGH
CVE-2021-40479,0.012680699974638599,5.565213574543703e-07,0.2139562645829942,0.00025211757858712434,7.8,HIGH
CVE-2021-40473,0.012680699974638599,5.565213574543703e-07,0.2139562645829942,0.00025211757858712434,7.8,HIGH
CVE-2021-34469,0.012680699974638599,5.565213574543703e-07,0.2139562645829942,0.00025211757858712434,8.2,HIGH
CVE-2021-38646,0.012680699974638599,5.565213574543703e-07,0.2139562645829942,0.00025211757858712434,7.8,HIGH
CVE-2021-2351,0.02409332995181334,0.0008184555113579366,0.3625747126436782,0.00025201413672026516,8.3,HIGH
CVE-2021-1528,0.003550595992898808,1.15746754332401e-06,0.24772256078406735,0.00025136540271074786,7.8,HIGH
CVE-2021-21974,0.0063403499873192996,0.0,0.24634512057978258,0.0002507889604233537,8.8,HIGH
CVE-2021-34521,0.08800405782399189,2.3574030910403206e-07,0.26828604477104173,0.0002507508976728417,7.8,HIGH
CVE-2021-34699,0.0048186659903626675,9.714255321201939e-05,0.2679942907632706,0.0002499822872222156,7.7,HIGH
CVE-2021-1620,0.0048186659903626675,9.714255321201939e-05,0.2679942907632706,0.0002499822872222156,7.7,HIGH
CVE-2021-1403,0.0048186659903626675,9.714255321201939e-05,0.2679942907632706,0.0002499822872222156,7.4,HIGH
CVE-2021-1529,0.003550595992898808,0.00024896907859057527,0.25282123621441394,0.00024820388215215445,7.8,HIGH
CVE-2021-1432,0.004565051990869896,6.0364183797936514e-06,0.21418871204302242,0.00024751863227449585,7.3,HIGH
CVE-2021-3491,0.07862033984275932,8.347775150510743e-05,0.3407951598962835,0.00024750451144396244,7.8,HIGH
CVE-2021-3490,0.07862033984275932,8.347775150510743e-05,0.3407951598962835,0.00024750451144396244,7.8,HIGH
CVE-2021-3489,0.07862033984275932,8.347775150510743e-05,0.3407951598962835,0.00024750451144396244,7.8,HIGH
CVE-2021-34503,0.08648237382703525,2.3576479299764926e-07,0.26819480342810503,0.0002471595124388618,7.8,HIGH
CVE-2021-34769,0.004565051990869896,0.0004309140979555357,0.26832255869343313,0.0002469130796487419,8.6,HIGH
CVE-2021-34768,0.004565051990869896,0.0004309140979555357,0.26832255869343313,0.0002469130796487419,8.6,HIGH
CVE-2021-43240,0.08622875982754248,8.401031577200888e-06,0.26819480342810503,0.00024677016040892236,7.8,HIGH
CVE-2021-43237,0.08622875982754248,8.401031577200888e-06,0.26819480342810503,0.0002467701604089223,7.8,HIGH
CVE-2021-1573,0.004311437991377124,0.0016914198510596602,0.3286654997082604,0.00024667483385257895,8.6,HIGH
CVE-2021-34704,0.004311437991377124,0.0016914198510596602,0.3286654997082604,0.00024667483385257895,8.6,HIGH
CVE-2021-31949,0.012427085975145828,1.671039443457821e-05,0.2139214409722222,0.00024664255541029175,7.3,HIGH
CVE-2021-20194,0.08572153182855693,0.00011689427146457521,0.35101931808065523,0.0002464087393070844,7.8,HIGH
CVE-2021-26867,0.08622875982754248,1.941060605597228e-08,0.26819480342810503,0.0002463457649706917,9.9,CRITICAL
CVE-2021-43239,0.0859751458280497,8.396329654994909e-06,0.2681765626062708,0.00024615641669489634,7.1,HIGH
CVE-2021-27085,0.08343900583312198,0.00010047147065029134,0.26797607720538263,0.00024604662791847897,8.8,HIGH
CVE-2021-1732,0.08343900583312198,0.00010047147065029134,0.26797607720538263,0.00024604662791847897,7.8,HIGH
CVE-2021-28310,0.08343900583312198,0.00010047147065029134,0.26797607720538263,0.00024604662791847897,7.8,HIGH
CVE-2021-1565,0.004311437991377124,0.0006770679856245064,0.26830430048992926,0.0002457946003714001,8.6,HIGH
CVE-2021-26708,0.08217093583565813,0.00012512518297031904,0.35092559629761483,0.00024563223224775236,7.0,HIGH
CVE-2021-34404,0.03018006593963987,0.0005440796124386091,0.35318882121103545,0.000245521700186167,7.1,HIGH
CVE-2021-34403,0.03018006593963987,0.0005440796124386091,0.35318882121103545,0.000245521700186167,7.8,HIGH
CVE-2021-34401,0.03018006593963987,0.0005440796124386091,0.35318882121103545,0.000245521700186167,7.8,HIGH
CVE-2021-31440,0.08191732183616536,0.00011424938250969884,0.35080071174377225,0.0002451369250157432,7.0,HIGH
CVE-2021-28691,0.08191732183616536,0.00011424938250969884,0.35080071174377225,0.0002451369250157432,7.8,HIGH
CVE-2021-45970,0.004057823991884352,0.0,0.20409959107614264,0.0002449282489132571,8.2,HIGH
CVE-2021-43323,0.004057823991884352,0.0,0.20409959107614264,0.0002449282489132571,8.2,HIGH
CVE-2021-43615,0.004057823991884352,0.0,0.20409959107614264,0.0002449282489132571,8.2,HIGH
CVE-2021-42060,0.004057823991884352,0.0,0.20409959107614264,0.0002449282489132571,8.2,HIGH
CVE-2021-41839,0.004057823991884352,0.0,0.20409959107614264,0.0002449282489132571,8.2,HIGH
CVE-2021-41842,0.004057823991884352,0.0,0.20409959107614264,0.0002449282489132571,9.8,CRITICAL
CVE-2021-45971,0.004057823991884352,0.0,0.20409959107614264,0.0002449282489132571,8.2,HIGH
CVE-2021-41840,0.004057823991884352,0.0,0.20409959107614264,0.0002449282489132571,8.2,HIGH
CVE-2021-42113,0.004057823991884352,0.0,0.20409959107614264,0.0002449282489132571,8.2,HIGH
CVE-2021-43522,0.004057823991884352,0.0,0.20409959107614264,0.0002449282489132571,7.5,HIGH
CVE-2021-45969,0.004057823991884352,0.0,0.20409959107614264,0.0002449282489132571,8.2,HIGH
CVE-2021-41841,0.004057823991884352,0.0,0.20409959107614264,0.0002449282489132571,8.2,HIGH
CVE-2021-40117,0.004057823991884352,0.0,0.24865989783691744,0.00024474116763096947,8.6,HIGH
CVE-2021-34793,0.004057823991884352,0.0,0.24865989783691744,0.00024474116763096947,8.6,HIGH
CVE-2021-1501,0.004057823991884352,0.0,0.24865989783691744,0.00024474116763096947,8.6,HIGH
CVE-2021-34783,0.004057823991884352,0.0,0.24865989783691744,0.00024474116763096947,8.6,HIGH
CVE-2021-34781,0.004057823991884352,0.0,0.24865989783691744,0.00024474116763096947,8.6,HIGH
CVE-2021-1493,0.004057823991884352,0.0,0.24865989783691744,0.00024474116763096947,8.5,HIGH
CVE-2021-34792,0.004057823991884352,0.0,0.24865989783691744,0.00024474116763096947,8.6,HIGH
CVE-2021-34762,0.004057823991884352,0.0,0.24865989783691744,0.00024474116763096947,8.1,HIGH
CVE-2021-40118,0.004057823991884352,0.0,0.24865989783691744,0.00024474116763096947,8.6,HIGH
CVE-2021-1504,0.004057823991884352,0.0,0.24865989783691744,0.00024474116763096947,8.6,HIGH
CVE-2021-40116,0.004057823991884352,0.0,0.24865989783691744,0.00024474116763096947,8.6,HIGH
CVE-2021-1445,0.004057823991884352,0.0,0.24865989783691744,0.00024474116763096947,8.6,HIGH
CVE-2021-31190,0.08546791782906416,2.1030218167107003e-07,0.2681218550251598,0.0002447013818561252,7.8,HIGH
CVE-2021-42286,0.08546791782906416,4.4791852836868465e-10,0.26814008840530434,0.0002445000522622535,7.8,HIGH
CVE-2021-20043,0.003043367993913264,0.0,0.23744429724196073,0.00024409634701813595,8.8,HIGH
CVE-2021-20028,0.003043367993913264,0.0,0.23744429724196073,0.00024409634701813595,9.8,CRITICAL
CVE-2021-20039,0.003043367993913264,0.0,0.23744429724196073,0.00024409634701813595,8.8,HIGH
CVE-2021-20034,0.003043367993913264,0.0,0.23744429724196073,0.00024409634701813595,9.1,CRITICAL
CVE-2021-20038,0.003043367993913264,0.0,0.23744429724196073,0.00024409634701813595,9.8,CRITICAL
CVE-2021-20044,0.003043367993913264,0.0,0.23744429724196073,0.00024409634701813595,8.8,HIGH
CVE-2021-20045,0.003043367993913264,0.0,0.23744429724196073,0.00024409634701813595,9.8,CRITICAL
CVE-2021-20041,0.003043367993913264,0.0,0.23744429724196073,0.00024409634701813595,7.5,HIGH
CVE-2021-20016,0.003043367993913264,0.0,0.23744429724196073,0.00024409634701813595,9.8,CRITICAL
CVE-2021-20042,0.003043367993913264,0.0,0.23744429724196073,0.00024409634701813595,9.8,CRITICAL
CVE-2021-20040,0.003043367993913264,0.0,0.23744429724196073,0.00024409634701813595,7.5,HIGH
CVE-2021-36941,0.012173471975653057,3.6849135352385827e-05,0.21393304758287668,0.00024343352056172392,7.8,HIGH
CVE-2021-20308,0.07506974384986051,0.001012912707913322,0.38415822291504287,0.00024337375702535317,9.8,CRITICAL
CVE-2021-43579,0.07506974384986051,0.001012912707913322,0.38415822291504287,0.00024337375702535317,7.8,HIGH
CVE-2021-20226,0.08090286583819427,0.00010877491472153329,0.3506759160441124,0.0002420438086589452,7.8,HIGH
CVE-2021-40391,0.08217093583565813,0.0005314553078121702,0.3854726757258774,0.00024188391809218735,9.8,CRITICAL
CVE-2021-38654,0.012173471975653057,9.253560886825072e-08,0.2139098356208973,0.00024179458844224896,7.8,HIGH
CVE-2021-34478,0.012173471975653057,9.253560886825072e-08,0.2139098356208973,0.00024179458844224896,7.8,HIGH
CVE-2021-40480,0.012173471975653057,9.253560886825072e-08,0.2139098356208973,0.00024179458844224896,7.8,HIGH
CVE-2021-40481,0.012173471975653057,9.253560886825072e-08,0.2139098356208973,0.0002417945884422489,7.1,HIGH
CVE-2021-38653,0.012173471975653057,9.253560886825072e-08,0.2139098356208973,0.0002417945884422489,7.8,HIGH
CVE-2021-34452,0.012173471975653057,9.253560886825072e-08,0.2139098356208973,0.0002417945884422489,7.8,HIGH
CVE-2021-1305,0.0038042099923915797,7.658997504200164e-06,0.200162444794152,0.00024171194148529666,8.8,HIGH
CVE-2021-1387,0.00253613999492772,1.286075048137789e-07,0.24829974811083125,0.0002416678488678982,8.6,HIGH
CVE-2021-1588,0.00253613999492772,1.286075048137789e-07,0.24829974811083125,0.0002416678488678982,8.6,HIGH
CVE-2021-1587,0.00253613999492772,1.286075048137789e-07,0.24829974811083125,0.0002416678488678982,8.6,HIGH
CVE-2021-30907,0.07278721785442556,5.072982914624426e-06,0.3414444059577416,0.000239582169661378,7.8,HIGH
CVE-2021-30916,0.07278721785442556,5.072982914624426e-06,0.3414444059577416,0.000239582169661378,7.8,HIGH
CVE-2021-1787,0.07278721785442556,5.072982914624426e-06,0.3414444059577416,0.000239582169661378,7.8,HIGH
CVE-2021-1763,0.07278721785442556,5.072982914624426e-06,0.3414444059577416,0.000239582169661378,7.8,HIGH
CVE-2021-30724,0.07278721785442556,5.072982914624426e-06,0.3414444059577416,0.000239582169661378,7.8,HIGH
CVE-2021-30834,0.07278721785442556,5.072982914624426e-06,0.3414444059577416,0.000239582169661378,7.8,HIGH
CVE-2021-30759,0.07278721785442556,5.072982914624426e-06,0.3414444059577416,0.000239582169661378,7.8,HIGH
CVE-2021-30906,0.07278721785442556,5.072982914624426e-06,0.3414444059577416,0.000239582169661378,7.8,HIGH
CVE-2021-30917,0.07278721785442556,5.072982914624426e-06,0.3414444059577416,0.000239582169661378,7.8,HIGH
CVE-2021-30681,0.07278721785442556,5.072982914624426e-06,0.3414444059577416,0.000239582169661378,7.8,HIGH
CVE-2021-1858,0.07278721785442556,5.072982914624426e-06,0.3414444059577416,0.000239582169661378,7.8,HIGH
CVE-2021-30949,0.07278721785442556,5.072982914624426e-06,0.3414444059577416,0.000239582169661378,7.8,HIGH
CVE-2021-31010,0.07278721785442556,5.072982914624426e-06,0.3414444059577416,0.000239582169661378,7.5,HIGH
CVE-2021-30841,0.07278721785442556,5.072982914624426e-06,0.3414444059577416,0.000239582169661378,7.8,HIGH
CVE-2021-30842,0.07278721785442556,5.072982914624426e-06,0.3414444059577416,0.000239582169661378,7.8,HIGH
CVE-2021-30939,0.07278721785442556,5.072982914624426e-06,0.3414444059577416,0.000239582169661378,7.8,HIGH
CVE-2021-1767,0.07278721785442556,5.072982914624426e-06,0.3414444059577416,0.000239582169661378,7.8,HIGH
CVE-2021-1875,0.07278721785442556,5.072982914624426e-06,0.3414444059577416,0.000239582169661378,7.8,HIGH
CVE-2021-30971,0.07278721785442556,5.072982914624426e-06,0.3414444059577416,0.000239582169661378,7.8,HIGH
CVE-2021-30789,0.07278721785442556,5.072982914624426e-06,0.3414444059577416,0.000239582169661378,7.8,HIGH
CVE-2021-30775,0.07278721785442556,5.072982914624426e-06,0.3414444059577416,0.000239582169661378,7.8,HIGH
CVE-2021-1793,0.07278721785442556,5.072982914624426e-06,0.3414444059577416,0.000239582169661378,7.8,HIGH
CVE-2021-30860,0.07278721785442556,5.072982914624426e-06,0.3414444059577416,0.000239582169661378,7.8,HIGH
CVE-2021-1768,0.07278721785442556,5.072982914624426e-06,0.3414444059577416,0.000239582169661378,7.8,HIGH
CVE-2021-1851,0.07278721785442556,5.072982914624426e-06,0.3414444059577416,0.000239582169661378,8.8,HIGH
CVE-2021-1747,0.07278721785442556,5.072982914624426e-06,0.3414444059577416,0.000239582169661378,7.8,HIGH
CVE-2021-1776,0.07278721785442556,5.072982914624426e-06,0.3414444059577416,0.000239582169661378,7.8,HIGH
CVE-2021-30710,0.07278721785442556,5.072982914624426e-06,0.3414444059577416,0.000239582169661378,7.1,HIGH
CVE-2021-1743,0.07278721785442556,5.072982914624426e-06,0.3414444059577416,0.000239582169661378,7.8,HIGH
CVE-2021-30715,0.07278721785442556,5.072982914624426e-06,0.3414444059577416,0.000239582169661378,7.5,HIGH
CVE-2021-30788,0.07278721785442556,5.072982914624426e-06,0.3414444059577416,0.000239582169661378,7.1,HIGH
CVE-2021-30792,0.07278721785442556,5.072982914624426e-06,0.3414444059577416,0.000239582169661378,7.8,HIGH
CVE-2021-1783,0.07278721785442556,5.072982914624426e-06,0.3414444059577416,0.000239582169661378,7.8,HIGH
CVE-2021-30881,0.07278721785442556,5.072982914624426e-06,0.3414444059577416,0.000239582169661378,7.8,HIGH
CVE-2021-30677,0.07278721785442556,5.072982914624426e-06,0.3414444059577416,0.000239582169661378,8.8,HIGH
CVE-2021-1738,0.07278721785442556,5.072982914624426e-06,0.3414444059577416,0.000239582169661378,7.8,HIGH
CVE-2021-30980,0.07278721785442556,5.072982914624426e-06,0.3414444059577416,0.000239582169661378,7.8,HIGH
CVE-2021-30708,0.07278721785442556,5.072982914624426e-06,0.3414444059577416,0.000239582169661378,7.8,HIGH
CVE-2021-1881,0.07278721785442556,5.072982914624426e-06,0.3414444059577416,0.000239582169661378,7.8,HIGH
CVE-2021-1744,0.07278721785442556,5.072982914624426e-06,0.3414444059577416,0.000239582169661378,7.8,HIGH
CVE-2021-30919,0.07278721785442556,5.072982914624426e-06,0.3414444059577416,0.000239582169661378,7.8,HIGH
CVE-2021-30926,0.07278721785442556,5.072982914624426e-06,0.3414444059577416,0.000239582169661378,7.8,HIGH
CVE-2021-1785,0.07278721785442556,5.072982914624426e-06,0.3414444059577416,0.000239582169661378,7.8,HIGH
CVE-2021-1741,0.07278721785442556,5.072982914624426e-06,0.3414444059577416,0.000239582169661378,7.8,HIGH
CVE-2021-1758,0.07278721785442556,5.072982914624426e-06,0.3414444059577416,0.000239582169661378,7.8,HIGH
CVE-2021-30774,0.07278721785442556,5.072982914624426e-06,0.3414444059577416,0.000239582169661378,7.8,HIGH
CVE-2021-1809,0.07278721785442556,5.072982914624426e-06,0.3414444059577416,0.000239582169661378,7.5,HIGH
CVE-2021-1818,0.07278721785442556,5.072982914624426e-06,0.3414444059577416,0.000239582169661378,9.8,CRITICAL
CVE-2021-30945,0.07278721785442556,5.072982914624426e-06,0.3414444059577416,0.000239582169661378,7.8,HIGH
CVE-2021-30995,0.07278721785442556,5.072982914624426e-06,0.3414444059577416,0.000239582169661378,7.0,HIGH
CVE-2021-1782,0.07278721785442556,5.072982914624426e-06,0.3414444059577416,0.000239582169661378,7.0,HIGH
CVE-2021-30958,0.07278721785442556,5.072982914624426e-06,0.3414444059577416,0.000239582169661378,7.8,HIGH
CVE-2021-30909,0.07278721785442556,5.072982914624426e-06,0.3414444059577416,0.000239582169661378,7.8,HIGH
CVE-2021-30843,0.07278721785442556,5.072982914624426e-06,0.3414444059577416,0.000239582169661378,7.8,HIGH
CVE-2021-1764,0.07278721785442556,5.072982914624426e-06,0.3414444059577416,0.000239582169661378,7.5,HIGH
CVE-2021-30693,0.07278721785442556,5.072982914624426e-06,0.3414444059577416,0.000239582169661378,7.8,HIGH
CVE-2021-30859,0.07278721785442556,5.072982914624426e-06,0.3414444059577416,0.000239582169661378,7.8,HIGH
CVE-2021-30737,0.07278721785442556,5.072982914624426e-06,0.3414444059577416,0.000239582169661378,8.8,HIGH
CVE-2021-1774,0.07278721785442556,5.072982914624426e-06,0.3414444059577416,0.000239582169661378,7.8,HIGH
CVE-2021-30903,0.07278721785442556,5.072982914624426e-06,0.3414444059577416,0.000239582169661378,7.8,HIGH
CVE-2021-1868,0.07278721785442556,5.072982914624426e-06,0.3414444059577416,0.000239582169661378,7.8,HIGH
CVE-2021-1757,0.07278721785442556,5.072982914624426e-06,0.3414444059577416,0.000239582169661378,7.8,HIGH
CVE-2021-1772,0.07278721785442556,5.072982914624426e-06,0.3414444059577416,0.000239582169661378,7.8,HIGH
CVE-2021-30937,0.07278721785442556,5.072982914624426e-06,0.3414444059577416,0.000239582169661378,7.8,HIGH
CVE-2021-30780,0.07278721785442556,5.072982914624426e-06,0.3414444059577416,0.000239582169661378,7.8,HIGH
CVE-2021-1808,0.07278721785442556,5.072982914624426e-06,0.3414444059577416,0.000239582169661378,7.5,HIGH
CVE-2021-30781,0.07278721785442556,5.072982914624426e-06,0.3414444059577416,0.000239582169661378,7.8,HIGH
CVE-2021-1843,0.07278721785442556,5.072982914624426e-06,0.3414444059577416,0.000239582169661378,7.8,HIGH
CVE-2021-30942,0.07278721785442556,5.072982914624426e-06,0.3414444059577416,0.000239582169661378,7.8,HIGH
CVE-2021-30704,0.07278721785442556,5.072982914624426e-06,0.3414444059577416,0.000239582169661378,7.8,HIGH
CVE-2021-1761,0.07278721785442556,5.072982914624426e-06,0.3414444059577416,0.000239582169661378,7.5,HIGH
CVE-2021-1759,0.07278721785442556,5.072982914624426e-06,0.3414444059577416,0.000239582169661378,7.8,HIGH
CVE-2021-1882,0.07278721785442556,5.072982914624426e-06,0.3414444059577416,0.000239582169661378,9.8,CRITICAL
CVE-2021-30703,0.07278721785442556,5.072982914624426e-06,0.3414444059577416,0.000239582169661378,7.8,HIGH
CVE-2021-1745,0.07278721785442556,5.072982914624426e-06,0.3414444059577416,0.000239582169661378,7.8,HIGH
CVE-2021-1742,0.07278721785442556,5.072982914624426e-06,0.3414444059577416,0.000239582169661378,7.8,HIGH
CVE-2021-30979,0.07278721785442556,5.072982914624426e-06,0.3414444059577416,0.000239582169661378,7.8,HIGH
CVE-2021-1792,0.07278721785442556,5.072982914624426e-06,0.3414444059577416,0.000239582169661378,8.8,HIGH
CVE-2021-1754,0.07278721785442556,5.072982914624426e-06,0.3414444059577416,0.000239582169661378,7.8,HIGH
CVE-2021-30857,0.07278721785442556,5.072982914624426e-06,0.3414444059577416,0.000239582169661378,7.0,HIGH
CVE-2021-1762,0.07278721785442556,5.072982914624426e-06,0.3414444059577416,0.000239582169661378,7.8,HIGH
CVE-2021-30799,0.07278721785442556,5.072982914624426e-06,0.3414444059577416,0.000239582169661378,8.8,HIGH
CVE-2021-1746,0.07278721785442556,5.072982914624426e-06,0.3414444059577416,0.000239582169661378,7.8,HIGH
CVE-2021-1813,0.07278721785442556,5.072982914624426e-06,0.3414444059577416,0.000239582169661378,7.8,HIGH
CVE-2021-30835,0.07278721785442556,5.072982914624426e-06,0.3414444059577416,0.000239582169661378,7.8,HIGH
CVE-2021-1737,0.07278721785442556,5.072982914624426e-06,0.3414444059577416,0.000239582169661378,7.8,HIGH
CVE-2021-30725,0.07278721785442556,5.072982914624426e-06,0.3414444059577416,0.000239582169661378,7.8,HIGH
CVE-2021-1753,0.07278721785442556,5.072982914624426e-06,0.3414444059577416,0.000239582169661378,7.8,HIGH
CVE-2021-30869,0.07278721785442556,5.072982914624426e-06,0.3414444059577416,0.000239582169661378,7.8,HIGH
CVE-2021-30760,0.07278721785442556,5.072982914624426e-06,0.3414444059577416,0.000239582169661378,7.8,HIGH
CVE-2021-30785,0.07278721785442556,5.072982914624426e-06,0.3414444059577416,0.000239582169661378,7.8,HIGH
CVE-2021-30701,0.07278721785442556,5.072982914624426e-06,0.3414444059577416,0.000239582169661378,7.8,HIGH
CVE-2021-30652,0.07278721785442556,5.072982914624426e-06,0.3414444059577416,0.000239582169661378,7.0,HIGH
CVE-2021-30847,0.07278721785442556,5.072982914624426e-06,0.3414444059577416,0.000239582169661378,7.8,HIGH
CVE-2021-1777,0.07278721785442556,5.072982914624426e-06,0.3414444059577416,0.000239582169661378,7.8,HIGH
CVE-2021-20236,0.10448896779102206,6.171023736822568e-05,0.41496527046937487,0.00023922233836750064,9.8,CRITICAL
CVE-2021-42635,0.06771493786457013,0.0007516082726903318,0.3675086214931494,0.00023896799561134017,8.1,HIGH
CVE-2021-42631,0.06771493786457013,0.0007516082726903318,0.3675086214931494,0.00023896799561134017,8.1,HIGH
CVE-2021-42638,0.06771493786457013,0.0007516082726903318,0.3675086214931494,0.00023896799561134017,8.1,HIGH
CVE-2021-30500,0.10423535379152929,6.168207230403479e-05,0.4149216037040934,0.00023874309149183364,7.8,HIGH
CVE-2021-3404,0.10423535379152929,6.168207230403479e-05,0.4149216037040934,0.00023874309149183364,7.8,HIGH
CVE-2021-3403,0.10423535379152929,6.168207230403479e-05,0.4149216037040934,0.00023874309149183364,7.8,HIGH
CVE-2021-1770,0.07227998985544001,4.716029545864525e-06,0.3413852813852814,0.00023798518198516597,9.8,CRITICAL
CVE-2021-30814,0.07227998985544001,4.716029545864525e-06,0.3413852813852814,0.00023798518198516597,7.8,HIGH
CVE-2021-30661,0.07227998985544001,4.716029545864525e-06,0.3413852813852814,0.00023798518198516597,8.8,HIGH
CVE-2021-30924,0.07227998985544001,4.716029545864525e-06,0.3413852813852814,0.00023798518198516597,7.5,HIGH
CVE-2021-30752,0.07227998985544001,4.716029545864525e-06,0.3413852813852814,0.00023798518198516597,7.8,HIGH
CVE-2021-30653,0.07227998985544001,4.716029545864525e-06,0.3413852813852814,0.00023798518198516597,7.8,HIGH
CVE-2021-30927,0.07227998985544001,4.716029545864525e-06,0.3413852813852814,0.00023798518198516597,7.8,HIGH
CVE-2021-30849,0.07227998985544001,4.716029545864525e-06,0.3413852813852814,0.00023798518198516597,7.8,HIGH
CVE-2021-30707,0.07227998985544001,4.716029545864525e-06,0.3413852813852814,0.00023798518198516597,8.8,HIGH
CVE-2021-30786,0.07227998985544001,4.716029545864525e-06,0.3413852813852814,0.00023798518198516597,7.0,HIGH
CVE-2021-30740,0.07227998985544001,4.716029545864525e-06,0.3413852813852814,0.00023798518198516597,7.8,HIGH
CVE-2021-30838,0.07227998985544001,4.716029545864525e-06,0.3413852813852814,0.00023798518198516597,7.8,HIGH
CVE-2021-1885,0.07227998985544001,4.716029545864525e-06,0.3413852813852814,0.00023798518198516597,7.8,HIGH
CVE-2021-30993,0.07227998985544001,4.716029545864525e-06,0.3413852813852814,0.00023798518198516597,8.1,HIGH
CVE-2021-30807,0.07227998985544001,4.716029545864525e-06,0.3413852813852814,0.00023798518198516597,7.8,HIGH
CVE-2021-30660,0.07227998985544001,4.716029545864525e-06,0.3413852813852814,0.00023798518198516597,7.5,HIGH
CVE-2021-30996,0.07227998985544001,4.716029545864525e-06,0.3413852813852814,0.00023798518198516597,7.0,HIGH
CVE-2021-30663,0.07227998985544001,4.716029545864525e-06,0.3413852813852814,0.00023798518198516597,8.8,HIGH
CVE-2021-30779,0.07227998985544001,4.716029545864525e-06,0.3413852813852814,0.00023798518198516597,7.8,HIGH
CVE-2021-30840,0.07227998985544001,4.716029545864525e-06,0.3413852813852814,0.00023798518198516597,7.8,HIGH
CVE-2021-30883,0.07227998985544001,4.716029545864525e-06,0.3413852813852814,0.00023798518198516597,7.8,HIGH
CVE-2021-30809,0.07227998985544001,4.716029545864525e-06,0.3413852813852814,0.00023798518198516597,8.8,HIGH
CVE-2021-1849,0.07227998985544001,4.716029545864525e-06,0.3413852813852814,0.00023798518198516597,7.5,HIGH
CVE-2021-30957,0.07227998985544001,4.716029545864525e-06,0.3413852813852814,0.00023798518198516597,7.8,HIGH
CVE-2021-30758,0.07227998985544001,4.716029545864525e-06,0.3413852813852814,0.00023798518198516597,8.8,HIGH
CVE-2021-30928,0.07227998985544001,4.716029545864525e-06,0.3413852813852814,0.00023798518198516597,7.8,HIGH
CVE-2021-30698,0.07227998985544001,4.716029545864525e-06,0.3413852813852814,0.00023798518198516597,7.5,HIGH
CVE-2021-30736,0.07227998985544001,4.716029545864525e-06,0.3413852813852814,0.00023798518198516597,7.8,HIGH
CVE-2021-30748,0.07227998985544001,4.716029545864525e-06,0.3413852813852814,0.00023798518198516597,7.8,HIGH
CVE-2021-30900,0.07227998985544001,4.716029545864525e-06,0.3413852813852814,0.00023798518198516597,7.8,HIGH
CVE-2021-30798,0.07227998985544001,4.716029545864525e-06,0.3413852813852814,0.00023798518198516597,7.5,HIGH
CVE-2021-30955,0.07227998985544001,4.716029545864525e-06,0.3413852813852814,0.00023798518198516597,7.0,HIGH
CVE-2021-30797,0.07227998985544001,4.716029545864525e-06,0.3413852813852814,0.00023798518198516597,8.8,HIGH
CVE-2021-1817,0.07227998985544001,4.716029545864525e-06,0.3413852813852814,0.00023798518198516597,8.8,HIGH
CVE-2021-30664,0.07227998985544001,4.716029545864525e-06,0.3413852813852814,0.00023798518198516597,7.8,HIGH
CVE-2021-1867,0.07227998985544001,4.716029545864525e-06,0.3413852813852814,0.00023798518198516597,8.8,HIGH
CVE-2021-30795,0.07227998985544001,4.716029545864525e-06,0.3413852813852814,0.00023798518198516597,8.8,HIGH
CVE-2021-30886,0.07227998985544001,4.716029545864525e-06,0.3413852813852814,0.00023798518198516597,7.8,HIGH
CVE-2021-30852,0.07227998985544001,4.716029545864525e-06,0.3413852813852814,0.00023798518198516597,8.8,HIGH
CVE-2021-30743,0.07227998985544001,4.716029545864525e-06,0.3413852813852814,0.00023798518198516597,7.8,HIGH
CVE-2021-30888,0.07227998985544001,4.716029545864525e-06,0.3413852813852814,0.00023798518198516597,7.4,HIGH
CVE-2021-30818,0.07227998985544001,4.716029545864525e-06,0.3413852813852814,0.00023798518198516597,8.8,HIGH
CVE-2021-30749,0.07227998985544001,4.716029545864525e-06,0.3413852813852814,0.00023798518198516597,8.8,HIGH
CVE-2021-30923,0.07227998985544001,4.716029545864525e-06,0.3413852813852814,0.00023798518198516597,7.0,HIGH
CVE-2021-31009,0.07227998985544001,4.716029545864525e-06,0.3413852813852814,0.00023798518198516597,9.8,CRITICAL
CVE-2021-30966,0.07227998985544001,4.716029545864525e-06,0.3413852813852814,0.00023798518198516597,7.5,HIGH
CVE-2021-30925,0.07227998985544001,4.716029545864525e-06,0.3413852813852814,0.00023798518198516597,9.1,CRITICAL
CVE-2021-30734,0.07227998985544001,4.716029545864525e-06,0.3413852813852814,0.00023798518198516597,8.8,HIGH
CVE-2021-30771,0.07227998985544001,4.716029545864525e-06,0.3413852813852814,0.00023798518198516597,7.8,HIGH
CVE-2021-30665,0.07227998985544001,4.716029545864525e-06,0.3413852813852814,0.00023798518198516597,8.8,HIGH
CVE-2021-30889,0.07227998985544001,4.716029545864525e-06,0.3413852813852814,0.00023798518198516597,8.8,HIGH
CVE-2021-30874,0.07227998985544001,4.716029545864525e-06,0.3413852813852814,0.00023798518198516597,7.5,HIGH
CVE-2021-30848,0.07227998985544001,4.716029545864525e-06,0.3413852813852814,0.00023798518198516597,7.8,HIGH
CVE-2021-27056,0.011919857976160284,1.660316082515972e-05,0.21389823152869697,0.0002376717741603457,7.8,HIGH
CVE-2021-27055,0.011919857976160284,1.660316082515972e-05,0.21389823152869697,0.0002376717741603457,7.0,HIGH
CVE-2021-45485,0.07887395384225208,6.13268563195751e-05,0.3485987092211122,0.00023730271098404372,7.5,HIGH
CVE-2021-31160,0.00126806999746386,1.9291125722066834e-07,0.21534680502457673,0.00023693295420587832,7.5,HIGH
CVE-2021-40401,0.08141009383717981,0.0006032447992746681,0.39600281209199556,0.00023548296559635775,8.6,HIGH
CVE-2021-1352,0.004565051990869896,6.0674975730310495e-05,0.2672495594415074,0.00023500174260949363,7.4,HIGH
CVE-2021-1446,0.004565051990869896,6.0674975730310495e-05,0.2672495594415074,0.0002350017426094936,8.6,HIGH
CVE-2021-1431,0.004565051990869896,6.0674975730310495e-05,0.2672495594415074,0.0002350017426094936,7.5,HIGH
CVE-2021-35574,0.007862033984275933,3.0019117523103162e-05,0.303845264699083,0.00023431335603321432,7.5,HIGH
CVE-2021-27023,0.07075830585848339,0.0010136843529422043,0.39031874876262124,0.00023337346773481132,9.8,CRITICAL
CVE-2021-26900,0.08064925183870149,1.0952967313622356e-07,0.2677577074561999,0.00023296517545174942,7.8,HIGH
CVE-2021-38656,0.011666243976667512,0.0,0.21388662869541633,0.0002328232479888562,7.8,HIGH
CVE-2021-38659,0.011666243976667512,0.0,0.21388662869541633,0.0002328232479888562,7.8,HIGH
CVE-2021-28676,0.09890945980218108,0.000109448246090895,0.41175856307435255,0.0002325883253476973,7.5,HIGH
CVE-2021-25288,0.09890945980218108,0.000109448246090895,0.41175856307435255,0.00023258832534769729,9.1,CRITICAL
CVE-2021-28677,0.09890945980218108,0.000109448246090895,0.41175856307435255,0.00023258832534769729,7.5,HIGH
CVE-2021-25287,0.09890945980218108,0.000109448246090895,0.41175856307435255,0.00023258832534769729,9.1,CRITICAL
CVE-2021-1433,0.004311437991377124,1.7065226600289891e-07,0.21182980552272482,0.00023243120517710264,8.1,HIGH
CVE-2021-43189,0.029419223941161553,3.792748309676174e-05,0.34743149176138866,0.00023125990771884306,7.3,HIGH
CVE-2021-23240,0.10169921379660157,2.8302295821352553e-05,0.4256720285004858,0.00022997006780081593,7.8,HIGH
CVE-2021-34719,0.002282525995434948,0.0,0.24828411309111517,0.00022865907175551124,7.8,HIGH
CVE-2021-34728,0.002282525995434948,0.0,0.24828411309111517,0.00022865907175551124,7.8,HIGH
CVE-2021-1288,0.002282525995434948,0.0,0.24828411309111517,0.00022865907175551124,8.6,HIGH
CVE-2021-1313,0.002282525995434948,0.0,0.24828411309111517,0.00022865907175551124,8.6,HIGH
CVE-2021-34720,0.002282525995434948,0.0,0.24828411309111517,0.00022865907175551124,8.6,HIGH
CVE-2021-1268,0.002282525995434948,0.0,0.24828411309111517,0.00022865907175551124,7.4,HIGH
CVE-2021-1370,0.002282525995434948,0.0,0.24828411309111517,0.00022865907175551124,7.8,HIGH
CVE-2021-34713,0.002282525995434948,0.0,0.24828411309111517,0.00022865907175551124,7.4,HIGH
CVE-2021-34718,0.002282525995434948,0.0,0.24828411309111517,0.00022865907175551124,8.1,HIGH
CVE-2021-3580,0.08851128582297743,7.990464605915553e-05,0.3878996556812592,0.00022791121083384135,7.5,HIGH
CVE-2021-1750,0.06796855186406289,2.1035555429722316e-06,0.33663450866558525,0.0002277533407452017,7.8,HIGH
CVE-2021-1304,0.003550595992898808,0.0,0.1668924066706171,0.00022762319129837445,8.8,HIGH
CVE-2021-1302,0.003550595992898808,0.0,0.1668924066706171,0.00022762319129837445,8.8,HIGH
CVE-2021-26117,0.08014202383971596,0.00020578289579836423,0.38691001864390145,0.00022650719818686447,7.5,HIGH
CVE-2021-24066,0.009130103981739792,3.5635608087510935e-06,0.21374749281726027,0.00022576461871439646,8.8,HIGH
CVE-2021-1707,0.009130103981739792,3.5635608087510935e-06,0.21374749281726027,0.00022576461871439644,8.8,HIGH
CVE-2021-36940,0.009637331980725335,1.9482602859979267e-06,0.21380544409500055,0.00022490628631327965,7.6,HIGH
CVE-2021-43876,0.009637331980725335,1.9482602859979267e-06,0.21380544409500055,0.00022490628631327965,8.8,HIGH
CVE-2021-42294,0.009637331980725335,1.9482602859979267e-06,0.21380544409500055,0.00022490628631327965,7.2,HIGH
CVE-2021-39797,0.02662946994674106,2.622512315048969e-05,0.2543706857622089,0.00022487912018533034,7.8,HIGH
CVE-2021-39798,0.02662946994674106,2.622512315048969e-05,0.2543706857622089,0.00022487912018533034,7.8,HIGH
CVE-2021-39799,0.02662946994674106,2.622512315048969e-05,0.2543706857622089,0.00022487912018533032,7.8,HIGH
CVE-2021-1621,0.003043367993913264,0.00017862092023494317,0.24949379903821817,0.0002241904780044538,7.4,HIGH
CVE-2021-4090,0.07659142784681715,2.809770483777507e-05,0.34798340834877767,0.00022370903009337738,7.1,HIGH
CVE-2021-42252,0.07659142784681715,2.809770483777507e-05,0.34798340834877767,0.00022370903009337738,7.8,HIGH
CVE-2021-45100,0.07659142784681715,2.809770483777507e-05,0.34798340834877767,0.00022370903009337738,7.5,HIGH
CVE-2021-43057,0.07659142784681715,2.809770483777507e-05,0.34798340834877767,0.00022370903009337736,7.8,HIGH
CVE-2021-34866,0.07659142784681715,2.809770483777507e-05,0.34798340834877767,0.00022370903009337736,7.8,HIGH
CVE-2021-3325,0.09890945980218108,2.568654145729007e-06,0.42507546356188014,0.00022336013163765054,9.8,CRITICAL
CVE-2021-29421,0.09890945980218108,2.568654145729007e-06,0.42507546356188014,0.00022336013163765054,7.5,HIGH
CVE-2021-43618,0.08521430382957139,6.543051740818702e-05,0.385812133072407,0.00022320989890283328,7.5,HIGH
CVE-2021-38201,0.07633781384732437,2.1210504156139225e-05,0.34159230702590315,0.00022235126600662772,7.5,HIGH
CVE-2021-38202,0.07633781384732437,2.1210504156139225e-05,0.34159230702590315,0.00022235126600662772,7.5,HIGH
CVE-2021-0105,0.002789753994420492,0.0015462964439539508,0.2396377780478911,0.0002222826876166961,7.3,HIGH
CVE-2021-40365,0.00126806999746386,0.0020263398458459023,0.3223775652031723,0.00022200692501596317,7.5,HIGH
CVE-2021-4154,0.07557697184884606,4.0405706933651026e-05,0.3398844927161452,0.00022200154251016075,8.8,HIGH
CVE-2021-21688,0.004057823991884352,0.0,0.25516081019866693,0.00022191356729472995,7.5,HIGH
CVE-2021-21604,0.004057823991884352,0.0,0.25516081019866693,0.00022191356729472995,8.0,HIGH
CVE-2021-21691,0.004057823991884352,0.0,0.25516081019866693,0.00022191356729472995,9.8,CRITICAL
CVE-2021-21686,0.004057823991884352,0.0,0.25516081019866693,0.00022191356729472995,8.1,HIGH
CVE-2021-21692,0.004057823991884352,0.0,0.25516081019866693,0.00022191356729472995,9.8,CRITICAL
CVE-2021-21671,0.004057823991884352,0.0,0.25516081019866693,0.00022191356729472995,7.5,HIGH
CVE-2021-21695,0.004057823991884352,0.0,0.25516081019866693,0.00022191356729472995,8.8,HIGH
CVE-2021-21696,0.004057823991884352,0.0,0.25516081019866693,0.00022191356729472995,9.8,CRITICAL
CVE-2021-21694,0.004057823991884352,0.0,0.25516081019866693,0.00022191356729472995,9.8,CRITICAL
CVE-2021-21690,0.004057823991884352,0.0,0.25516081019866693,0.00022191356729472995,9.8,CRITICAL
CVE-2021-21689,0.004057823991884352,0.0,0.25516081019866693,0.00022191356729472995,9.1,CRITICAL
CVE-2021-21685,0.004057823991884352,0.0,0.25516081019866693,0.00022191356729472995,9.1,CRITICAL
CVE-2021-21605,0.004057823991884352,0.0,0.25516081019866693,0.00022191356729472995,8.0,HIGH
CVE-2021-21697,0.004057823991884352,0.0,0.25516081019866693,0.00022191356729472995,9.1,CRITICAL
CVE-2021-21687,0.004057823991884352,0.0,0.25516081019866693,0.00022191356729472995,9.1,CRITICAL
CVE-2021-21693,0.004057823991884352,0.0,0.25516081019866693,0.00022191356729472995,9.8,CRITICAL
CVE-2021-31535,0.09789500380420998,0.0,0.4115866388308977,0.00022140734427112817,9.8,CRITICAL
CVE-2021-1686,0.07532335784935328,7.321347259740367e-07,0.2676123252341523,0.00022081745717568804,7.8,HIGH
CVE-2021-1690,0.07532335784935328,7.321347259740367e-07,0.2676123252341523,0.00022081745717568804,7.8,HIGH
CVE-2021-26871,0.07532335784935328,7.321347259740367e-07,0.2676123252341523,0.00022081745717568804,7.8,HIGH
CVE-2021-1681,0.07532335784935328,7.321347259740367e-07,0.2676123252341523,0.00022081745717568804,7.8,HIGH
CVE-2021-31187,0.07532335784935328,7.321347259740367e-07,0.2676123252341523,0.00022081745717568804,7.8,HIGH
CVE-2021-1687,0.07532335784935328,7.321347259740367e-07,0.2676123252341523,0.00022081745717568804,7.8,HIGH
CVE-2021-26885,0.07532335784935328,7.321347259740367e-07,0.2676123252341523,0.00022081745717568804,7.8,HIGH
CVE-2021-34439,0.07532335784935328,9.058458433475155e-07,0.26766682506279277,0.00022071663641663026,7.8,HIGH
CVE-2021-33912,0.0743089018513822,0.0005069707839759161,0.3840459725333593,0.0002204643534220217,9.8,CRITICAL
CVE-2021-0891,0.02916560994166878,0.0,0.34740088105726874,0.00021968388164475978,7.5,HIGH
CVE-2021-39685,0.02916560994166878,0.0,0.34740088105726874,0.00021968388164475978,7.8,HIGH
CVE-2021-0530,0.02916560994166878,0.0,0.34740088105726874,0.00021968388164475978,7.8,HIGH
CVE-2021-39698,0.02916560994166878,0.0,0.34740088105726874,0.00021968388164475978,7.8,HIGH
CVE-2021-0885,0.02916560994166878,0.0,0.34740088105726874,0.00021968388164475978,7.8,HIGH
CVE-2021-39641,0.02916560994166878,0.0,0.34740088105726874,0.00021968388164475978,9.8,CRITICAL
CVE-2021-0489,0.02916560994166878,0.0,0.34740088105726874,0.00021968388164475978,7.8,HIGH
CVE-2021-0947,0.02916560994166878,0.0,0.34740088105726874,0.00021968388164475978,7.5,HIGH
CVE-2021-1049,0.02916560994166878,0.0,0.34740088105726874,0.00021968388164475978,9.8,CRITICAL
CVE-2021-0526,0.02916560994166878,0.0,0.34740088105726874,0.00021968388164475978,7.8,HIGH
CVE-2021-39737,0.02916560994166878,0.0,0.34740088105726874,0.00021968388164475978,9.8,CRITICAL
CVE-2021-0880,0.02916560994166878,0.0,0.34740088105726874,0.00021968388164475978,7.8,HIGH
CVE-2021-0491,0.02916560994166878,0.0,0.34740088105726874,0.00021968388164475978,7.8,HIGH
CVE-2021-0874,0.02916560994166878,0.0,0.34740088105726874,0.00021968388164475978,7.8,HIGH
CVE-2021-0878,0.02916560994166878,0.0,0.34740088105726874,0.00021968388164475978,7.8,HIGH
CVE-2021-0525,0.02916560994166878,0.0,0.34740088105726874,0.00021968388164475978,7.8,HIGH
CVE-2021-39653,0.02916560994166878,0.0,0.34740088105726874,0.00021968388164475978,7.8,HIGH
CVE-2021-39684,0.02916560994166878,0.0,0.34740088105726874,0.00021968388164475978,7.8,HIGH
CVE-2021-0493,0.02916560994166878,0.0,0.34740088105726874,0.00021968388164475978,7.8,HIGH
CVE-2021-39802,0.02916560994166878,0.0,0.34740088105726874,0.00021968388164475978,7.8,HIGH
CVE-2021-39634,0.02916560994166878,0.0,0.34740088105726874,0.00021968388164475978,7.8,HIGH
CVE-2021-0533,0.02916560994166878,0.0,0.34740088105726874,0.00021968388164475978,7.0,HIGH
CVE-2021-0701,0.02916560994166878,0.0,0.34740088105726874,0.00021968388164475978,9.8,CRITICAL
CVE-2021-39714,0.02916560994166878,0.0,0.34740088105726874,0.00021968388164475978,7.8,HIGH
CVE-2021-39710,0.02916560994166878,0.0,0.34740088105726874,0.00021968388164475978,9.8,CRITICAL
CVE-2021-1044,0.02916560994166878,0.0,0.34740088105726874,0.00021968388164475978,7.8,HIGH
CVE-2021-0946,0.02916560994166878,0.0,0.34740088105726874,0.00021968388164475978,7.5,HIGH
CVE-2021-0512,0.02916560994166878,0.0,0.34740088105726874,0.00021968388164475978,7.8,HIGH
CVE-2021-0399,0.02916560994166878,0.0,0.34740088105726874,0.00021968388164475978,7.8,HIGH
CVE-2021-0951,0.02916560994166878,0.0,0.34740088105726874,0.00021968388164475978,7.8,HIGH
CVE-2021-0942,0.02916560994166878,0.0,0.34740088105726874,0.00021968388164475978,9.8,CRITICAL
CVE-2021-39726,0.02916560994166878,0.0,0.34740088105726874,0.00021968388164475978,7.5,HIGH
CVE-2021-0876,0.02916560994166878,0.0,0.34740088105726874,0.00021968388164475978,7.8,HIGH
CVE-2021-0699,0.02916560994166878,0.0,0.34740088105726874,0.00021968388164475978,7.8,HIGH
CVE-2021-39812,0.02916560994166878,0.0,0.34740088105726874,0.00021968388164475978,7.8,HIGH
CVE-2021-0936,0.02916560994166878,0.0,0.34740088105726874,0.00021968388164475978,7.8,HIGH
CVE-2021-0496,0.02916560994166878,0.0,0.34740088105726874,0.00021968388164475978,7.8,HIGH
CVE-2021-39720,0.02916560994166878,0.0,0.34740088105726874,0.00021968388164475978,9.8,CRITICAL
CVE-2021-0532,0.02916560994166878,0.0,0.34740088105726874,0.00021968388164475978,7.0,HIGH
CVE-2021-0465,0.02916560994166878,0.0,0.34740088105726874,0.00021968388164475978,7.8,HIGH
CVE-2021-0873,0.02916560994166878,0.0,0.34740088105726874,0.00021968388164475978,7.8,HIGH
CVE-2021-39734,0.02916560994166878,0.0,0.34740088105726874,0.00021968388164475978,7.8,HIGH
CVE-2021-0529,0.02916560994166878,0.0,0.34740088105726874,0.00021968388164475978,7.8,HIGH
CVE-2021-1048,0.02916560994166878,0.0,0.34740088105726874,0.00021968388164475978,7.8,HIGH
CVE-2021-0943,0.02916560994166878,0.0,0.34740088105726874,0.00021968388164475978,7.8,HIGH
CVE-2021-0573,0.02916560994166878,0.0,0.34740088105726874,0.00021968388164475978,7.8,HIGH
CVE-2021-1050,0.02916560994166878,0.0,0.34740088105726874,0.00021968388164475978,7.8,HIGH
CVE-2021-0877,0.02916560994166878,0.0,0.34740088105726874,0.00021968388164475978,9.8,CRITICAL
CVE-2021-0531,0.02916560994166878,0.0,0.34740088105726874,0.00021968388164475978,7.8,HIGH
CVE-2021-0929,0.02916560994166878,0.0,0.34740088105726874,0.00021968388164475978,7.8,HIGH
CVE-2021-39616,0.02916560994166878,0.0,0.34740088105726874,0.00021968388164475978,9.8,CRITICAL
CVE-2021-0574,0.02916560994166878,0.0,0.34740088105726874,0.00021968388164475978,7.8,HIGH
CVE-2021-0494,0.02916560994166878,0.0,0.34740088105726874,0.00021968388164475978,7.8,HIGH
CVE-2021-39658,0.02916560994166878,0.0,0.34740088105726874,0.00021968388164475978,9.8,CRITICAL
CVE-2021-39686,0.02916560994166878,0.0,0.34740088105726874,0.00021968388164475978,7.0,HIGH
CVE-2021-0607,0.02916560994166878,0.0,0.34740088105726874,0.00021968388164475978,7.8,HIGH
CVE-2021-0498,0.02916560994166878,0.0,0.34740088105726874,0.00021968388164475978,7.8,HIGH
CVE-2021-0576,0.02916560994166878,0.0,0.34740088105726874,0.00021968388164475978,7.8,HIGH
CVE-2021-0945,0.02916560994166878,0.0,0.34740088105726874,0.00021968388164475978,9.8,CRITICAL
CVE-2021-0324,0.02916560994166878,0.0,0.34740088105726874,0.00021968388164475978,9.8,CRITICAL
CVE-2021-0577,0.02916560994166878,0.0,0.34740088105726874,0.00021968388164475978,7.8,HIGH
CVE-2021-0592,0.02916560994166878,0.0,0.34740088105726874,0.00021968388164475978,8.8,HIGH
CVE-2021-0464,0.02916560994166878,0.0,0.34740088105726874,0.00021968388164475978,7.8,HIGH
CVE-2021-39679,0.02916560994166878,0.0,0.34740088105726874,0.00021968388164475978,7.0,HIGH
CVE-2021-39660,0.02916560994166878,0.0,0.34740088105726874,0.00021968388164475978,7.0,HIGH
CVE-2021-0492,0.02916560994166878,0.0,0.34740088105726874,0.00021968388164475978,7.8,HIGH
CVE-2021-39640,0.02916560994166878,0.0,0.34740088105726874,0.00021968388164475978,7.8,HIGH
CVE-2021-39651,0.02916560994166878,0.0,0.34740088105726874,0.00021968388164475978,7.8,HIGH
CVE-2021-40724,0.02916560994166878,0.0,0.34740088105726874,0.00021968388164475978,7.8,HIGH
CVE-2021-39661,0.02916560994166878,0.0,0.34740088105726874,0.00021968388164475978,7.8,HIGH
CVE-2021-0608,0.02916560994166878,0.0,0.34740088105726874,0.00021968388164475978,7.8,HIGH
CVE-2021-0883,0.02916560994166878,0.0,0.34740088105726874,0.00021968388164475978,7.8,HIGH
CVE-2021-39672,0.02916560994166878,0.0,0.34740088105726874,0.00021968388164475978,7.8,HIGH
CVE-2021-0924,0.02916560994166878,0.0,0.34740088105726874,0.00021968388164475978,7.8,HIGH
CVE-2021-0881,0.02916560994166878,0.0,0.34740088105726874,0.00021968388164475978,7.8,HIGH
CVE-2021-39655,0.02916560994166878,0.0,0.34740088105726874,0.00021968388164475978,9.8,CRITICAL
CVE-2021-0879,0.02916560994166878,0.0,0.34740088105726874,0.00021968388164475978,7.8,HIGH
CVE-2021-39645,0.02916560994166878,0.0,0.34740088105726874,0.00021968388164475978,9.8,CRITICAL
CVE-2021-0875,0.02916560994166878,0.0,0.34740088105726874,0.00021968388164475978,7.8,HIGH
CVE-2021-0884,0.02916560994166878,0.0,0.34740088105726874,0.00021968388164475978,7.8,HIGH
CVE-2021-0872,0.02916560994166878,0.0,0.34740088105726874,0.00021968388164475978,7.8,HIGH
CVE-2021-0490,0.02916560994166878,0.0,0.34740088105726874,0.00021968388164475978,7.8,HIGH
CVE-2021-39732,0.02916560994166878,0.0,0.34740088105726874,0.00021968388164475978,7.8,HIGH
CVE-2021-0495,0.02916560994166878,0.0,0.34740088105726874,0.00021968388164475978,7.8,HIGH
CVE-2021-39646,0.02916560994166878,0.0,0.34740088105726874,0.00021968388164475978,7.5,HIGH
CVE-2021-39635,0.02916560994166878,0.0,0.34740088105726874,0.00021968388164475978,9.1,CRITICAL
CVE-2021-0882,0.02916560994166878,0.0,0.34740088105726874,0.00021968388164475978,7.8,HIGH
CVE-2021-39678,0.02916560994166878,0.0,0.34740088105726874,0.00021968388164475978,7.8,HIGH
CVE-2021-0707,0.02916560994166878,0.0,0.34740088105726874,0.00021968388164475978,7.8,HIGH
CVE-2021-0696,0.02916560994166878,0.0,0.34740088105726874,0.00021968388164475978,7.0,HIGH
CVE-2021-39681,0.02916560994166878,0.0,0.34740088105726874,0.00021968388164475978,7.8,HIGH
CVE-2021-39801,0.02916560994166878,0.0,0.34740088105726874,0.00021968388164475978,7.8,HIGH
CVE-2021-39793,0.02916560994166878,0.0,0.34740088105726874,0.00021968388164475978,7.8,HIGH
CVE-2021-39644,0.02916560994166878,0.0,0.34740088105726874,0.00021968388164475978,9.8,CRITICAL
CVE-2021-39682,0.02916560994166878,0.0,0.34740088105726874,0.00021968388164475978,7.8,HIGH
CVE-2021-0528,0.02916560994166878,0.0,0.34740088105726874,0.00021968388164475978,7.8,HIGH
CVE-2021-0497,0.02916560994166878,0.0,0.34740088105726874,0.00021968388164475978,7.8,HIGH
CVE-2021-1045,0.02916560994166878,0.0,0.34740088105726874,0.00021968388164475978,7.5,HIGH
CVE-2021-39716,0.02916560994166878,0.0,0.34740088105726874,0.00021968388164475978,7.5,HIGH
CVE-2021-0871,0.02916560994166878,0.0,0.34740088105726874,0.00021968388164475978,7.8,HIGH
CVE-2021-0697,0.02916560994166878,0.0,0.34740088105726874,0.00021968388164475978,7.0,HIGH
CVE-2021-39723,0.02916560994166878,0.0,0.34740088105726874,0.00021968388164475978,9.8,CRITICAL
CVE-2021-0869,0.02916560994166878,0.0,0.34740088105726874,0.00021968388164475978,9.8,CRITICAL
CVE-2021-39815,0.02916560994166878,0.0,0.34740088105726874,0.00021968388164475978,9.8,CRITICAL
CVE-2021-0527,0.02916560994166878,0.0,0.34740088105726874,0.00021968388164475978,7.8,HIGH
CVE-2021-3560,0.0887648998224702,5.715157490038808e-05,0.39776051649349337,0.00021922012755738653,7.8,HIGH
CVE-2021-1361,0.002282525995434948,0.0,0.24828411309111517,0.0002184428747334906,9.8,CRITICAL
CVE-2021-1523,0.002282525995434948,0.0,0.24828411309111517,0.0002184428747334906,8.6,HIGH
CVE-2021-1228,0.002282525995434948,0.0,0.24828411309111517,0.0002184428747334906,7.4,HIGH
CVE-2021-1586,0.002282525995434948,0.0,0.24828411309111517,0.0002184428747334906,8.6,HIGH
CVE-2021-1230,0.002282525995434948,0.0,0.24828411309111517,0.0002184428747334906,8.6,HIGH
CVE-2021-25374,0.031701749936596496,0.001013684352942206,0.332630335751645,0.00021828948540033048,8.6,HIGH
CVE-2021-2240,0.006593963986812072,0.0,0.3027952695438489,0.0002178284492655943,7.3,HIGH
CVE-2021-2420,0.006593963986812072,0.0,0.3027952695438489,0.0002178284492655943,7.5,HIGH
CVE-2021-35660,0.006593963986812072,0.0,0.3027952695438489,0.0002178284492655943,7.5,HIGH
CVE-2021-35656,0.006593963986812072,0.0,0.3027952695438489,0.0002178284492655943,7.5,HIGH
CVE-2021-35662,0.006593963986812072,0.0,0.3027952695438489,0.0002178284492655943,7.5,HIGH
CVE-2021-2419,0.006593963986812072,0.0,0.3027952695438489,0.0002178284492655943,7.5,HIGH
CVE-2021-2431,0.006593963986812072,0.0,0.3027952695438489,0.0002178284492655943,7.5,HIGH
CVE-2021-35661,0.006593963986812072,0.0,0.3027952695438489,0.0002178284492655943,7.5,HIGH
CVE-2021-2067,0.006593963986812072,0.0,0.3027952695438489,0.0002178284492655943,8.6,HIGH
CVE-2021-2450,0.006593963986812072,0.0,0.3027952695438489,0.0002178284492655943,7.5,HIGH
CVE-2021-2452,0.006593963986812072,0.0,0.3027952695438489,0.0002178284492655943,7.5,HIGH
CVE-2021-2430,0.006593963986812072,0.0,0.3027952695438489,0.0002178284492655943,7.5,HIGH
CVE-2021-35658,0.006593963986812072,0.0,0.3027952695438489,0.0002178284492655943,7.5,HIGH
CVE-2021-2449,0.006593963986812072,0.0,0.3027952695438489,0.0002178284492655943,7.5,HIGH
CVE-2021-35659,0.006593963986812072,0.0,0.3027952695438489,0.0002178284492655943,7.5,HIGH
CVE-2021-2069,0.006593963986812072,0.0,0.3027952695438489,0.0002178284492655943,8.6,HIGH
CVE-2021-2066,0.006593963986812072,0.0,0.3027952695438489,0.0002178284492655943,8.6,HIGH
CVE-2021-2451,0.006593963986812072,0.0,0.3027952695438489,0.0002178284492655943,7.5,HIGH
CVE-2021-2423,0.006593963986812072,0.0,0.3027952695438489,0.0002178284492655943,7.5,HIGH
CVE-2021-35572,0.006593963986812072,0.0,0.3027952695438489,0.0002178284492655943,7.5,HIGH
CVE-2021-2453,0.006593963986812072,0.0,0.3027952695438489,0.0002178284492655943,7.5,HIGH
CVE-2021-2242,0.006593963986812072,0.0,0.3027952695438489,0.0002178284492655943,8.2,HIGH
CVE-2021-35573,0.006593963986812072,0.0,0.3027952695438489,0.0002178284492655943,7.5,HIGH
CVE-2021-2068,0.006593963986812072,0.0,0.3027952695438489,0.0002178284492655943,8.6,HIGH
CVE-2021-35657,0.006593963986812072,0.0,0.3027952695438489,0.0002178284492655943,7.5,HIGH
CVE-2021-29986,0.042607151914785694,0.0008315578994786952,0.3625747126436782,0.00021761575071406548,8.1,HIGH
CVE-2021-34527,0.06796855186406289,0.00013541091212640086,0.21652937946183415,0.00021728265288748785,8.8,HIGH
CVE-2021-40449,0.06796855186406289,0.00013541091212640086,0.21652937946183415,0.00021728265288748785,7.8,HIGH
CVE-2021-1692,0.07380167385239665,1.1751101801675472e-05,0.26737641554214414,0.00021717342428012671,7.7,HIGH
CVE-2021-0339,0.04286076591427847,1.33985771395783e-06,0.3343792401628223,0.00021666701046201792,7.8,HIGH
CVE-2021-26687,0.04286076591427847,1.33985771395783e-06,0.3343792401628223,0.00021666701046201792,9.8,CRITICAL
CVE-2021-0305,0.04286076591427847,1.33985771395783e-06,0.3343792401628223,0.00021666701046201792,7.8,HIGH
CVE-2021-25417,0.04286076591427847,1.33985771395783e-06,0.3343792401628223,0.00021666701046201792,7.5,HIGH
CVE-2021-22492,0.04286076591427847,1.33985771395783e-06,0.3343792401628223,0.0002166670104620179,8.8,HIGH
CVE-2021-26689,0.04286076591427847,1.33985771395783e-06,0.3343792401628223,0.0002166670104620179,9.8,CRITICAL
CVE-2021-25346,0.04286076591427847,1.33985771395783e-06,0.3343792401628223,0.0002166670104620179,7.1,HIGH
CVE-2021-0438,0.04286076591427847,1.33985771395783e-06,0.3343792401628223,0.0002166670104620179,7.8,HIGH
CVE-2021-0314,0.04286076591427847,1.33985771395783e-06,0.3343792401628223,0.0002166670104620179,7.3,HIGH
CVE-2021-0583,0.04286076591427847,1.33985771395783e-06,0.3343792401628223,0.0002166670104620179,7.3,HIGH
CVE-2021-0302,0.04286076591427847,1.33985771395783e-06,0.3343792401628223,0.0002166670104620179,7.8,HIGH
CVE-2021-1880,0.0651787978696424,9.673151795675522e-07,0.3405596821558127,0.00021659086879472614,7.8,HIGH
CVE-2021-1814,0.0651787978696424,9.673151795675522e-07,0.3405596821558127,0.00021659086879472614,7.8,HIGH
CVE-2021-38510,0.055034237889931524,0.0006277652285436518,0.3600255661066472,0.00021638268714238833,8.8,HIGH
CVE-2021-43226,0.06746132386507735,0.00013506870768615668,0.21650560070283328,0.0002158385462420259,7.8,HIGH
CVE-2021-40444,0.06720770986558458,0.00013403001402179706,0.21649371328172184,0.0002154271928332058,8.8,HIGH
CVE-2021-1419,0.003296981993406036,0.00011890990666689203,0.2143750339803186,0.00021537692219544073,7.8,HIGH
CVE-2021-31192,0.0732944458534111,3.706268150252994e-10,0.2671952293826659,0.00021524982503546024,7.8,HIGH
CVE-2021-47441,0.0732944458534111,0.0,0.3396210163652024,0.0002150160772116291,7.3,HIGH
CVE-2021-47358,0.0732944458534111,0.0,0.3396210163652024,0.0002150160772116291,7.8,HIGH
CVE-2021-47394,0.0732944458534111,0.0,0.3396210163652024,0.0002150160772116291,7.8,HIGH
CVE-2021-47097,0.0732944458534111,0.0,0.3396210163652024,0.0002150160772116291,7.1,HIGH
CVE-2021-47456,0.0732944458534111,0.0,0.3396210163652024,0.0002150160772116291,8.4,HIGH
CVE-2021-47204,0.0732944458534111,0.0,0.3396210163652024,0.0002150160772116291,7.8,HIGH
CVE-2021-47464,0.0732944458534111,0.0,0.3396210163652024,0.0002150160772116291,7.4,HIGH
CVE-2021-46966,0.0732944458534111,0.0,0.3396210163652024,0.0002150160772116291,7.8,HIGH
CVE-2021-47318,0.0732944458534111,0.0,0.3396210163652024,0.0002150160772116291,7.8,HIGH
CVE-2021-47327,0.0732944458534111,0.0,0.3396210163652024,0.0002150160772116291,7.1,HIGH
CVE-2021-47403,0.0732944458534111,0.0,0.3396210163652024,0.0002150160772116291,7.1,HIGH
CVE-2021-47044,0.0732944458534111,0.0,0.3396210163652024,0.0002150160772116291,7.7,HIGH
CVE-2021-47354,0.0732944458534111,0.0,0.3396210163652024,0.0002150160772116291,9.1,CRITICAL
CVE-2021-47261,0.0732944458534111,0.0,0.3396210163652024,0.0002150160772116291,7.8,HIGH
CVE-2021-47564,0.0732944458534111,0.0,0.3396210163652024,0.0002150160772116291,7.8,HIGH
CVE-2021-47458,0.0732944458534111,0.0,0.3396210163652024,0.0002150160772116291,7.8,HIGH
CVE-2021-47160,0.0732944458534111,0.0,0.3396210163652024,0.0002150160772116291,7.1,HIGH
CVE-2021-47348,0.0732944458534111,0.0,0.3396210163652024,0.0002150160772116291,9.1,CRITICAL
CVE-2021-47670,0.0732944458534111,0.0,0.3396210163652024,0.0002150160772116291,7.8,HIGH
CVE-2021-46954,0.0732944458534111,0.0,0.3396210163652024,0.0002150160772116291,7.1,HIGH
CVE-2021-47040,0.0732944458534111,0.0,0.3396210163652024,0.0002150160772116291,7.8,HIGH
CVE-2021-47653,0.0732944458534111,0.0,0.3396210163652024,0.0002150160772116291,7.8,HIGH
CVE-2021-47361,0.0732944458534111,0.0,0.3396210163652024,0.0002150160772116291,7.8,HIGH
CVE-2021-47669,0.0732944458534111,0.0,0.3396210163652024,0.0002150160772116291,7.8,HIGH
CVE-2021-47132,0.0732944458534111,0.0,0.3396210163652024,0.0002150160772116291,7.1,HIGH
CVE-2021-46950,0.0732944458534111,0.0,0.3396210163652024,0.0002150160772116291,7.8,HIGH
CVE-2021-47536,0.0732944458534111,0.0,0.3396210163652024,0.0002150160772116291,7.8,HIGH
CVE-2021-47609,0.0732944458534111,0.0,0.3396210163652024,0.0002150160772116291,7.8,HIGH
CVE-2021-47357,0.0732944458534111,0.0,0.3396210163652024,0.0002150160772116291,7.8,HIGH
CVE-2021-47313,0.0732944458534111,0.0,0.3396210163652024,0.0002150160772116291,8.4,HIGH
CVE-2021-47277,0.0732944458534111,0.0,0.3396210163652024,0.0002150160772116291,7.1,HIGH
CVE-2021-47046,0.0732944458534111,0.0,0.3396210163652024,0.0002150160772116291,7.8,HIGH
CVE-2021-47026,0.0732944458534111,0.0,0.3396210163652024,0.0002150160772116291,7.8,HIGH
CVE-2021-47634,0.0732944458534111,0.0,0.3396210163652024,0.0002150160772116291,7.8,HIGH
CVE-2021-47639,0.0732944458534111,0.0,0.3396210163652024,0.0002150160772116291,7.8,HIGH
CVE-2021-47371,0.0732944458534111,0.0,0.3396210163652024,0.0002150160772116291,7.1,HIGH
CVE-2021-47219,0.0732944458534111,0.0,0.3396210163652024,0.0002150160772116291,7.1,HIGH
CVE-2021-47303,0.0732944458534111,0.0,0.3396210163652024,0.0002150160772116291,7.8,HIGH
CVE-2021-47293,0.0732944458534111,0.0,0.3396210163652024,0.0002150160772116291,7.8,HIGH
CVE-2021-47123,0.0732944458534111,0.0,0.3396210163652024,0.0002150160772116291,7.8,HIGH
CVE-2021-47474,0.0732944458534111,0.0,0.3396210163652024,0.0002150160772116291,7.8,HIGH
CVE-2021-47656,0.0732944458534111,0.0,0.3396210163652024,0.0002150160772116291,7.8,HIGH
CVE-2021-47087,0.0732944458534111,0.0,0.3396210163652024,0.0002150160772116291,7.8,HIGH
CVE-2021-20268,0.0732944458534111,0.0,0.3396210163652024,0.0002150160772116291,7.8,HIGH
CVE-2021-47589,0.0732944458534111,0.0,0.3396210163652024,0.0002150160772116291,7.8,HIGH
CVE-2021-47068,0.0732944458534111,0.0,0.3396210163652024,0.0002150160772116291,7.8,HIGH
CVE-2021-47288,0.0732944458534111,0.0,0.3396210163652024,0.0002150160772116291,7.1,HIGH
CVE-2021-47368,0.0732944458534111,0.0,0.3396210163652024,0.0002150160772116291,8.1,HIGH
CVE-2021-38207,0.0732944458534111,0.0,0.3396210163652024,0.0002150160772116291,7.5,HIGH
CVE-2021-47255,0.0732944458534111,0.0,0.3396210163652024,0.0002150160772116291,7.1,HIGH
CVE-2021-47012,0.0732944458534111,0.0,0.3396210163652024,0.0002150160772116291,7.8,HIGH
CVE-2021-47239,0.0732944458534111,0.0,0.3396210163652024,0.0002150160772116291,7.8,HIGH
CVE-2021-47138,0.0732944458534111,0.0,0.3396210163652024,0.0002150160772116291,7.1,HIGH
CVE-2021-47378,0.0732944458534111,0.0,0.3396210163652024,0.0002150160772116291,9.8,CRITICAL
CVE-2021-29266,0.0732944458534111,0.0,0.3396210163652024,0.0002150160772116291,7.8,HIGH
CVE-2021-46984,0.0732944458534111,0.0,0.3396210163652024,0.0002150160772116291,7.8,HIGH
CVE-2021-47379,0.0732944458534111,0.0,0.3396210163652024,0.0002150160772116291,7.8,HIGH
CVE-2021-47083,0.0732944458534111,0.0,0.3396210163652024,0.0002150160772116291,7.1,HIGH
CVE-2021-47061,0.0732944458534111,0.0,0.3396210163652024,0.0002150160772116291,7.8,HIGH
CVE-2021-47386,0.0732944458534111,0.0,0.3396210163652024,0.0002150160772116291,7.8,HIGH
CVE-2021-47566,0.0732944458534111,0.0,0.3396210163652024,0.0002150160772116291,7.8,HIGH
CVE-2021-47533,0.0732944458534111,0.0,0.3396210163652024,0.0002150160772116291,7.8,HIGH
CVE-2021-47338,0.0732944458534111,0.0,0.3396210163652024,0.0002150160772116291,7.8,HIGH
CVE-2021-47346,0.0732944458534111,0.0,0.3396210163652024,0.0002150160772116291,7.1,HIGH
CVE-2021-47341,0.0732944458534111,0.0,0.3396210163652024,0.0002150160772116291,7.8,HIGH
CVE-2021-47103,0.0732944458534111,0.0,0.3396210163652024,0.0002150160772116291,7.8,HIGH
CVE-2021-47636,0.0732944458534111,0.0,0.3396210163652024,0.0002150160772116291,7.1,HIGH
CVE-2021-47098,0.0732944458534111,0.0,0.3396210163652024,0.0002150160772116291,7.8,HIGH
CVE-2021-47137,0.0732944458534111,0.0,0.3396210163652024,0.0002150160772116291,7.8,HIGH
CVE-2021-33033,0.0732944458534111,0.0,0.3396210163652024,0.0002150160772116291,7.8,HIGH
CVE-2021-46965,0.0732944458534111,0.0,0.3396210163652024,0.0002150160772116291,7.1,HIGH
CVE-2021-46952,0.0732944458534111,0.0,0.3396210163652024,0.0002150160772116291,7.1,HIGH
CVE-2021-46955,0.0732944458534111,0.0,0.3396210163652024,0.0002150160772116291,7.1,HIGH
CVE-2021-46991,0.0732944458534111,0.0,0.3396210163652024,0.0002150160772116291,7.8,HIGH
CVE-2021-47496,0.0732944458534111,0.0,0.3396210163652024,0.0002150160772116291,7.8,HIGH
CVE-2021-47107,0.0732944458534111,0.0,0.3396210163652024,0.0002150160772116291,7.8,HIGH
CVE-2021-46943,0.0732944458534111,0.0,0.3396210163652024,0.0002150160772116291,7.8,HIGH
CVE-2021-47390,0.0732944458534111,0.0,0.3396210163652024,0.0002150160772116291,7.1,HIGH
CVE-2021-47483,0.0732944458534111,0.0,0.3396210163652024,0.0002150160772116291,7.8,HIGH
CVE-2021-47356,0.0732944458534111,0.0,0.3396210163652024,0.0002150160772116291,7.7,HIGH
CVE-2021-47404,0.0732944458534111,0.0,0.3396210163652024,0.0002150160772116291,7.8,HIGH
CVE-2021-47200,0.0732944458534111,0.0,0.3396210163652024,0.0002150160772116291,7.8,HIGH
CVE-2021-47598,0.0732944458534111,0.0,0.3396210163652024,0.0002150160772116291,7.8,HIGH
CVE-2021-46993,0.0732944458534111,0.0,0.3396210163652024,0.0002150160772116291,7.1,HIGH
CVE-2021-47245,0.0732944458534111,0.0,0.3396210163652024,0.0002150160772116291,7.1,HIGH
CVE-2021-47131,0.0732944458534111,0.0,0.3396210163652024,0.0002150160772116291,7.8,HIGH
CVE-2021-47106,0.0732944458534111,0.0,0.3396210163652024,0.0002150160772116291,7.8,HIGH
CVE-2021-47280,0.0732944458534111,0.0,0.3396210163652024,0.0002150160772116291,7.0,HIGH
CVE-2021-46969,0.0732944458534111,0.0,0.3396210163652024,0.0002150160772116291,7.8,HIGH
CVE-2021-47324,0.0732944458534111,0.0,0.3396210163652024,0.0002150160772116291,8.8,HIGH
CVE-2021-4028,0.0732944458534111,0.0,0.3396210163652024,0.0002150160772116291,7.8,HIGH
CVE-2021-47048,0.0732944458534111,0.0,0.3396210163652024,0.0002150160772116291,7.8,HIGH
CVE-2021-46999,0.0732944458534111,0.0,0.3396210163652024,0.0002150160772116291,7.8,HIGH
CVE-2021-47565,0.0732944458534111,0.0,0.3396210163652024,0.0002150160772116291,7.8,HIGH
CVE-2021-47004,0.0732944458534111,0.0,0.3396210163652024,0.0002150160772116291,7.1,HIGH
CVE-2021-47616,0.0732944458534111,0.0,0.3396210163652024,0.0002150160772116291,7.8,HIGH
CVE-2021-47402,0.0732944458534111,0.0,0.3396210163652024,0.0002150160772116291,7.8,HIGH
CVE-2021-47459,0.0732944458534111,0.0,0.3396210163652024,0.0002150160772116291,7.8,HIGH
CVE-2021-47525,0.0732944458534111,0.0,0.3396210163652024,0.0002150160772116291,7.8,HIGH
CVE-2021-47198,0.0732944458534111,0.0,0.3396210163652024,0.0002150160772116291,7.8,HIGH
CVE-2021-47268,0.0732944458534111,0.0,0.3396210163652024,0.0002150160772116291,7.8,HIGH
CVE-2021-29657,0.0732944458534111,0.0,0.3396210163652024,0.0002150160772116291,7.4,HIGH
CVE-2021-47010,0.0732944458534111,0.0,0.3396210163652024,0.0002150160772116291,7.8,HIGH
CVE-2021-47241,0.0732944458534111,0.0,0.3396210163652024,0.0002150160772116291,7.5,HIGH
CVE-2021-47295,0.0732944458534111,0.0,0.3396210163652024,0.0002150160772116291,7.5,HIGH
CVE-2021-47135,0.0732944458534111,0.0,0.3396210163652024,0.0002150160772116291,7.8,HIGH
CVE-2021-3715,0.0732944458534111,0.0,0.3396210163652024,0.0002150160772116291,7.8,HIGH
CVE-2021-47235,0.0732944458534111,0.0,0.3396210163652024,0.0002150160772116291,7.8,HIGH
CVE-2021-46936,0.0732944458534111,0.0,0.3396210163652024,0.0002150160772116291,7.8,HIGH
CVE-2021-46938,0.0732944458534111,0.0,0.3396210163652024,0.0002150160772116291,7.8,HIGH
CVE-2021-47148,0.0732944458534111,0.0,0.3396210163652024,0.0002150160772116291,7.8,HIGH
CVE-2021-47383,0.0732944458534111,0.0,0.3396210163652024,0.0002150160772116291,7.1,HIGH
CVE-2021-46959,0.0732944458534111,0.0,0.3396210163652024,0.0002150160772116291,7.8,HIGH
CVE-2021-47342,0.0732944458534111,0.0,0.3396210163652024,0.0002150160772116291,7.8,HIGH
CVE-2021-47282,0.0732944458534111,0.0,0.3396210163652024,0.0002150160772116291,7.8,HIGH
CVE-2021-47039,0.0732944458534111,0.0,0.3396210163652024,0.0002150160772116291,7.1,HIGH
CVE-2021-47506,0.0732944458534111,0.0,0.3396210163652024,0.0002150160772116291,7.8,HIGH
CVE-2021-47449,0.0732944458534111,0.0,0.3396210163652024,0.0002150160772116291,7.1,HIGH
CVE-2021-47049,0.0732944458534111,0.0,0.3396210163652024,0.0002150160772116291,7.8,HIGH
CVE-2021-47118,0.0732944458534111,0.0,0.3396210163652024,0.0002150160772116291,7.8,HIGH
CVE-2021-46978,0.0732944458534111,0.0,0.3396210163652024,0.0002150160772116291,7.8,HIGH
CVE-2021-47328,0.0732944458534111,0.0,0.3396210163652024,0.0002150160772116291,7.8,HIGH
CVE-2021-47262,0.0732944458534111,0.0,0.3396210163652024,0.0002150160772116291,7.1,HIGH
CVE-2021-47323,0.0732944458534111,0.0,0.3396210163652024,0.0002150160772116291,8.8,HIGH
CVE-2021-47281,0.0732944458534111,0.0,0.3396210163652024,0.0002150160772116291,7.0,HIGH
CVE-2021-47013,0.0732944458534111,0.0,0.3396210163652024,0.0002150160772116291,7.8,HIGH
CVE-2021-47322,0.0732944458534111,0.0,0.3396210163652024,0.0002150160772116291,7.8,HIGH
CVE-2021-47352,0.0732944458534111,0.0,0.3396210163652024,0.0002150160772116291,7.8,HIGH
CVE-2021-47486,0.0732944458534111,0.0,0.3396210163652024,0.0002150160772116291,7.5,HIGH
CVE-2021-47254,0.0732944458534111,0.0,0.3396210163652024,0.0002150160772116291,7.8,HIGH
CVE-2021-4202,0.0732944458534111,0.0,0.3396210163652024,0.0002150160772116291,7.0,HIGH
CVE-2021-47549,0.0732944458534111,0.0,0.3396210163652024,0.0002150160772116291,7.8,HIGH
CVE-2021-47355,0.0732944458534111,0.0,0.3396210163652024,0.0002150160772116291,7.8,HIGH
CVE-2021-4440,0.0732944458534111,0.0,0.3396210163652024,0.0002150160772116291,8.8,HIGH
CVE-2021-47222,0.0732944458534111,0.0,0.3396210163652024,0.0002150160772116291,7.8,HIGH
CVE-2021-47668,0.0732944458534111,0.0,0.3396210163652024,0.0002150160772116291,7.8,HIGH
CVE-2021-47497,0.0732944458534111,0.0,0.3396210163652024,0.0002150160772116291,7.8,HIGH
CVE-2021-47102,0.0732944458534111,0.0,0.3396210163652024,0.0002150160772116291,7.1,HIGH
CVE-2021-47541,0.0732944458534111,0.0,0.3396210163652024,0.0002150160772116291,7.8,HIGH
CVE-2021-47334,0.0732944458534111,0.0,0.3396210163652024,0.0002150160772116291,7.8,HIGH
CVE-2021-47427,0.0732944458534111,0.0,0.3396210163652024,0.0002150160772116291,7.8,HIGH
CVE-2021-47088,0.0732944458534111,0.0,0.3396210163652024,0.0002150160772116291,7.0,HIGH
CVE-2021-47291,0.0732944458534111,0.0,0.3396210163652024,0.0002150160772116291,7.1,HIGH
CVE-2021-47576,0.0732944458534111,0.0,0.3396210163652024,0.0002150160772116291,7.8,HIGH
CVE-2021-47646,0.0732944458534111,0.0,0.3396210163652024,0.0002150160772116291,7.8,HIGH
CVE-2021-47640,0.0732944458534111,0.0,0.3396210163652024,0.0002150160772116291,7.8,HIGH
CVE-2021-47391,0.0732944458534111,0.0,0.3396210163652024,0.0002150160772116291,7.8,HIGH
CVE-2021-46992,0.0732944458534111,0.0,0.3396210163652024,0.0002150160772116291,7.1,HIGH
CVE-2021-47286,0.0732944458534111,0.0,0.3396210163652024,0.0002150160772116291,7.8,HIGH
CVE-2021-47301,0.0732944458534111,0.0,0.3396210163652024,0.0002150160772116291,7.8,HIGH
CVE-2021-47604,0.0732944458534111,0.0,0.3396210163652024,0.0002150160772116291,7.1,HIGH
CVE-2021-47479,0.0732944458534111,0.0,0.3396210163652024,0.0002150160772116291,7.0,HIGH
CVE-2021-47310,0.0732944458534111,0.0,0.3396210163652024,0.0002150160772116291,7.8,HIGH
CVE-2021-4439,0.0732944458534111,0.0,0.3396210163652024,0.0002150160772116291,7.8,HIGH
CVE-2021-47336,0.0732944458534111,0.0,0.3396210163652024,0.0002150160772116291,7.8,HIGH
CVE-2021-47306,0.0732944458534111,0.0,0.3396210163652024,0.0002150160772116291,7.8,HIGH
CVE-2021-47321,0.0732944458534111,0.0,0.3396210163652024,0.0002150160772116291,7.8,HIGH
CVE-2021-47025,0.0732944458534111,0.0,0.3396210163652024,0.0002150160772116291,7.8,HIGH
CVE-2021-47553,0.0732944458534111,0.0,0.3396210163652024,0.0002150160772116291,7.8,HIGH
CVE-2021-47388,0.0732944458534111,0.0,0.3396210163652024,0.0002150160772116291,7.8,HIGH
CVE-2021-47196,0.0732944458534111,0.0,0.3396210163652024,0.0002150160772116291,7.8,HIGH
CVE-2021-47191,0.0732944458534111,0.0,0.3396210163652024,0.0002150160772116291,7.1,HIGH
CVE-2021-47642,0.0732944458534111,0.0,0.3396210163652024,0.0002150160772116291,7.8,HIGH
CVE-2021-46998,0.0732944458534111,0.0,0.3396210163652024,0.0002150160772116291,7.8,HIGH
CVE-2021-47082,0.0732944458534111,0.0,0.3396210163652024,0.0002150160772116291,7.8,HIGH
CVE-2021-47081,0.0732944458534111,0.0,0.3396210163652024,0.0002150160772116291,7.8,HIGH
CVE-2021-47278,0.0732944458534111,0.0,0.3396210163652024,0.0002150160772116291,7.8,HIGH
CVE-2021-47194,0.0732944458534111,0.0,0.3396210163652024,0.0002150160772116291,7.8,HIGH
CVE-2021-47302,0.0732944458534111,0.0,0.3396210163652024,0.0002150160772116291,7.8,HIGH
CVE-2021-47613,0.0732944458534111,0.0,0.3396210163652024,0.0002150160772116291,7.8,HIGH
CVE-2021-47111,0.0732944458534111,0.0,0.3396210163652024,0.0002150160772116291,7.8,HIGH
CVE-2021-47517,0.0732944458534111,0.0,0.3396210163652024,0.0002150160772116291,7.8,HIGH
CVE-2021-47243,0.0732944458534111,0.0,0.3396210163652024,0.0002150160772116291,7.1,HIGH
CVE-2021-47259,0.0732944458534111,0.0,0.3396210163652024,0.0002150160772116291,7.5,HIGH
CVE-2021-47505,0.0732944458534111,0.0,0.3396210163652024,0.0002150160772116291,7.8,HIGH
CVE-2021-47372,0.0732944458534111,0.0,0.3396210163652024,0.0002150160772116291,7.8,HIGH
CVE-2021-47153,0.0732944458534111,0.0,0.3396210163652024,0.0002150160772116291,7.1,HIGH
CVE-2021-47110,0.0732944458534111,0.0,0.3396210163652024,0.0002150160772116291,7.1,HIGH
CVE-2021-47624,0.0732944458534111,0.0,0.3396210163652024,0.0002150160772116291,7.1,HIGH
CVE-2021-47242,0.0732944458534111,0.0,0.3396210163652024,0.0002150160772116291,7.8,HIGH
CVE-2021-47251,0.0732944458534111,0.0,0.3396210163652024,0.0002150160772116291,7.8,HIGH
CVE-2021-47614,0.0732944458534111,0.0,0.3396210163652024,0.0002150160772116291,7.8,HIGH
CVE-2021-47561,0.0732944458534111,0.0,0.3396210163652024,0.0002150160772116291,7.8,HIGH
CVE-2021-4460,0.0732944458534111,0.0,0.3396210163652024,0.0002150160772116291,7.1,HIGH
CVE-2021-47058,0.0732944458534111,0.0,0.3396210163652024,0.0002150160772116291,7.8,HIGH
CVE-2021-47520,0.0732944458534111,0.0,0.3396210163652024,0.0002150160772116291,7.8,HIGH
CVE-2021-46980,0.0732944458534111,0.0,0.3396210163652024,0.0002150160772116291,7.1,HIGH
CVE-2021-47500,0.0732944458534111,0.0,0.3396210163652024,0.0002150160772116291,7.8,HIGH
CVE-2021-47017,0.0732944458534111,0.0,0.3396210163652024,0.0002150160772116291,7.8,HIGH
CVE-2021-47063,0.0732944458534111,0.0,0.3396210163652024,0.0002150160772116291,7.8,HIGH
CVE-2021-32078,0.0732944458534111,0.0,0.3396210163652024,0.0002150160772116291,7.1,HIGH
CVE-2021-47023,0.0732944458534111,0.0,0.3396210163652024,0.0002150160772116291,8.2,HIGH
CVE-2021-47485,0.0732944458534111,0.0,0.3396210163652024,0.0002150160772116291,7.8,HIGH
CVE-2021-47094,0.0732944458534111,0.0,0.3396210163652024,0.0002150160772116291,7.1,HIGH
CVE-2021-47393,0.0732944458534111,0.0,0.3396210163652024,0.0002150160772116291,7.1,HIGH
CVE-2021-47014,0.0732944458534111,0.0,0.3396210163652024,0.0002150160772116291,7.8,HIGH
CVE-2021-47028,0.0732944458534111,0.0,0.3396210163652024,0.0002150160772116291,7.8,HIGH
CVE-2021-47633,0.0732944458534111,0.0,0.3396210163652024,0.0002150160772116291,7.1,HIGH
CVE-2021-47274,0.0732944458534111,0.0,0.3396210163652024,0.0002150160772116291,9.8,CRITICAL
CVE-2021-47226,0.0732944458534111,0.0,0.3396210163652024,0.0002150160772116291,7.1,HIGH
CVE-2021-47232,0.0732944458534111,0.0,0.3396210163652024,0.0002150160772116291,8.4,HIGH
CVE-2021-47101,0.0732944458534111,0.0,0.3396210163652024,0.0002150160772116291,7.1,HIGH
CVE-2021-46973,0.0732944458534111,0.0,0.3396210163652024,0.0002150160772116291,8.4,HIGH
CVE-2021-47240,0.0732944458534111,0.0,0.3396210163652024,0.0002150160772116291,7.1,HIGH
CVE-2021-47600,0.0732944458534111,0.0,0.3396210163652024,0.0002150160772116291,7.8,HIGH
CVE-2021-47069,0.0732944458534111,0.0,0.3396210163652024,0.0002150160772116291,7.0,HIGH
CVE-2021-47521,0.0732944458534111,0.0,0.3396210163652024,0.0002150160772116291,7.8,HIGH
CVE-2021-47065,0.0732944458534111,0.0,0.3396210163652024,0.0002150160772116291,7.8,HIGH
CVE-2021-47571,0.0732944458534111,0.0,0.3396210163652024,0.0002150160772116291,7.8,HIGH
CVE-2021-47605,0.0732944458534111,0.0,0.3396210163652024,0.0002150160772116291,7.8,HIGH
CVE-2021-47470,0.0732944458534111,0.0,0.3396210163652024,0.0002150160772116291,7.8,HIGH
CVE-2021-47477,0.0732944458534111,0.0,0.3396210163652024,0.0002150160772116291,7.8,HIGH
CVE-2021-47175,0.0732944458534111,0.0,0.3396210163652024,0.0002150160772116291,7.1,HIGH
CVE-2021-47309,0.0732944458534111,0.0,0.3396210163652024,0.0002150160772116291,7.1,HIGH
CVE-2021-47347,0.0732944458534111,0.0,0.3396210163652024,0.0002150160772116291,8.8,HIGH
CVE-2021-47311,0.0732944458534111,0.0,0.3396210163652024,0.0002150160772116291,7.8,HIGH
CVE-2021-47548,0.0732944458534111,0.0,0.3396210163652024,0.0002150160772116291,9.8,CRITICAL
CVE-2021-47475,0.0732944458534111,0.0,0.3396210163652024,0.0002150160772116291,7.8,HIGH
CVE-2021-47596,0.0732944458534111,0.0,0.3396210163652024,0.0002150160772116291,7.8,HIGH
CVE-2021-36955,0.0669540958660918,0.00013380066213999626,0.21648182716591632,0.00021477050335579287,7.8,HIGH
CVE-2021-42340,0.07659142784681715,0.0002340309853149678,0.3951297725222968,0.00021453150343993198,7.5,HIGH
CVE-2021-44716,0.07659142784681715,0.00022211349347244435,0.41013105887247764,0.00021442675503856955,7.5,HIGH
CVE-2021-33196,0.07659142784681715,0.00022211349347244435,0.41013105887247764,0.00021442675503856955,7.5,HIGH
CVE-2021-31979,0.0669540958660918,0.00013302545272953428,0.21648182716591632,0.00021438139513912013,7.8,HIGH
CVE-2021-34484,0.0669540958660918,0.00013302545272953428,0.21648182716591632,0.00021438139513912013,7.8,HIGH
CVE-2021-1675,0.0669540958660918,0.00013302545272953428,0.21648182716591632,0.0002143813951391201,7.8,HIGH
CVE-2021-30922,0.06441795587116408,5.780638211813101e-07,0.34047146187721267,0.00021437202424824027,7.8,HIGH
CVE-2021-1619,0.004057823991884352,0.0001853824190323437,0.26826779153626346,0.00021405029632878768,9.8,CRITICAL
CVE-2021-42029,0.001014455997971088,0.0,0.24384662956091527,0.00021371919542727925,7.8,HIGH
CVE-2021-37205,0.001014455997971088,0.0,0.24384662956091527,0.00021371919542727925,7.5,HIGH
CVE-2021-37204,0.001014455997971088,0.0,0.24384662956091527,0.00021371919542727925,7.5,HIGH
CVE-2021-37185,0.001014455997971088,0.0,0.24384662956091527,0.00021371919542727925,7.5,HIGH
CVE-2021-43173,0.0743089018513822,0.000506713568966289,0.394378875775155,0.00021327640332398953,7.5,HIGH
CVE-2021-43174,0.0743089018513822,0.000506713568966289,0.394378875775155,0.00021327640332398953,7.5,HIGH
CVE-2021-33742,0.06644686786710627,0.00013270329352046322,0.2164580588493632,0.0002129372714797899,7.5,HIGH
CVE-2021-31956,0.06644686786710627,0.00013270329352046322,0.2164580588493632,0.0002129372714797899,7.8,HIGH
CVE-2021-30679,0.06391072787217854,3.2055221239618555e-07,0.3404126737460071,0.00021285220828776296,7.8,HIGH
CVE-2021-30766,0.06391072787217854,3.2055221239618555e-07,0.3404126737460071,0.00021285220828776296,7.8,HIGH
CVE-2021-30832,0.06391072787217854,3.2055221239618555e-07,0.3404126737460071,0.00021285220828776296,7.8,HIGH
CVE-2021-30873,0.06391072787217854,3.2055221239618555e-07,0.3404126737460071,0.00021285220828776296,7.8,HIGH
CVE-2021-30655,0.06391072787217854,3.2055221239618555e-07,0.3404126737460071,0.00021285220828776296,9.8,CRITICAL
CVE-2021-1840,0.06391072787217854,3.2055221239618555e-07,0.3404126737460071,0.00021285220828776296,7.8,HIGH
CVE-2021-30844,0.06391072787217854,3.2055221239618555e-07,0.3404126737460071,0.00021285220828776296,7.5,HIGH
CVE-2021-1775,0.06391072787217854,3.2055221239618555e-07,0.3404126737460071,0.00021285220828776296,7.8,HIGH
CVE-2021-30739,0.06391072787217854,3.2055221239618555e-07,0.3404126737460071,0.00021285220828776296,7.8,HIGH
CVE-2021-30877,0.06391072787217854,3.2055221239618555e-07,0.3404126737460071,0.00021285220828776296,7.1,HIGH
CVE-2021-30787,0.06391072787217854,3.2055221239618555e-07,0.3404126737460071,0.00021285220828776296,7.8,HIGH
CVE-2021-1876,0.06391072787217854,3.2055221239618555e-07,0.3404126737460071,0.00021285220828776296,8.8,HIGH
CVE-2021-30777,0.06391072787217854,3.2055221239618555e-07,0.3404126737460071,0.00021285220828776296,7.8,HIGH
CVE-2021-30793,0.06391072787217854,3.2055221239618555e-07,0.3404126737460071,0.00021285220828776296,9.8,CRITICAL
CVE-2021-30684,0.06391072787217854,3.2055221239618555e-07,0.3404126737460071,0.00021285220828776296,7.8,HIGH
CVE-2021-30830,0.06391072787217854,3.2055221239618555e-07,0.3404126737460071,0.00021285220828776296,7.8,HIGH
CVE-2021-30935,0.06391072787217854,3.2055221239618555e-07,0.3404126737460071,0.00021285220828776296,8.8,HIGH
CVE-2021-30981,0.06391072787217854,3.2055221239618555e-07,0.3404126737460071,0.00021285220828776296,7.8,HIGH
CVE-2021-30719,0.06391072787217854,3.2055221239618555e-07,0.3404126737460071,0.00021285220828776296,7.1,HIGH
CVE-2021-30717,0.06391072787217854,3.2055221239618555e-07,0.3404126737460071,0.00021285220828776296,8.1,HIGH
CVE-2021-1841,0.06391072787217854,3.2055221239618555e-07,0.3404126737460071,0.00021285220828776296,7.8,HIGH
CVE-2021-30784,0.06391072787217854,3.2055221239618555e-07,0.3404126737460071,0.00021285220828776296,7.8,HIGH
CVE-2021-30676,0.06391072787217854,3.2055221239618555e-07,0.3404126737460071,0.00021285220828776296,7.1,HIGH
CVE-2021-1751,0.06391072787217854,3.2055221239618555e-07,0.3404126737460071,0.00021285220828776296,7.8,HIGH
CVE-2021-30901,0.06391072787217854,3.2055221239618555e-07,0.3404126737460071,0.00021285220828776296,7.8,HIGH
CVE-2021-30678,0.06391072787217854,3.2055221239618555e-07,0.3404126737460071,0.00021285220828776296,9.8,CRITICAL
CVE-2021-30975,0.06391072787217854,3.2055221239618555e-07,0.3404126737460071,0.00021285220828776296,8.6,HIGH
CVE-2021-30938,0.06391072787217854,3.2055221239618555e-07,0.3404126737460071,0.00021285220828776296,7.7,HIGH
CVE-2021-30899,0.06391072787217854,3.2055221239618555e-07,0.3404126737460071,0.00021285220828776296,7.0,HIGH
CVE-2021-30790,0.06391072787217854,3.2055221239618555e-07,0.3404126737460071,0.00021285220828776296,7.8,HIGH
CVE-2021-1779,0.06391072787217854,3.2055221239618555e-07,0.3404126737460071,0.00021285220828776296,7.8,HIGH
CVE-2021-1790,0.06391072787217854,3.2055221239618555e-07,0.3404126737460071,0.00021285220828776296,7.8,HIGH
CVE-2021-30865,0.06391072787217854,3.2055221239618555e-07,0.3404126737460071,0.00021285220828776296,7.8,HIGH
CVE-2021-30712,0.06391072787217854,3.2055221239618555e-07,0.3404126737460071,0.00021285220828776296,7.8,HIGH
CVE-2021-30772,0.06391072787217854,3.2055221239618555e-07,0.3404126737460071,0.00021285220828776296,7.8,HIGH
CVE-2021-30688,0.06391072787217854,3.2055221239618555e-07,0.3404126737460071,0.00021285220828776296,8.8,HIGH
CVE-2021-30827,0.06391072787217854,3.2055221239618555e-07,0.3404126737460071,0.00021285220828776296,7.8,HIGH
CVE-2021-30765,0.06391072787217854,3.2055221239618555e-07,0.3404126737460071,0.00021285220828776296,7.8,HIGH
CVE-2021-1736,0.06391072787217854,3.2055221239618555e-07,0.3404126737460071,0.00021285220828776296,7.8,HIGH
CVE-2021-30726,0.06391072787217854,3.2055221239618555e-07,0.3404126737460071,0.00021285220828776296,7.8,HIGH
CVE-2021-30969,0.06391072787217854,3.2055221239618555e-07,0.3404126737460071,0.00021285220828776296,7.8,HIGH
CVE-2021-30879,0.06391072787217854,3.2055221239618555e-07,0.3404126737460071,0.00021285220828776296,7.1,HIGH
CVE-2021-1834,0.06391072787217854,3.2055221239618555e-07,0.3404126737460071,0.00021285220828776296,9.8,CRITICAL
CVE-2021-1784,0.06391072787217854,3.2055221239618555e-07,0.3404126737460071,0.00021285220828776296,7.5,HIGH
CVE-2021-30829,0.06391072787217854,3.2055221239618555e-07,0.3404126737460071,0.00021285220828776296,7.8,HIGH
CVE-2021-1805,0.06391072787217854,3.2055221239618555e-07,0.3404126737460071,0.00021285220828776296,7.8,HIGH
CVE-2021-30821,0.06391072787217854,3.2055221239618555e-07,0.3404126737460071,0.00021285220828776296,7.8,HIGH
CVE-2021-30805,0.06391072787217854,3.2055221239618555e-07,0.3404126737460071,0.00021285220828776296,9.8,CRITICAL
CVE-2021-30880,0.06391072787217854,3.2055221239618555e-07,0.3404126737460071,0.00021285220828776296,7.1,HIGH
CVE-2021-30728,0.06391072787217854,3.2055221239618555e-07,0.3404126737460071,0.00021285220828776296,7.8,HIGH
CVE-2021-30977,0.06391072787217854,3.2055221239618555e-07,0.3404126737460071,0.00021285220828776296,7.8,HIGH
CVE-2021-1847,0.06391072787217854,3.2055221239618555e-07,0.3404126737460071,0.00021285220828776296,7.8,HIGH
CVE-2021-1806,0.06391072787217854,3.2055221239618555e-07,0.3404126737460071,0.00021285220828776296,7.0,HIGH
CVE-2021-1802,0.06391072787217854,3.2055221239618555e-07,0.3404126737460071,0.00021285220828776296,7.8,HIGH
CVE-2021-1839,0.06391072787217854,3.2055221239618555e-07,0.3404126737460071,0.00021285220828776296,7.8,HIGH
CVE-2021-30683,0.06391072787217854,3.2055221239618555e-07,0.3404126737460071,0.00021285220828776296,7.8,HIGH
CVE-2021-30824,0.06391072787217854,3.2055221239618555e-07,0.3404126737460071,0.00021285220828776296,7.8,HIGH
CVE-2021-30672,0.06391072787217854,3.2055221239618555e-07,0.3404126737460071,0.00021285220828776296,7.8,HIGH
CVE-2021-30735,0.06391072787217854,3.2055221239618555e-07,0.3404126737460071,0.00021285220828776296,7.8,HIGH
CVE-2021-1828,0.06391072787217854,3.2055221239618555e-07,0.3404126737460071,0.00021285220828776296,7.1,HIGH
CVE-2021-30876,0.06391072787217854,3.2055221239618555e-07,0.3404126737460071,0.00021285220828776296,7.1,HIGH
CVE-2021-30713,0.06391072787217854,3.2055221239618555e-07,0.3404126737460071,0.00021285220828776296,7.8,HIGH
CVE-2021-25360,0.04209992391580015,0.0,0.33372831146847226,0.00021284808779197678,9.0,CRITICAL
CVE-2021-0340,0.04209992391580015,0.0,0.33372831146847226,0.00021284808779197678,8.8,HIGH
CVE-2021-0932,0.04209992391580015,0.0,0.33372831146847226,0.00021284808779197678,7.8,HIGH
CVE-2021-0466,0.04209992391580015,0.0,0.33372831146847226,0.00021284808779197678,7.5,HIGH
CVE-2021-26688,0.04209992391580015,0.0,0.33372831146847226,0.00021284808779197678,9.8,CRITICAL
CVE-2021-25330,0.04209992391580015,0.0,0.33372831146847226,0.00021284808779197678,7.5,HIGH
CVE-2021-0635,0.04209992391580015,0.0,0.33372831146847226,0.00021284808779197678,7.8,HIGH
CVE-2021-0636,0.04209992391580015,0.0,0.33372831146847226,0.00021284808779197678,7.8,HIGH
CVE-2021-39663,0.04209992391580015,0.0,0.33372831146847226,0.00021284808779197678,7.8,HIGH
CVE-2021-25412,0.04209992391580015,0.0,0.33372831146847226,0.00021284808779197678,7.8,HIGH
CVE-2021-42278,0.0669540958660918,8.846588509301361e-05,0.21648182716591632,0.00021240583619063573,7.5,HIGH
CVE-2021-31002,0.06365711387268577,2.524182422578456e-07,0.3403832872928177,0.00021204979987435473,7.8,HIGH
CVE-2021-30933,0.06365711387268577,2.524182422578456e-07,0.3403832872928177,0.00021204979987435473,7.0,HIGH
CVE-2021-30864,0.06365711387268577,2.524182422578456e-07,0.3403832872928177,0.00021204979987435473,8.6,HIGH
CVE-2021-31004,0.06365711387268577,2.524182422578456e-07,0.3403832872928177,0.00021204979987435473,7.0,HIGH
CVE-2021-31966,0.00887648998224702,7.794394231138116e-09,0.21373590633130962,0.00021183985035084482,7.2,HIGH
CVE-2021-31963,0.00887648998224702,7.794394231138116e-09,0.21373590633130962,0.00021183985035084482,7.1,HIGH
CVE-2021-43242,0.00887648998224702,7.794394231138116e-09,0.21373590633130962,0.00021183985035084482,7.6,HIGH
CVE-2021-1719,0.00887648998224702,7.794394231138116e-09,0.21373590633130962,0.00021183985035084482,8.0,HIGH
CVE-2021-31172,0.00887648998224702,7.794394231138116e-09,0.21373590633130962,0.00021183985035084482,7.1,HIGH
CVE-2021-41344,0.00887648998224702,7.794394231138116e-09,0.21373590633130962,0.00021183985035084482,8.1,HIGH
CVE-2021-38651,0.00887648998224702,7.794394231138116e-09,0.21373590633130962,0.00021183985035084482,7.6,HIGH
CVE-2021-31181,0.00887648998224702,7.794394231138116e-09,0.21373590633130962,0.00021183985035084482,8.8,HIGH
CVE-2021-31950,0.00887648998224702,7.794394231138116e-09,0.21373590633130962,0.00021183985035084482,7.6,HIGH
CVE-2021-26420,0.00887648998224702,7.794394231138116e-09,0.21373590633130962,0.00021183985035084482,7.1,HIGH
CVE-2021-34467,0.00887648998224702,7.794394231138116e-09,0.21373590633130962,0.00021183985035084482,7.1,HIGH
CVE-2021-40487,0.00887648998224702,7.794394231138116e-09,0.21373590633130962,0.00021183985035084482,8.1,HIGH
CVE-2021-31948,0.00887648998224702,7.794394231138116e-09,0.21373590633130962,0.00021183985035084482,7.6,HIGH
CVE-2021-42320,0.00887648998224702,7.794394231138116e-09,0.21373590633130962,0.00021183985035084482,8.0,HIGH
CVE-2021-24072,0.00887648998224702,7.794394231138116e-09,0.21373590633130962,0.00021183985035084482,8.8,HIGH
CVE-2021-34520,0.00887648998224702,7.794394231138116e-09,0.21373590633130962,0.00021183985035084482,8.1,HIGH
CVE-2021-40484,0.00887648998224702,7.794394231138116e-09,0.21373590633130962,0.00021183985035084482,7.6,HIGH
CVE-2021-34468,0.00887648998224702,7.794394231138116e-09,0.21373590633130962,0.00021183985035084482,7.1,HIGH
CVE-2021-27076,0.00887648998224702,7.794394231138116e-09,0.21373590633130962,0.00021183985035084482,8.8,HIGH
CVE-2021-42309,0.00887648998224702,7.794394231138116e-09,0.21373590633130962,0.00021183985035084482,8.8,HIGH
CVE-2021-31964,0.00887648998224702,7.794394231138116e-09,0.21373590633130962,0.00021183985035084482,7.6,HIGH
CVE-2021-28474,0.00887648998224702,7.794394231138116e-09,0.21373590633130962,0.00021183985035084482,8.8,HIGH
CVE-2021-28478,0.00887648998224702,7.794394231138116e-09,0.21373590633130962,0.00021183985035084482,7.6,HIGH
CVE-2021-1712,0.00887648998224702,7.794394231138116e-09,0.21373590633130962,0.00021183985035084482,8.0,HIGH
CVE-2021-3632,0.019528277960943443,0.0026385486257738634,0.34930900070871723,0.000211312315361649,7.5,HIGH
CVE-2021-2283,0.0048186659903626675,0.0,0.2693673999180216,0.00021054675568165434,7.1,HIGH
CVE-2021-2310,0.0048186659903626675,0.0,0.2693673999180216,0.00021054675568165434,7.5,HIGH
CVE-2021-2250,0.0048186659903626675,0.0,0.2693673999180216,0.00021054675568165434,8.2,HIGH
CVE-2021-2454,0.0048186659903626675,0.0,0.2693673999180216,0.00021054675568165434,7.0,HIGH
CVE-2021-2443,0.0048186659903626675,0.0,0.2693673999180216,0.00021054675568165434,7.3,HIGH
CVE-2021-2074,0.0048186659903626675,0.0,0.2693673999180216,0.00021054675568165434,8.2,HIGH
CVE-2021-2280,0.0048186659903626675,0.0,0.2693673999180216,0.00021054675568165434,7.1,HIGH
CVE-2021-2409,0.0048186659903626675,0.0,0.2693673999180216,0.00021054675568165434,8.2,HIGH
CVE-2021-2287,0.0048186659903626675,0.0,0.2693673999180216,0.00021054675568165434,7.1,HIGH
CVE-2021-2281,0.0048186659903626675,0.0,0.2693673999180216,0.00021054675568165434,7.1,HIGH
CVE-2021-2264,0.0048186659903626675,0.0,0.2693673999180216,0.00021054675568165434,8.4,HIGH
CVE-2021-2282,0.0048186659903626675,0.0,0.2693673999180216,0.00021054675568165434,7.1,HIGH
CVE-2021-2309,0.0048186659903626675,0.0,0.2693673999180216,0.00021054675568165434,7.5,HIGH
CVE-2021-2129,0.0048186659903626675,0.0,0.2693673999180216,0.00021054675568165434,7.9,HIGH
CVE-2021-2285,0.0048186659903626675,0.0,0.2693673999180216,0.00021054675568165434,7.1,HIGH
CVE-2021-2284,0.0048186659903626675,0.0,0.2693673999180216,0.00021054675568165434,7.1,HIGH
CVE-2021-2286,0.0048186659903626675,0.0,0.2693673999180216,0.00021054675568165434,7.1,HIGH
CVE-2021-2145,0.0048186659903626675,0.0,0.2693673999180216,0.00021054675568165434,7.5,HIGH
CVE-2021-2279,0.0048186659903626675,0.0,0.2693673999180216,0.00021054675568165434,8.1,HIGH
CVE-2021-30868,0.06314988587370023,0.0,0.34032452960469534,0.00021052997152277116,7.0,HIGH
CVE-2021-1859,0.06314988587370023,0.0,0.34032452960469534,0.00021052997152277116,7.5,HIGH
CVE-2021-30680,0.06314988587370023,0.0,0.34032452960469534,0.00021052997152277116,7.8,HIGH
CVE-2021-1829,0.06314988587370023,0.0,0.34032452960469534,0.00021052997152277116,9.8,CRITICAL
CVE-2021-30856,0.06314988587370023,0.0,0.34032452960469534,0.00021052997152277116,9.1,CRITICAL
CVE-2021-1853,0.06314988587370023,0.0,0.34032452960469534,0.00021052997152277113,7.8,HIGH
CVE-2021-36942,0.06593963986812072,8.66869029040121e-05,0.2164342957514546,0.0002095046423290009,7.5,HIGH
CVE-2021-28861,0.07456251585087496,0.00015869730369691323,0.39101547005156684,0.00020943075428564225,7.4,HIGH
CVE-2021-45909,0.07456251585087496,0.00033772330764100637,0.3840833820377947,0.00020913083664612694,7.8,HIGH
CVE-2021-45910,0.07456251585087496,0.00033772330764100637,0.3840833820377947,0.00020913083664612694,7.8,HIGH
CVE-2021-45911,0.07456251585087496,0.00033772330764100637,0.3840833820377947,0.00020913083664612694,7.8,HIGH
CVE-2021-21860,0.077859497844281,0.0002053954110770512,0.394931891025641,0.00020846339365620785,8.8,HIGH
CVE-2021-21861,0.077859497844281,0.0002053954110770512,0.394931891025641,0.00020846339365620785,8.8,HIGH
CVE-2021-21859,0.077859497844281,0.0002053954110770512,0.394931891025641,0.00020846339365620782,8.8,HIGH
CVE-2021-21837,0.077859497844281,0.0002053954110770512,0.394931891025641,0.00020846339365620782,8.8,HIGH
CVE-2021-21850,0.077859497844281,0.0002053954110770512,0.394931891025641,0.00020846339365620782,8.8,HIGH
CVE-2021-3839,0.08293177783413644,3.153944572193162e-05,0.3930814475127106,0.00020756105870586535,7.5,HIGH
CVE-2021-40483,0.008622875982754248,0.0,0.2137243211014147,0.0002065748436065066,7.6,HIGH
CVE-2021-33771,0.06365711387268577,0.00012676946029100555,0.21632742634553134,0.00020637126745131002,7.8,HIGH
CVE-2021-33758,0.06949023586101953,0.0,0.2669781298666125,0.00020588098592758325,7.7,HIGH
CVE-2021-3905,0.07380167385239665,0.00014032912114798852,0.3909379337695816,0.00020477567853223632,7.5,HIGH
CVE-2021-20309,0.07481612985036774,0.00013133828068609467,0.38412079883097905,0.00020466577716072489,7.5,HIGH
CVE-2021-20312,0.07481612985036774,0.00013133828068609467,0.38412079883097905,0.00020466577716072489,7.5,HIGH
CVE-2021-20313,0.07481612985036774,0.00013133828068609467,0.38412079883097905,0.00020466577716072489,7.5,HIGH
CVE-2021-1505,0.003296981993406036,0.0008894672262622144,0.32822775326729375,0.00020455969908548554,9.8,CRITICAL
CVE-2021-1508,0.003296981993406036,0.0008894672262622144,0.32822775326729375,0.00020455969908548554,9.8,CRITICAL
CVE-2021-1468,0.003296981993406036,0.0008894672262622144,0.32822775326729375,0.00020455969908548554,9.8,CRITICAL
CVE-2021-1480,0.003296981993406036,0.0008894672262622144,0.32822775326729375,0.00020455969908548554,7.8,HIGH
CVE-2021-1479,0.003296981993406036,0.0008894672262622144,0.32822775326729375,0.00020455969908548554,7.8,HIGH
CVE-2021-1284,0.003296981993406036,0.0008894672262622144,0.32822775326729375,0.00020455969908548554,8.8,HIGH
CVE-2021-1506,0.003296981993406036,0.0008894672262622144,0.32822775326729375,0.00020455969908548554,9.8,CRITICAL
CVE-2021-1137,0.003296981993406036,0.0008894672262622144,0.32822775326729375,0.00020455969908548554,7.8,HIGH
CVE-2021-1275,0.003296981993406036,0.0008894672262622144,0.32822775326729375,0.00020455969908548554,9.8,CRITICAL
CVE-2021-21311,0.0743089018513822,0.0002534210882355512,0.3840459725333593,0.0002043075910083283,7.2,HIGH
CVE-2021-43008,0.0743089018513822,0.0002534210882355512,0.3840459725333593,0.0002043075910083283,7.5,HIGH
CVE-2021-44447,0.004565051990869896,0.0,0.20082509931751044,0.00020303016915606333,7.8,HIGH
CVE-2021-44439,0.004565051990869896,0.0,0.20082509931751044,0.00020303016915606333,7.8,HIGH
CVE-2021-44433,0.004565051990869896,0.0,0.20082509931751044,0.00020303016915606333,7.8,HIGH
CVE-2021-44435,0.004565051990869896,0.0,0.20082509931751044,0.00020303016915606333,7.8,HIGH
CVE-2021-44441,0.004565051990869896,0.0,0.20082509931751044,0.00020303016915606333,7.8,HIGH
CVE-2021-44445,0.004565051990869896,0.0,0.20082509931751044,0.00020303016915606333,7.8,HIGH
CVE-2021-44443,0.004565051990869896,0.0,0.20082509931751044,0.00020303016915606333,7.8,HIGH
CVE-2021-44434,0.004565051990869896,0.0,0.20082509931751044,0.00020303016915606333,7.8,HIGH
CVE-2021-44437,0.004565051990869896,0.0,0.20082509931751044,0.00020303016915606333,7.8,HIGH
CVE-2021-44450,0.004565051990869896,0.0,0.20082509931751044,0.00020303016915606333,7.8,HIGH
CVE-2021-44442,0.004565051990869896,0.0,0.20082509931751044,0.00020303016915606333,7.8,HIGH
CVE-2021-44432,0.004565051990869896,0.0,0.20082509931751044,0.00020303016915606333,7.8,HIGH
CVE-2021-44440,0.004565051990869896,0.0,0.20082509931751044,0.00020303016915606333,7.8,HIGH
CVE-2021-44446,0.004565051990869896,0.0,0.20082509931751044,0.00020303016915606333,7.8,HIGH
CVE-2021-44449,0.004565051990869896,0.0,0.20082509931751044,0.00020303016915606333,7.8,HIGH
CVE-2021-44430,0.004565051990869896,0.0,0.20082509931751044,0.00020303016915606333,7.8,HIGH
CVE-2021-44438,0.004565051990869896,0.0,0.20082509931751044,0.00020303016915606333,7.8,HIGH
CVE-2021-44675,0.001014455997971088,0.0,0.21533504450876523,0.00020265423222554365,9.8,CRITICAL
CVE-2021-31531,0.001014455997971088,0.0,0.21533504450876523,0.00020265423222554365,9.8,CRITICAL
CVE-2021-31530,0.001014455997971088,0.0,0.21533504450876523,0.00020265423222554365,7.5,HIGH
CVE-2021-38652,0.008369261983261475,0.0,0.21371273712737127,0.0002022567797259239,7.6,HIGH
CVE-2021-25290,0.07684504184630991,0.00011824272337161094,0.3844203958272399,0.00020223042506316356,7.5,HIGH
CVE-2021-33645,0.07380167385239665,0.00016805389073537685,0.39086042823156225,0.0002004826293456119,7.5,HIGH
CVE-2021-33643,0.07380167385239665,0.00016805389073537685,0.39086042823156225,0.00020048262934561188,9.1,CRITICAL
CVE-2021-33646,0.07380167385239665,0.00016805389073537685,0.39086042823156225,0.00020048262934561185,7.5,HIGH
CVE-2021-33644,0.07380167385239665,0.00016805389073537685,0.39086042823156225,0.00020048262934561185,8.1,HIGH
CVE-2021-34788,0.06670048186659903,7.650461075451806e-05,0.3673716575048915,0.00019903384456823226,7.0,HIGH
CVE-2021-1392,0.0038042099923915797,6.050432346430759e-05,0.2671771242715815,0.00019899168324833874,7.8,HIGH
CVE-2021-1435,0.0038042099923915797,6.050432346430759e-05,0.2671771242715815,0.00019899168324833874,7.2,HIGH
CVE-2021-1442,0.0038042099923915797,6.050432346430759e-05,0.2671771242715815,0.00019899168324833874,7.8,HIGH
CVE-2021-3761,0.07405528785188942,0.00017303010963057804,0.3943394339433943,0.00019887963373929369,7.5,HIGH
CVE-2021-1068,0.03296981993406036,0.0015341524067540157,0.3362612996759338,0.00019774423747213806,7.8,HIGH
CVE-2021-36927,0.06492518387014963,2.0896549870169999e-07,0.21638678520469762,0.00019626760240595327,7.8,HIGH
CVE-2021-3929,0.07532335784935328,4.406362983027242e-05,0.39109303709581433,0.00019589457093855436,8.2,HIGH
CVE-2021-33621,0.07456251585087496,6.680726588452025e-05,0.3909766980664353,0.0001956920101818953,8.8,HIGH
CVE-2021-28451,0.00887648998224702,7.149575137516212e-07,0.17685579726396053,0.00019473565924503158,7.8,HIGH
CVE-2021-40441,0.06416434187167132,3.477007529319456e-08,0.21635116598079562,0.0001941672060911731,7.8,HIGH
CVE-2021-43245,0.06416434187167132,3.477007529319456e-08,0.21635116598079562,0.00019416720609117307,7.8,HIGH
CVE-2021-25634,0.0743089018513822,0.00010461046481562932,0.394378875775155,0.00019399892142440636,7.5,HIGH
CVE-2021-25633,0.0743089018513822,0.00010461046481562932,0.394378875775155,0.00019399892142440636,7.5,HIGH
CVE-2021-1622,0.002789753994420492,5.296156636136737e-05,0.25248127041045015,0.00019390838649696235,8.6,HIGH
CVE-2021-43256,0.0076084199847831595,1.0385791620585557e-05,0.17681614349775784,0.0001931873975516838,7.8,HIGH
CVE-2021-1437,0.002789753994420492,7.7006516185221e-05,0.2143517260125034,0.00019107355823780222,7.5,HIGH
CVE-2021-1439,0.002789753994420492,7.7006516185221e-05,0.2143517260125034,0.0001910735582378022,7.4,HIGH
CVE-2021-30605,0.06264265787471468,5.6517893945405266e-06,0.26685165132647537,0.00019088423666097475,7.8,HIGH
CVE-2021-37548,0.003296981993406036,0.0,0.2744483886684764,0.00019046713699316233,7.5,HIGH
CVE-2021-31913,0.003296981993406036,0.0,0.2744483886684764,0.00019046713699316233,7.5,HIGH
CVE-2021-43193,0.003296981993406036,0.0,0.2744483886684764,0.00019046713699316233,9.8,CRITICAL
CVE-2021-43202,0.003296981993406036,0.0,0.2744483886684764,0.00019046713699316233,9.8,CRITICAL
CVE-2021-31909,0.003296981993406036,0.0,0.2744483886684764,0.00019046713699316233,9.8,CRITICAL
CVE-2021-43200,0.003296981993406036,0.0,0.2744483886684764,0.00019046713699316233,9.8,CRITICAL
CVE-2021-31915,0.003296981993406036,0.0,0.2744483886684764,0.00019046713699316233,9.8,CRITICAL
CVE-2021-43196,0.003296981993406036,0.0,0.2744483886684764,0.00019046713699316233,7.5,HIGH
CVE-2021-25776,0.003296981993406036,0.0,0.2744483886684764,0.00019046713699316233,7.5,HIGH
CVE-2021-31910,0.003296981993406036,0.0,0.2744483886684764,0.00019046713699316233,7.5,HIGH
CVE-2021-31912,0.003296981993406036,0.0,0.2744483886684764,0.00019046713699316233,8.8,HIGH
CVE-2021-37545,0.003296981993406036,0.0,0.2744483886684764,0.00019046713699316233,7.5,HIGH
CVE-2021-37544,0.003296981993406036,0.0,0.2744483886684764,0.00019046713699316233,9.8,CRITICAL
CVE-2021-1108,0.00507227998985544,0.0008111538304203634,0.29114671786162594,0.00019039630731647965,7.3,HIGH
CVE-2021-1106,0.00507227998985544,0.0008111538304203634,0.29114671786162594,0.00019039630731647965,7.8,HIGH
CVE-2021-1107,0.00507227998985544,0.0008111538304203634,0.29114671786162594,0.00019039630731647965,7.8,HIGH
CVE-2021-27091,0.06264265787471468,1.703021753241821e-08,0.21627996270089409,0.0001903946635277265,7.8,HIGH
CVE-2021-32765,0.07456251585087496,4.5921586609630276e-06,0.3842705389338271,0.00019010318555279048,8.8,HIGH
CVE-2021-27928,0.07456251585087496,4.014389910800092e-06,0.3840833820377947,0.000189726208001026,7.2,HIGH
CVE-2021-43518,0.0732944458534111,2.6725536163596196e-05,0.390782953419227,0.00018934016040518696,7.8,HIGH
CVE-2021-41556,0.0732944458534111,2.6725536163596196e-05,0.390782953419227,0.00018934016040518696,10.0,CRITICAL
CVE-2021-38593,0.0732944458534111,2.6725536163596196e-05,0.390782953419227,0.00018934016040518696,7.5,HIGH
CVE-2021-44537,0.0732944458534111,2.6725536163596196e-05,0.390782953419227,0.00018934016040518696,7.8,HIGH
CVE-2021-40987,0.006086735987826528,0.0,0.27485013244109857,0.00018865360408843848,7.2,HIGH
CVE-2021-26679,0.006086735987826528,0.0,0.27485013244109857,0.00018865360408843848,7.2,HIGH
CVE-2021-40992,0.006086735987826528,0.0,0.27485013244109857,0.00018865360408843848,7.2,HIGH
CVE-2021-40991,0.006086735987826528,0.0,0.27485013244109857,0.00018865360408843848,7.2,HIGH
CVE-2021-37736,0.006086735987826528,0.0,0.27485013244109857,0.00018865360408843848,9.8,CRITICAL
CVE-2021-37739,0.006086735987826528,0.0,0.27485013244109857,0.00018865360408843848,7.2,HIGH
CVE-2021-40993,0.006086735987826528,0.0,0.27485013244109857,0.00018865360408843848,8.1,HIGH
CVE-2021-40998,0.006086735987826528,0.0,0.27485013244109857,0.00018865360408843848,7.2,HIGH
CVE-2021-26684,0.006086735987826528,0.0,0.27485013244109857,0.00018865360408843848,7.2,HIGH
CVE-2021-40986,0.006086735987826528,0.0,0.27485013244109857,0.00018865360408843848,7.2,HIGH
CVE-2021-26683,0.006086735987826528,0.0,0.27485013244109857,0.00018865360408843848,7.2,HIGH
CVE-2021-29150,0.006086735987826528,0.0,0.27485013244109857,0.00018865360408843848,7.2,HIGH
CVE-2021-40999,0.006086735987826528,0.0,0.27485013244109857,0.00018865360408843848,7.2,HIGH
CVE-2021-40988,0.006086735987826528,0.0,0.27485013244109857,0.00018865360408843848,7.2,HIGH
CVE-2021-37738,0.006086735987826528,0.0,0.27485013244109857,0.00018865360408843848,7.5,HIGH
CVE-2021-26680,0.006086735987826528,0.0,0.27485013244109857,0.00018865360408843848,7.2,HIGH
CVE-2021-34611,0.006086735987826528,0.0,0.27485013244109857,0.00018865360408843848,7.2,HIGH
CVE-2021-37737,0.006086735987826528,0.0,0.27485013244109857,0.00018865360408843848,8.8,HIGH
CVE-2021-34609,0.006086735987826528,0.0,0.27485013244109857,0.00018865360408843848,8.8,HIGH
CVE-2021-26681,0.006086735987826528,0.0,0.27485013244109857,0.00018865360408843848,7.2,HIGH
CVE-2021-40996,0.006086735987826528,0.0,0.27485013244109857,0.00018865360408843848,9.8,CRITICAL
CVE-2021-34610,0.006086735987826528,0.0,0.27485013244109857,0.00018865360408843848,7.2,HIGH
CVE-2021-40997,0.006086735987826528,0.0,0.27485013244109857,0.00018865360408843848,9.8,CRITICAL
CVE-2021-44227,0.0743089018513822,1.0690577224121768e-07,0.3840459725333593,0.00018817554829420865,8.8,HIGH
CVE-2021-31871,0.07405528785188942,0.0,0.3840085703155434,0.00018768937915503918,7.5,HIGH
CVE-2021-32743,0.07405528785188942,0.0,0.3840085703155434,0.00018768937915503918,8.8,HIGH
CVE-2021-22116,0.07405528785188942,0.0,0.3840085703155434,0.00018768937915503918,7.5,HIGH
CVE-2021-31870,0.07405528785188942,0.0,0.3840085703155434,0.00018768937915503918,9.8,CRITICAL
CVE-2021-27229,0.07405528785188942,0.0,0.3840085703155434,0.00018768937915503918,8.8,HIGH
CVE-2021-31873,0.07405528785188942,0.0,0.3840085703155434,0.00018768937915503918,9.8,CRITICAL
CVE-2021-31872,0.07405528785188942,0.0,0.3840085703155434,0.00018768937915503918,9.8,CRITICAL
CVE-2021-32739,0.07405528785188942,0.0,0.3840085703155434,0.00018768937915503918,8.8,HIGH
CVE-2021-41054,0.07405528785188942,0.0,0.3840085703155434,0.00018768937915503918,7.5,HIGH
CVE-2021-21417,0.07405528785188942,0.0,0.3840085703155434,0.00018768937915503918,7.2,HIGH
CVE-2021-1405,0.07405528785188942,0.0,0.3840085703155434,0.00018768937915503918,7.5,HIGH
CVE-2021-30164,0.07405528785188942,0.0,0.3840085703155434,0.00018768937915503918,9.8,CRITICAL
CVE-2021-28374,0.07405528785188942,0.0,0.3840085703155434,0.00018768937915503918,7.5,HIGH
CVE-2021-33833,0.07405528785188942,0.0,0.3840085703155434,0.00018768937915503918,9.8,CRITICAL
CVE-2021-30163,0.07405528785188942,0.0,0.3840085703155434,0.00018768937915503918,7.5,HIGH
CVE-2021-31598,0.07405528785188942,0.0,0.3840085703155434,0.00018768937915503918,7.5,HIGH
CVE-2021-29376,0.07405528785188942,0.0,0.3840085703155434,0.00018768937915503918,7.5,HIGH
CVE-2021-37698,0.07405528785188942,0.0,0.3840085703155434,0.00018768937915503918,7.5,HIGH
CVE-2021-39371,0.07405528785188942,0.0,0.3840085703155434,0.00018768937915503918,7.5,HIGH
CVE-2021-3850,0.07405528785188942,0.0,0.3840085703155434,0.00018768937915503918,9.1,CRITICAL
CVE-2021-33293,0.07405528785188942,0.0,0.3840085703155434,0.00018768937915503918,9.1,CRITICAL
CVE-2021-31863,0.07405528785188942,0.0,0.3840085703155434,0.00018768937915503918,7.5,HIGH
CVE-2021-36773,0.07405528785188942,0.0,0.3840085703155434,0.00018768937915503918,7.5,HIGH
CVE-2021-3584,0.000760841998478316,0.0015201407068988664,0.29909732230903435,0.00018750490751213113,7.2,HIGH
CVE-2021-38658,0.00887648998224702,2.0088633807306596e-07,0.21378225981348947,0.00018712417321869554,7.8,HIGH
CVE-2021-3546,0.07481612985036774,1.6491107183189125e-05,0.3944577831132453,0.00018694150778939206,8.2,HIGH
CVE-2021-30608,0.07380167385239665,4.48881610996728e-05,0.390782953419227,0.0001868478194361246,8.8,HIGH
CVE-2021-30609,0.07380167385239665,4.48881610996728e-05,0.390782953419227,0.0001868478194361246,8.8,HIGH
CVE-2021-30612,0.07380167385239665,4.48881610996728e-05,0.390782953419227,0.0001868478194361246,8.8,HIGH
CVE-2021-30611,0.07380167385239665,4.48881610996728e-05,0.390782953419227,0.00018684781943612458,8.8,HIGH
CVE-2021-30618,0.07380167385239665,4.48881610996728e-05,0.390782953419227,0.00018684781943612458,8.8,HIGH
CVE-2021-30624,0.07380167385239665,4.48881610996728e-05,0.390782953419227,0.00018684781943612458,8.8,HIGH
CVE-2021-30614,0.07380167385239665,4.48881610996728e-05,0.390782953419227,0.00018684781943612458,8.8,HIGH
CVE-2021-30622,0.07380167385239665,4.48881610996728e-05,0.390782953419227,0.00018684781943612458,8.8,HIGH
CVE-2021-30606,0.07380167385239665,4.48881610996728e-05,0.390782953419227,0.00018684781943612458,8.8,HIGH
CVE-2021-30610,0.07380167385239665,4.48881610996728e-05,0.390782953419227,0.00018684781943612458,8.8,HIGH
CVE-2021-30620,0.07380167385239665,4.48881610996728e-05,0.390782953419227,0.00018684781943612458,8.8,HIGH
CVE-2021-30616,0.07380167385239665,4.48881610996728e-05,0.390782953419227,0.00018684781943612458,8.8,HIGH
CVE-2021-30623,0.07380167385239665,4.48881610996728e-05,0.390782953419227,0.00018684781943612458,8.8,HIGH
CVE-2021-30607,0.07380167385239665,4.48881610996728e-05,0.390782953419227,0.00018684781943612458,8.8,HIGH
CVE-2021-30613,0.07380167385239665,4.48881610996728e-05,0.390782953419227,0.00018684781943612458,8.8,HIGH
CVE-2021-38604,0.07380167385239665,1.5394119526835016e-05,0.3909379337695816,0.00018600273063186488,7.5,HIGH
CVE-2021-26567,0.005833121988333756,1.4971964823068903e-05,0.32122199592668027,0.00018432314299702887,7.8,HIGH
CVE-2021-31008,0.05224448389551103,1.7144145132498592e-07,0.33246205733558176,0.00018335003714344764,8.8,HIGH
CVE-2021-45845,0.07380167385239665,0.0,0.3943,0.00018230253824981968,7.8,HIGH
CVE-2021-43114,0.07380167385239665,0.0,0.3943,0.00018230253824981965,7.5,HIGH
CVE-2021-34373,0.004057823991884352,0.0004581965386744292,0.28249032812723884,0.00018217970045437224,7.9,HIGH
CVE-2021-1109,0.004057823991884352,0.0004581965386744292,0.28249032812723884,0.00018217970045437224,7.2,HIGH
CVE-2021-1070,0.004057823991884352,0.0004581965386744292,0.28249032812723884,0.00018217970045437222,7.1,HIGH
CVE-2021-34372,0.004057823991884352,0.0004581965386744292,0.28249032812723884,0.00018217970045437222,8.2,HIGH
CVE-2021-31005,0.05173725589652549,1.296114844130809e-07,0.33240600236047885,0.00018191143407012643,7.5,HIGH
CVE-2021-43616,0.07075830585848339,2.4189279775075196e-05,0.39031874876262124,0.00018086758970377269,9.0,CRITICAL
CVE-2021-26564,0.004565051990869896,7.946253875665317e-06,0.3210912052117264,0.00018013434286445664,8.3,HIGH
CVE-2021-26563,0.004565051990869896,7.946253875665317e-06,0.3210912052117264,0.00018013434286445664,8.2,HIGH
CVE-2021-26566,0.004565051990869896,7.946253875665317e-06,0.3210912052117264,0.00018013434286445664,8.3,HIGH
CVE-2021-26561,0.004565051990869896,7.946253875665317e-06,0.3210912052117264,0.00018013434286445664,9.0,CRITICAL
CVE-2021-26560,0.004565051990869896,7.946253875665317e-06,0.3210912052117264,0.00018013434286445664,9.0,CRITICAL
CVE-2021-26565,0.004565051990869896,7.946253875665317e-06,0.3210912052117264,0.00018013434286445664,8.3,HIGH
CVE-2021-26562,0.004565051990869896,7.946253875665317e-06,0.3210912052117264,0.00018013434286445664,9.0,CRITICAL
CVE-2021-1711,0.007101191985797616,0.0010355597823601755,0.2133773472590508,0.00017984745487768843,7.8,HIGH
CVE-2021-1816,0.05097641389804717,4.182996691190512e-08,0.3323219553308049,0.00017974554365102283,7.8,HIGH
CVE-2021-30882,0.05097641389804717,4.182996691190512e-08,0.3323219553308049,0.00017974554365102283,7.5,HIGH
CVE-2021-1748,0.05097641389804717,4.182996691190512e-08,0.3323219553308049,0.00017974554365102283,8.8,HIGH
CVE-2021-30854,0.05097641389804717,4.182996691190512e-08,0.3323219553308049,0.00017974554365102283,8.6,HIGH
CVE-2021-1864,0.05097641389804717,4.182996691190512e-08,0.3323219553308049,0.00017974554365102283,9.8,CRITICAL
CVE-2021-30764,0.05097641389804717,4.182996691190512e-08,0.3323219553308049,0.00017974554365102283,7.8,HIGH
CVE-2021-34378,0.003550595992898808,0.0,0.2256753663003663,0.0001797324325340062,7.7,HIGH
CVE-2021-34374,0.003550595992898808,0.0,0.2256753663003663,0.0001797324325340062,7.7,HIGH
CVE-2021-34375,0.003550595992898808,0.0,0.2256753663003663,0.0001797324325340062,7.7,HIGH
CVE-2021-34380,0.003550595992898808,0.0,0.2256753663003663,0.0001797324325340062,7.0,HIGH
CVE-2021-34376,0.003550595992898808,0.0,0.2256753663003663,0.0001797324325340062,7.7,HIGH
CVE-2021-34379,0.003550595992898808,0.0,0.2256753663003663,0.0001797324325340062,7.7,HIGH
CVE-2021-34377,0.003550595992898808,0.0,0.2256753663003663,0.0001797324325340062,7.7,HIGH
CVE-2021-1110,0.003550595992898808,0.0,0.2256753663003663,0.0001797324325340062,7.1,HIGH
CVE-2021-33063,0.05833121988333756,0.0,0.266400918856834,0.00017962185253485972,7.8,HIGH
CVE-2021-0121,0.05833121988333756,0.0,0.266400918856834,0.00017962185253485972,7.8,HIGH
CVE-2021-29083,0.004311437991377124,0.0,0.29471559907317435,0.00017912314933318582,7.2,HIGH
CVE-2021-27649,0.004311437991377124,0.0,0.29471559907317435,0.00017912314933318582,9.8,CRITICAL
CVE-2021-29088,0.004311437991377124,0.0,0.29471559907317435,0.00017912314933318582,7.8,HIGH
CVE-2021-27646,0.004311437991377124,0.0,0.29471559907317435,0.00017912314933318582,9.8,CRITICAL
CVE-2021-29084,0.004311437991377124,0.0,0.29471559907317435,0.00017912314933318582,7.5,HIGH
CVE-2021-29087,0.004311437991377124,0.0,0.29471559907317435,0.00017912314933318582,7.5,HIGH
CVE-2021-29085,0.004311437991377124,0.0,0.29471559907317435,0.00017912314933318582,8.6,HIGH
CVE-2021-27647,0.004311437991377124,0.0,0.29471559907317435,0.00017912314933318582,9.8,CRITICAL
CVE-2021-26569,0.004311437991377124,0.0,0.29471559907317435,0.00017912314933318582,9.8,CRITICAL
CVE-2021-30761,0.050469185899061624,0.0,0.33226594758574196,0.00017830686928574157,8.8,HIGH
CVE-2021-30997,0.050469185899061624,0.0,0.33226594758574196,0.00017830686928574157,7.5,HIGH
CVE-2021-30762,0.050469185899061624,0.0,0.33226594758574196,0.00017830686928574157,8.8,HIGH
CVE-2021-30820,0.050469185899061624,0.0,0.33226594758574196,0.00017830686928574157,9.8,CRITICAL
CVE-2021-30894,0.050469185899061624,0.0,0.33226594758574196,0.00017830686928574157,7.8,HIGH
CVE-2021-1838,0.050469185899061624,0.0,0.33226594758574196,0.00017830686928574154,7.8,HIGH
CVE-2021-30666,0.050469185899061624,0.0,0.33226594758574196,0.00017830686928574154,8.8,HIGH
CVE-2021-30983,0.050469185899061624,0.0,0.33226594758574196,0.00017830686928574154,7.8,HIGH
CVE-2021-30902,0.050469185899061624,0.0,0.33226594758574196,0.00017830686928574154,7.8,HIGH
CVE-2021-30729,0.050469185899061624,0.0,0.33226594758574196,0.00017830686928574154,7.5,HIGH
CVE-2021-1812,0.050469185899061624,0.0,0.33226594758574196,0.00017830686928574154,7.8,HIGH
CVE-2021-1794,0.050469185899061624,0.0,0.33226594758574196,0.00017830686928574154,9.8,CRITICAL
CVE-2021-30742,0.050469185899061624,0.0,0.33226594758574196,0.00017830686928574154,7.8,HIGH
CVE-2021-1833,0.050469185899061624,0.0,0.33226594758574196,0.00017830686928574154,7.8,HIGH
CVE-2021-1795,0.050469185899061624,0.0,0.33226594758574196,0.00017830686928574154,9.8,CRITICAL
CVE-2021-30800,0.050469185899061624,0.0,0.33226594758574196,0.00017830686928574154,8.8,HIGH
CVE-2021-1874,0.050469185899061624,0.0,0.33226594758574196,0.00017830686928574154,8.8,HIGH
CVE-2021-30802,0.050469185899061624,0.0,0.33226594758574196,0.00017830686928574154,8.8,HIGH
CVE-2021-30837,0.050469185899061624,0.0,0.33226594758574196,0.00017830686928574154,7.8,HIGH
CVE-2021-30825,0.050469185899061624,0.0,0.33226594758574196,0.00017830686928574154,7.8,HIGH
CVE-2021-30741,0.050469185899061624,0.0,0.33226594758574196,0.00017830686928574154,7.1,HIGH
CVE-2021-30991,0.050469185899061624,0.0,0.33226594758574196,0.00017830686928574154,7.8,HIGH
CVE-2021-30662,0.050469185899061624,0.0,0.33226594758574196,0.00017830686928574154,7.3,HIGH
CVE-2021-30985,0.050469185899061624,0.0,0.33226594758574196,0.00017830686928574154,7.8,HIGH
CVE-2021-30826,0.050469185899061624,0.0,0.33226594758574196,0.00017830686928574154,7.5,HIGH
CVE-2021-1796,0.050469185899061624,0.0,0.33226594758574196,0.00017830686928574154,9.8,CRITICAL
CVE-2021-30914,0.050469185899061624,0.0,0.33226594758574196,0.00017830686928574154,7.8,HIGH
CVE-2021-45116,0.07050469185899061,5.704786579346218e-08,0.39028011481738095,0.00017633526239652797,7.5,HIGH
CVE-2021-45115,0.07050469185899061,5.704786579346218e-08,0.39028011481738095,0.00017633526239652797,7.5,HIGH
CVE-2021-33571,0.07050469185899061,5.704786579346218e-08,0.39028011481738095,0.00017633526239652797,7.5,HIGH
CVE-2021-41611,0.07050469185899061,3.2199659356525026e-08,0.39028011481738095,0.00017631728121365374,7.5,HIGH
CVE-2021-22901,0.03550595992898808,0.00033882109777869546,0.3838216684512801,0.00017607494220795957,8.1,HIGH
CVE-2021-0232,0.07025107785949784,0.0,0.39024148851939827,0.00017585907832498904,7.4,HIGH
CVE-2021-23727,0.07025107785949784,0.0,0.39024148851939827,0.00017585907832498904,7.5,HIGH
CVE-2021-42613,0.07025107785949784,0.0,0.39024148851939827,0.00017585907832498904,7.8,HIGH
CVE-2021-28710,0.07025107785949784,0.0,0.39024148851939827,0.00017585907832498904,8.8,HIGH
CVE-2021-42612,0.07025107785949784,0.0,0.39024148851939827,0.00017585907832498904,7.8,HIGH
CVE-2021-42614,0.07025107785949784,0.0,0.39024148851939827,0.00017585907832498904,7.8,HIGH
CVE-2021-1225,0.002789753994420492,0.0,0.3277094414893617,0.00017541436378314275,9.1,CRITICAL
CVE-2021-36968,0.05604869388790261,9.326448082124777e-08,0.21597195596209673,0.0001748465965733267,7.8,HIGH
CVE-2021-22049,0.004057823991884352,0.0,0.1978325222015955,0.00017469100560097486,9.8,CRITICAL
CVE-2021-21980,0.004057823991884352,0.0,0.1978325222015955,0.00017469100560097486,7.5,HIGH
CVE-2021-22926,0.035252345929495305,0.0002221632498981952,0.3838590342679128,0.00017140391411108174,7.5,HIGH
CVE-2021-34740,0.002028911995942176,1.6311509174449935e-05,0.20235040541927538,0.0001699037969194002,7.4,HIGH
CVE-2021-3943,0.002282525995434948,0.0,0.2810606600613016,0.00016959960480721566,9.8,CRITICAL
CVE-2021-36394,0.002282525995434948,0.0,0.2810606600613016,0.00016959960480721566,9.8,CRITICAL
CVE-2021-32476,0.002282525995434948,0.0,0.2810606600613016,0.00016959960480721566,7.5,HIGH
CVE-2021-36392,0.002282525995434948,0.0,0.2810606600613016,0.00016959960480721566,9.8,CRITICAL
CVE-2021-20187,0.002282525995434948,0.0,0.2810606600613016,0.00016959960480721566,7.2,HIGH
CVE-2021-32474,0.002282525995434948,0.0,0.2810606600613016,0.00016959960480721566,7.2,HIGH
CVE-2021-36396,0.002282525995434948,0.0,0.2810606600613016,0.00016959960480721566,7.5,HIGH
CVE-2021-36395,0.002282525995434948,0.0,0.2810606600613016,0.00016959960480721566,7.5,HIGH
CVE-2021-36393,0.002282525995434948,0.0,0.2810606600613016,0.00016959960480721566,9.8,CRITICAL
CVE-2021-36090,0.024854171950291656,0.0003770800010937244,0.38144529360549484,0.00016907726645462356,7.5,HIGH
CVE-2021-20260,0.000507227998985544,0.0,0.23027506862115282,0.00016873106462452574,7.8,HIGH
CVE-2021-0064,0.002028911995942176,2.3128136519323376e-05,0.21948232674645143,0.00016803798328210337,7.8,HIGH
CVE-2021-0065,0.002028911995942176,2.3128136519323376e-05,0.21948232674645143,0.00016803798328210337,7.8,HIGH
CVE-2021-0071,0.002028911995942176,2.3128136519323376e-05,0.21948232674645143,0.00016803798328210337,8.8,HIGH
CVE-2021-0082,0.002028911995942176,2.3128136519323376e-05,0.21948232674645143,0.00016803798328210337,7.8,HIGH
CVE-2021-0151,0.002028911995942176,2.3128136519323376e-05,0.21948232674645143,0.00016803798328210337,7.8,HIGH
CVE-2021-0078,0.002028911995942176,2.3128136519323376e-05,0.21948232674645143,0.00016803798328210337,8.1,HIGH
CVE-2021-43875,0.006086735987826528,7.388129934505576e-06,0.17676858244418542,0.00016543056592907397,7.8,HIGH
CVE-2021-4034,0.027897539944204918,0.0005579699765339352,0.3458771929824561,0.00016527020777162236,7.8,HIGH
CVE-2021-33115,0.001775297996449404,0.0,0.19337910740559097,0.00016473968474827046,8.8,HIGH
CVE-2021-33847,0.002028911995942176,0.0005839529065769631,0.29155575273587697,0.0001647153101859706,7.8,HIGH
CVE-2021-37409,0.002028911995942176,0.0005839529065769631,0.29155575273587697,0.0001647153101859706,7.8,HIGH
CVE-2021-23179,0.002028911995942176,0.0005839529065769631,0.29155575273587697,0.0001647153101859706,7.1,HIGH
CVE-2021-35516,0.024600557950798883,0.0003597401519742281,0.3814083962081641,0.0001628960751041217,7.5,HIGH
CVE-2021-35515,0.024346943951306113,0.000356697554255887,0.3813715059483509,0.0001624135388942137,7.5,HIGH
CVE-2021-34518,0.007101191985797616,4.309311367335405e-07,0.1768002869697785,0.00016224245974122496,7.8,HIGH
CVE-2021-21124,0.06365711387268577,3.307263129473816e-05,0.3614115490375802,0.00016150097586019855,9.6,CRITICAL
CVE-2021-21132,0.06365711387268577,3.307263129473816e-05,0.3614115490375802,0.00016150097586019855,9.6,CRITICAL
CVE-2021-21118,0.06365711387268577,3.307263129473816e-05,0.3614115490375802,0.00016150097586019855,8.8,HIGH
CVE-2021-21128,0.06365711387268577,3.307263129473816e-05,0.3614115490375802,0.00016150097586019855,8.8,HIGH
CVE-2021-21119,0.06365711387268577,3.307263129473816e-05,0.3614115490375802,0.00016150097586019855,8.8,HIGH
CVE-2021-21120,0.06365711387268577,3.307263129473816e-05,0.3614115490375802,0.00016150097586019855,8.8,HIGH
CVE-2021-21122,0.06365711387268577,3.307263129473816e-05,0.3614115490375802,0.00016150097586019855,8.8,HIGH
CVE-2021-21121,0.06365711387268577,3.307263129473816e-05,0.3614115490375802,0.00016150097586019855,9.6,CRITICAL
CVE-2021-21127,0.06365711387268577,3.307263129473816e-05,0.3614115490375802,0.00016150097586019853,8.8,HIGH
CVE-2021-21125,0.06365711387268577,3.307263129473816e-05,0.3614115490375802,0.00016150097586019853,8.1,HIGH
CVE-2021-35517,0.024346943951306113,0.0003562921472936193,0.3813715059483509,0.0001611592917779858,7.5,HIGH
CVE-2021-1624,0.002028911995942176,5.935954645867429e-05,0.2494148902523879,0.0001609632573268609,8.6,HIGH
CVE-2021-31784,0.006593963986812072,0.0003856436624274453,0.329847749707211,0.0001595604114622241,7.8,HIGH
CVE-2021-28452,0.007101191985797616,2.1878058290160087e-08,0.17678443328550933,0.0001591454522272444,7.1,HIGH
CVE-2021-3899,0.007862033984275933,0.0015201576770708795,0.3317069067048036,0.00015794123376448678,7.8,HIGH
CVE-2021-3637,0.002028911995942176,2.0911038802010975e-05,0.2845698614318707,0.00015728508888920154,7.5,HIGH
CVE-2021-3187,0.04235353791529292,4.506225000307946e-06,0.3355744680851064,0.00015618154088785808,8.8,HIGH
CVE-2021-30690,0.04209992391580015,0.0,0.33361536509010914,0.00015562622444263854,9.8,CRITICAL
CVE-2021-31822,0.028404767943190464,0.0005069707839759168,0.36071722623730673,0.00015520451941350338,7.8,HIGH
CVE-2021-29667,0.028404767943190464,0.0005069707839759168,0.36071722623730673,0.00015520451941350324,7.8,HIGH
CVE-2021-0116,0.015216839969566319,0.002811246110778213,0.34322771587743733,0.0001550824438844146,7.8,HIGH
CVE-2021-0091,0.015216839969566319,0.002811246110778213,0.34322771587743733,0.00015508244388441457,7.8,HIGH
CVE-2021-0099,0.015216839969566319,0.002811246110778213,0.34322771587743733,0.00015508244388441457,7.8,HIGH
CVE-2021-0156,0.015216839969566319,0.002811246110778213,0.34322771587743733,0.00015508244388441457,7.8,HIGH
CVE-2021-0117,0.015216839969566319,0.002811246110778213,0.34322771587743733,0.00015508244388441457,7.8,HIGH
CVE-2021-20412,0.028658381942683234,0.0005067135689662892,0.36075022872827084,0.00015384437480697873,7.5,HIGH
CVE-2021-20411,0.028658381942683234,0.0005067135689662892,0.36075022872827084,0.00015384437480697873,8.1,HIGH
CVE-2021-41388,0.04083185391833629,0.000506970783975916,0.3342091879979658,0.00015350379413158567,7.8,HIGH
CVE-2021-40539,0.001775297996449404,0.0,0.2742193476597816,0.00015144831022465092,9.8,CRITICAL
CVE-2021-37421,0.001775297996449404,0.0,0.2742193476597816,0.00015144831022465092,9.8,CRITICAL
CVE-2021-37422,0.001775297996449404,0.0,0.2742193476597816,0.00015144831022465092,9.8,CRITICAL
CVE-2021-28958,0.001775297996449404,0.0,0.2742193476597816,0.00015144831022465092,9.8,CRITICAL
CVE-2021-37417,0.001775297996449404,0.0,0.2742193476597816,0.00015144831022465092,9.8,CRITICAL
CVE-2021-37423,0.001775297996449404,0.0,0.2742193476597816,0.00015144831022465092,9.8,CRITICAL
CVE-2021-33256,0.001775297996449404,0.0,0.2742193476597816,0.00015144831022465092,8.8,HIGH
CVE-2021-30541,0.05909206188181587,0.0,0.36081625183016103,0.0001483098415370683,8.8,HIGH
CVE-2021-21138,0.05909206188181587,0.0,0.36081625183016103,0.0001483098415370683,8.6,HIGH
CVE-2021-4320,0.05909206188181587,0.0,0.36081625183016103,0.0001483098415370683,8.8,HIGH
CVE-2021-4098,0.05909206188181587,0.0,0.36081625183016103,0.0001483098415370683,7.4,HIGH
CVE-2021-4318,0.05909206188181587,0.0,0.36081625183016103,0.0001483098415370683,8.8,HIGH
CVE-2021-30564,0.05909206188181587,0.0,0.36081625183016103,0.0001483098415370683,8.8,HIGH
CVE-2021-30562,0.05909206188181587,0.0,0.36081625183016103,0.0001483098415370683,8.8,HIGH
CVE-2021-4099,0.05909206188181587,0.0,0.36081625183016103,0.0001483098415370683,8.8,HIGH
CVE-2021-4101,0.05909206188181587,0.0,0.36081625183016103,0.0001483098415370683,8.8,HIGH
CVE-2021-30561,0.05909206188181587,0.0,0.36081625183016103,0.0001483098415370683,8.8,HIGH
CVE-2021-4322,0.05909206188181587,0.0,0.36081625183016103,0.0001483098415370683,8.8,HIGH
CVE-2021-4319,0.05909206188181587,0.0,0.36081625183016103,0.0001483098415370683,8.8,HIGH
CVE-2021-21117,0.05909206188181587,0.0,0.36081625183016103,0.0001483098415370683,7.8,HIGH
CVE-2021-38023,0.05909206188181587,0.0,0.36081625183016103,0.0001483098415370683,8.8,HIGH
CVE-2021-30559,0.05909206188181587,0.0,0.36081625183016103,0.0001483098415370683,8.8,HIGH
CVE-2021-4317,0.05909206188181587,0.0,0.36081625183016103,0.0001483098415370683,8.8,HIGH
CVE-2021-4100,0.05909206188181587,0.0,0.36081625183016103,0.0001483098415370683,8.8,HIGH
CVE-2021-30563,0.05909206188181587,0.0,0.36081625183016103,0.0001483098415370683,8.8,HIGH
CVE-2021-4102,0.05909206188181587,0.0,0.36081625183016103,0.0001483098415370683,8.8,HIGH
CVE-2021-30558,0.05909206188181587,0.0,0.36081625183016103,0.0001483098415370683,8.8,HIGH
CVE-2021-27059,0.006593963986812072,9.297317152454574e-08,0.21367799273830815,0.00014806426518659629,7.6,HIGH
CVE-2021-45980,0.05401978189196043,1.1491191891009016e-05,0.33577450395980585,0.00014745651384127608,7.8,HIGH
CVE-2021-45979,0.05401978189196043,1.1491191891009016e-05,0.33577450395980585,0.00014745651384127608,7.8,HIGH
CVE-2021-45978,0.05401978189196043,1.1491191891009016e-05,0.33577450395980585,0.00014745651384127608,7.8,HIGH
CVE-2021-39693,0.02181080395637839,0.0,0.25405927835051545,0.00014743535979674862,7.8,HIGH
CVE-2021-0799,0.02181080395637839,0.0,0.25405927835051545,0.00014743535979674862,7.8,HIGH
CVE-2021-0984,0.02181080395637839,0.0,0.25405927835051545,0.00014743535979674862,7.8,HIGH
CVE-2021-39776,0.02181080395637839,0.0,0.25405927835051545,0.00014743535979674862,7.8,HIGH
CVE-2021-39787,0.02181080395637839,0.0,0.25405927835051545,0.00014743535979674862,7.8,HIGH
CVE-2021-39708,0.02181080395637839,0.0,0.25405927835051545,0.00014743535979674862,9.8,CRITICAL
CVE-2021-39702,0.02181080395637839,0.0,0.25405927835051545,0.00014743535979674862,7.8,HIGH
CVE-2021-1004,0.02181080395637839,0.0,0.25405927835051545,0.00014743535979674862,7.8,HIGH
CVE-2021-39630,0.02181080395637839,0.0,0.25405927835051545,0.00014743535979674862,7.8,HIGH
CVE-2021-1017,0.02181080395637839,0.0,0.25405927835051545,0.00014743535979674862,7.8,HIGH
CVE-2021-0985,0.02181080395637839,0.0,0.25405927835051545,0.00014743535979674862,7.8,HIGH
CVE-2021-0959,0.02181080395637839,0.0,0.25405927835051545,0.00014743535979674862,7.8,HIGH
CVE-2021-39784,0.02181080395637839,0.0,0.25405927835051545,0.00014743535979674862,7.8,HIGH
CVE-2021-39772,0.02181080395637839,0.0,0.25405927835051545,0.00014743535979674862,8.8,HIGH
CVE-2021-39783,0.02181080395637839,0.0,0.25405927835051545,0.00014743535979674862,7.8,HIGH
CVE-2021-39694,0.02181080395637839,0.0,0.25405927835051545,0.00014743535979674862,7.8,HIGH
CVE-2021-39709,0.02181080395637839,0.0,0.25405927835051545,0.00014743535979674862,7.8,HIGH
CVE-2021-0769,0.02181080395637839,0.0,0.25405927835051545,0.00014743535979674862,7.3,HIGH
CVE-2021-1027,0.02181080395637839,0.0,0.25405927835051545,0.00014743535979674862,7.8,HIGH
CVE-2021-1020,0.02181080395637839,0.0,0.25405927835051545,0.00014743535979674862,7.3,HIGH
CVE-2021-39780,0.02181080395637839,0.0,0.25405927835051545,0.00014743535979674862,7.8,HIGH
CVE-2021-1022,0.02181080395637839,0.0,0.25405927835051545,0.00014743535979674862,7.5,HIGH
CVE-2021-39675,0.02181080395637839,0.0,0.25405927835051545,0.00014743535979674862,9.8,CRITICAL
CVE-2021-0923,0.02181080395637839,0.0,0.25405927835051545,0.00014743535979674862,7.8,HIGH
CVE-2021-1003,0.02181080395637839,0.0,0.25405927835051545,0.00014743535979674862,7.8,HIGH
CVE-2021-0918,0.02181080395637839,0.0,0.25405927835051545,0.00014743535979674862,8.8,HIGH
CVE-2021-0999,0.02181080395637839,0.0,0.25405927835051545,0.00014743535979674862,7.8,HIGH
CVE-2021-1016,0.02181080395637839,0.0,0.25405927835051545,0.00014743535979674862,7.3,HIGH
CVE-2021-1028,0.02181080395637839,0.0,0.25405927835051545,0.00014743535979674862,7.8,HIGH
CVE-2021-1021,0.02181080395637839,0.0,0.25405927835051545,0.00014743535979674862,7.3,HIGH
CVE-2021-39703,0.02181080395637839,0.0,0.25405927835051545,0.00014743535979674862,7.8,HIGH
CVE-2021-39782,0.02181080395637839,0.0,0.25405927835051545,0.00014743535979674862,7.8,HIGH
CVE-2021-39781,0.02181080395637839,0.0,0.25405927835051545,0.00014743535979674862,7.8,HIGH
CVE-2021-1029,0.02181080395637839,0.0,0.25405927835051545,0.00014743535979674862,7.8,HIGH
CVE-2021-1002,0.02181080395637839,0.0,0.25405927835051545,0.00014743535979674862,7.5,HIGH
CVE-2021-1019,0.02181080395637839,0.0,0.25405927835051545,0.00014743535979674862,7.3,HIGH
CVE-2021-0925,0.02181080395637839,0.0,0.25405927835051545,0.00014743535979674862,7.5,HIGH
CVE-2021-0164,0.001775297996449404,0.0,0.2813012770207605,0.0001468536197441923,7.8,HIGH
CVE-2021-0162,0.001775297996449404,0.0,0.2813012770207605,0.0001468536197441923,8.8,HIGH
CVE-2021-23223,0.001775297996449404,0.0,0.2813012770207605,0.0001468536197441923,7.8,HIGH
CVE-2021-0163,0.001775297996449404,0.0,0.2813012770207605,0.0001468536197441923,8.8,HIGH
CVE-2021-44526,0.001014455997971088,0.00025316387322592347,0.274276572064552,0.00014634145227146778,9.8,CRITICAL
CVE-2021-1623,0.001775297996449404,0.0,0.2491312314399444,0.00014595933034360133,7.7,HIGH
CVE-2021-29627,0.001521683996956632,0.0,0.3106191901685836,0.00014209797393638336,7.8,HIGH
CVE-2021-29632,0.001521683996956632,0.0,0.3106191901685836,0.00014209797393638336,7.5,HIGH
CVE-2021-29629,0.001521683996956632,0.0,0.3106191901685836,0.00014209797393638336,7.5,HIGH
CVE-2021-29628,0.001521683996956632,0.0,0.3106191901685836,0.00014209797393638336,7.5,HIGH
CVE-2021-29631,0.001521683996956632,0.0,0.3106191901685836,0.00014209797393638336,7.8,HIGH
CVE-2021-29630,0.001521683996956632,0.0,0.3106191901685836,0.00014209797393638336,8.1,HIGH
CVE-2021-26636,0.028404767943190464,0.0003377233076409971,0.36075022872827084,0.0001412987468655481,8.8,HIGH
CVE-2021-26633,0.028404767943190464,0.0003377233076409971,0.36075022872827084,0.00014129874686554807,7.5,HIGH
CVE-2021-26634,0.028404767943190464,0.0003377233076409971,0.36075022872827084,0.00014129874686554807,9.8,CRITICAL
CVE-2021-22931,0.021303575957392847,9.539757011085724e-05,0.3800481927710843,0.00014111872939979685,9.8,CRITICAL
CVE-2021-35242,0.001521683996956632,0.0,0.27418121132049234,0.00014036685603674548,8.3,HIGH
CVE-2021-35252,0.001521683996956632,0.0,0.27418121132049234,0.00014036685603674548,7.5,HIGH
CVE-2021-35223,0.001521683996956632,0.0,0.27418121132049234,0.00014036685603674548,8.5,HIGH
CVE-2021-3154,0.001521683996956632,0.0,0.27418121132049234,0.00014036685603674548,7.5,HIGH
CVE-2021-25276,0.001521683996956632,0.0,0.27418121132049234,0.00014036685603674548,7.1,HIGH
CVE-2021-35211,0.001521683996956632,0.0,0.27418121132049234,0.00014036685603674548,9.0,CRITICAL
CVE-2021-24068,0.005833121988333756,2.685735072037035e-08,0.17652325737565475,0.00014035614819874254,7.8,HIGH
CVE-2021-38625,0.04184630991630738,0.0,0.2153115273303118,0.0001402528945747298,7.8,HIGH
CVE-2021-38626,0.04184630991630738,0.0,0.2153115273303118,0.0001402528945747298,7.8,HIGH
CVE-2021-3520,0.031701749936596496,0.00014129203538505703,0.3556096681096681,0.00013969128055716244,9.8,CRITICAL
CVE-2021-37714,0.015216839969566319,0.0001434085436892361,0.3366057708724603,0.0001375288180894571,7.5,HIGH
CVE-2021-20222,0.001521683996956632,0.0,0.2589819376026273,0.00013681653264436525,7.5,HIGH
CVE-2021-4133,0.001521683996956632,0.0,0.2589819376026273,0.00013681653264436525,8.8,HIGH
CVE-2021-20202,0.001521683996956632,0.0,0.2589819376026273,0.00013681653264436525,7.3,HIGH
CVE-2021-20195,0.001521683996956632,0.0,0.2589819376026273,0.00013681653264436525,9.6,CRITICAL
CVE-2021-3513,0.001521683996956632,0.0,0.2589819376026273,0.00013681653264436525,7.5,HIGH
CVE-2021-4044,0.02916560994166878,7.835703025968835e-05,0.34621125647554657,0.00013551272368359795,7.5,HIGH
CVE-2021-1227,0.00126806999746386,0.0,0.24822159269751337,0.000135503158043406,8.1,HIGH
CVE-2021-33123,0.0038042099923915797,0.00017331628295869458,0.25587280986372485,0.0001352965414900165,7.8,HIGH
CVE-2021-38660,0.005579507988840984,4.5931251719206745e-09,0.17649955237242615,0.0001348436578550324,7.8,HIGH
CVE-2021-2397,0.005325893989348212,0.0001357434630778685,0.34758462623413255,0.00013364357286495355,9.8,CRITICAL
CVE-2021-2157,0.005325893989348212,0.0001357434630778685,0.34758462623413255,0.00013364357286495355,7.5,HIGH
CVE-2021-2075,0.005325893989348212,0.0001357434630778685,0.34758462623413255,0.00013364357286495355,9.8,CRITICAL
CVE-2021-2376,0.005325893989348212,0.0001357434630778685,0.34758462623413255,0.00013364357286495355,7.5,HIGH
CVE-2021-2382,0.005325893989348212,0.0001357434630778685,0.34758462623413255,0.00013364357286495355,9.8,CRITICAL
CVE-2021-2394,0.005325893989348212,0.0001357434630778685,0.34758462623413255,0.00013364357286495355,9.8,CRITICAL
CVE-2021-2378,0.005325893989348212,0.0001357434630778685,0.34758462623413255,0.00013364357286495355,7.5,HIGH
CVE-2021-35617,0.005325893989348212,0.0001357434630778685,0.34758462623413255,0.00013364357286495355,9.8,CRITICAL
CVE-2021-2136,0.005325893989348212,0.0001357434630778685,0.34758462623413255,0.00013364357286495355,9.8,CRITICAL
CVE-2021-2109,0.005325893989348212,0.0001357434630778685,0.34758462623413255,0.00013364357286495355,7.2,HIGH
CVE-2021-35620,0.005325893989348212,0.0001357434630778685,0.34758462623413255,0.00013364357286495352,7.5,HIGH
CVE-2021-24002,0.014455997971088003,4.54475192804371e-07,0.3480755649717514,0.0001328139974657569,8.8,HIGH
CVE-2021-29981,0.014455997971088003,4.54475192804371e-07,0.3480755649717514,0.0001328139974657569,8.8,HIGH
CVE-2021-29946,0.014455997971088003,4.54475192804371e-07,0.3480755649717514,0.0001328139974657569,8.8,HIGH
CVE-2021-29984,0.014455997971088003,4.54475192804371e-07,0.3480755649717514,0.0001328139974657569,8.8,HIGH
CVE-2021-29967,0.014455997971088003,4.54475192804371e-07,0.3480755649717514,0.0001328139974657569,8.8,HIGH
CVE-2021-23964,0.014455997971088003,4.54475192804371e-07,0.3480755649717514,0.0001328139974657569,8.8,HIGH
CVE-2021-29976,0.014455997971088003,4.54475192804371e-07,0.3480755649717514,0.0001328139974657569,8.8,HIGH
CVE-2021-23987,0.014455997971088003,4.54475192804371e-07,0.3480755649717514,0.0001328139974657569,8.8,HIGH
CVE-2021-23954,0.014455997971088003,4.54475192804371e-07,0.3480755649717514,0.0001328139974657569,8.8,HIGH
CVE-2021-29988,0.014455997971088003,4.54475192804371e-07,0.3480755649717514,0.0001328139974657569,8.8,HIGH
CVE-2021-29985,0.014455997971088003,4.54475192804371e-07,0.3480755649717514,0.0001328139974657569,8.8,HIGH
CVE-2021-38498,0.014455997971088003,4.54475192804371e-07,0.3480755649717514,0.0001328139974657569,7.5,HIGH
CVE-2021-23960,0.014455997971088003,4.54475192804371e-07,0.3480755649717514,0.0001328139974657569,8.8,HIGH
CVE-2021-38501,0.014455997971088003,4.54475192804371e-07,0.3480755649717514,0.0001328139974657569,8.8,HIGH
CVE-2021-29980,0.014455997971088003,4.54475192804371e-07,0.3480755649717514,0.0001328139974657569,8.8,HIGH
CVE-2021-29970,0.014455997971088003,4.54475192804371e-07,0.3480755649717514,0.0001328139974657569,8.8,HIGH
CVE-2021-38493,0.014455997971088003,4.54475192804371e-07,0.3480755649717514,0.0001328139974657569,8.8,HIGH
CVE-2021-23981,0.014455997971088003,4.54475192804371e-07,0.3480755649717514,0.0001328139974657569,8.1,HIGH
CVE-2021-29989,0.014455997971088003,4.54475192804371e-07,0.3480755649717514,0.0001328139974657569,8.8,HIGH
CVE-2021-23994,0.014455997971088003,4.54475192804371e-07,0.3480755649717514,0.0001328139974657569,8.8,HIGH
CVE-2021-4129,0.014455997971088003,4.54475192804371e-07,0.3480755649717514,0.0001328139974657569,9.8,CRITICAL
CVE-2021-23995,0.014455997971088003,4.54475192804371e-07,0.3480755649717514,0.0001328139974657569,8.8,HIGH
CVE-2021-23999,0.014455997971088003,4.54475192804371e-07,0.3480755649717514,0.0001328139974657569,8.8,HIGH
CVE-2021-29991,0.014455997971088003,4.54475192804371e-07,0.3480755649717514,0.0001328139974657569,8.1,HIGH
CVE-2021-4140,0.014455997971088003,4.54475192804371e-07,0.3480755649717514,0.0001328139974657569,10.0,CRITICAL
CVE-2021-22003,0.028404767943190464,0.00044340688249017195,0.36161041819515777,0.00013209825135829828,7.5,HIGH
CVE-2021-22002,0.028404767943190464,0.00044340688249017195,0.36161041819515777,0.00013209825135829825,9.8,CRITICAL
CVE-2021-41535,0.004311437991377124,0.0,0.2008148714031067,0.00013043365443815496,7.8,HIGH
CVE-2021-37202,0.004311437991377124,0.0,0.2008148714031067,0.00013043365443815496,7.8,HIGH
CVE-2021-27380,0.004311437991377124,0.0,0.2008148714031067,0.00013043365443815496,7.8,HIGH
CVE-2021-37203,0.004311437991377124,0.0,0.2008148714031067,0.00013043365443815496,7.1,HIGH
CVE-2021-41537,0.004311437991377124,0.0,0.2008148714031067,0.00013043365443815496,7.8,HIGH
CVE-2021-41536,0.004311437991377124,0.0,0.2008148714031067,0.00013043365443815496,7.8,HIGH
CVE-2021-41540,0.004311437991377124,0.0,0.2008148714031067,0.00013043365443815496,7.8,HIGH
CVE-2021-41539,0.004311437991377124,0.0,0.2008148714031067,0.00013043365443815496,7.8,HIGH
CVE-2021-27381,0.004311437991377124,0.0,0.2008148714031067,0.00013043365443815496,7.8,HIGH
CVE-2021-2047,0.004565051990869896,4.465216980953151e-05,0.30656196547970765,0.00013030561861504305,9.8,CRITICAL
CVE-2021-28613,0.04083185391833629,2.2665273528108567e-05,0.3342091879979658,0.0001291988640088537,7.4,HIGH
CVE-2021-43019,0.04083185391833629,2.2665273528108567e-05,0.3342091879979658,0.0001291988640088537,7.8,HIGH
CVE-2021-44719,0.04108546791782906,0.0028308236385829293,0.35541734270777,0.00012917194778540964,8.4,HIGH
CVE-2021-1272,0.00126806999746386,0.0,0.32697570279459326,0.00012899801588583997,8.8,HIGH
CVE-2021-1276,0.00126806999746386,0.0,0.32697570279459326,0.00012899801588583997,7.5,HIGH
CVE-2021-1248,0.00126806999746386,0.0,0.32697570279459326,0.00012899801588583997,8.8,HIGH
CVE-2021-1277,0.00126806999746386,0.0,0.32697570279459326,0.00012899801588583997,7.5,HIGH
CVE-2021-1247,0.00126806999746386,0.0,0.32697570279459326,0.00012899801588583997,8.8,HIGH
CVE-2021-20419,0.028404767943190464,8.438795774197877e-05,0.36071722623730673,0.0001282954986010231,7.5,HIGH
CVE-2021-20426,0.028404767943190464,8.438795774197877e-05,0.36071722623730673,0.0001282954986010231,9.8,CRITICAL
CVE-2021-20427,0.028404767943190464,8.438795774197877e-05,0.36071722623730673,0.0001282954986010231,7.5,HIGH
CVE-2021-20418,0.028404767943190464,8.438795774197877e-05,0.36071722623730673,0.0001282954986010231,9.8,CRITICAL
CVE-2021-20389,0.028404767943190464,8.438795774197877e-05,0.36071722623730673,0.0001282954986010231,7.8,HIGH
CVE-2021-20557,0.028404767943190464,8.438795774197877e-05,0.36071722623730673,0.0001282954986010231,7.2,HIGH
CVE-2021-20399,0.028404767943190464,6.325881643027753e-05,0.36071722623730673,0.0001269500475603991,9.1,CRITICAL
CVE-2021-29755,0.028404767943190464,6.325881643027753e-05,0.36071722623730673,0.0001269500475603991,7.5,HIGH
CVE-2021-38869,0.028404767943190464,6.325881643027753e-05,0.36071722623730673,0.0001269500475603991,9.8,CRITICAL
CVE-2021-38878,0.028404767943190464,6.325881643027753e-05,0.36071722623730673,0.0001269500475603991,7.5,HIGH
CVE-2021-20400,0.028404767943190464,6.325881643027753e-05,0.36071722623730673,0.0001269500475603991,7.5,HIGH
CVE-2021-39088,0.028404767943190464,6.325881643027753e-05,0.36071722623730673,0.0001269500475603991,7.8,HIGH
CVE-2021-20337,0.028404767943190464,6.325881643027753e-05,0.36071722623730673,0.0001269500475603991,7.5,HIGH
CVE-2021-38919,0.028404767943190464,6.325881643027753e-05,0.36071722623730673,0.0001269500475603991,7.5,HIGH
CVE-2021-23337,0.017245751965508496,0.00018825367586595843,0.35164541157584944,0.00012678545091892598,7.2,HIGH
CVE-2021-29489,0.02181080395637839,0.00012315880584744477,0.38026810685697754,0.0001256764087376054,7.6,HIGH
CVE-2021-33726,0.003550595992898808,0.0,0.32386036960985626,0.00012524579582874815,7.5,HIGH
CVE-2021-33733,0.003550595992898808,0.0,0.32386036960985626,0.00012524579582874815,7.2,HIGH
CVE-2021-33734,0.003550595992898808,0.0,0.32386036960985626,0.00012524579582874815,7.2,HIGH
CVE-2021-33732,0.003550595992898808,0.0,0.32386036960985626,0.00012524579582874815,7.2,HIGH
CVE-2021-33728,0.003550595992898808,0.0,0.32386036960985626,0.00012524579582874815,7.2,HIGH
CVE-2021-33735,0.003550595992898808,0.0,0.32386036960985626,0.00012524579582874815,7.2,HIGH
CVE-2021-33729,0.003550595992898808,0.0,0.32386036960985626,0.00012524579582874815,8.8,HIGH
CVE-2021-33736,0.003550595992898808,0.0,0.32386036960985626,0.00012524579582874815,7.2,HIGH
CVE-2021-33731,0.003550595992898808,0.0,0.32386036960985626,0.00012524579582874815,7.2,HIGH
CVE-2021-33724,0.003550595992898808,0.0,0.32386036960985626,0.00012524579582874815,9.1,CRITICAL
CVE-2021-33725,0.003550595992898808,0.0,0.32386036960985626,0.00012524579582874815,9.1,CRITICAL
CVE-2021-33730,0.003550595992898808,0.0,0.32386036960985626,0.00012524579582874815,7.2,HIGH
CVE-2021-41164,0.022064417955871163,5.645914666305318e-05,0.3387166051026544,0.00012515472812950842,8.2,HIGH
CVE-2021-26990,0.001014455997971088,0.0,0.2549628192693178,0.00012416763243531493,9.1,CRITICAL
CVE-2021-26991,0.001014455997971088,0.0,0.2549628192693178,0.00012416763243531493,7.5,HIGH
CVE-2021-26992,0.001014455997971088,0.0,0.2549628192693178,0.00012416763243531493,7.5,HIGH
CVE-2021-27002,0.001014455997971088,0.0,0.2549628192693178,0.00012416763243531493,7.5,HIGH
CVE-2021-1511,0.00126806999746386,0.0,0.2475825693833982,0.00012382170850477802,7.5,HIGH
CVE-2021-1510,0.00126806999746386,0.0,0.2475825693833982,0.00012382170850477802,7.5,HIGH
CVE-2021-1509,0.00126806999746386,0.0,0.2475825693833982,0.00012382170850477802,7.5,HIGH
CVE-2021-39758,0.006593963986812072,0.0,0.2526430447875953,0.0001234481340281578,7.8,HIGH
CVE-2021-39767,0.006593963986812072,0.0,0.2526430447875953,0.0001234481340281578,7.8,HIGH
CVE-2021-39790,0.006593963986812072,0.0,0.2526430447875953,0.0001234481340281578,7.8,HIGH
CVE-2021-39764,0.006593963986812072,0.0,0.2526430447875953,0.0001234481340281578,7.8,HIGH
CVE-2021-39771,0.006593963986812072,0.0,0.2526430447875953,0.0001234481340281578,7.8,HIGH
CVE-2021-39741,0.006593963986812072,0.0,0.2526430447875953,0.0001234481340281578,7.8,HIGH
CVE-2021-39749,0.006593963986812072,0.0,0.2526430447875953,0.0001234481340281578,7.8,HIGH
CVE-2021-39746,0.006593963986812072,0.0,0.2526430447875953,0.0001234481340281578,7.8,HIGH
CVE-2021-39752,0.006593963986812072,0.0,0.2526430447875953,0.0001234481340281578,7.8,HIGH
CVE-2021-39759,0.006593963986812072,0.0,0.2526430447875953,0.0001234481340281578,7.8,HIGH
CVE-2021-39743,0.006593963986812072,0.0,0.2526430447875953,0.0001234481340281578,7.8,HIGH
CVE-2021-39763,0.006593963986812072,0.0,0.2526430447875953,0.0001234481340281578,7.8,HIGH
CVE-2021-39768,0.006593963986812072,0.0,0.2526430447875953,0.0001234481340281578,7.8,HIGH
CVE-2021-1000,0.006593963986812072,0.0,0.2526430447875953,0.0001234481340281578,7.8,HIGH
CVE-2021-39806,0.006593963986812072,0.0,0.2526430447875953,0.0001234481340281578,7.8,HIGH
CVE-2021-39750,0.006593963986812072,0.0,0.2526430447875953,0.0001234481340281578,7.8,HIGH
CVE-2021-39762,0.006593963986812072,0.0,0.2526430447875953,0.0001234481340281578,7.5,HIGH
CVE-2021-39789,0.006593963986812072,0.0,0.2526430447875953,0.0001234481340281578,7.8,HIGH
CVE-2021-1033,0.006593963986812072,0.0,0.2526430447875953,0.0001234481340281578,7.8,HIGH
CVE-2021-34691,0.028658381942683234,5.572115284213919e-07,0.36075022872827084,0.00012308224281979812,7.5,HIGH
CVE-2021-39076,0.02815115394369769,0.0,0.36068422978412,0.00012211189040971465,7.5,HIGH
CVE-2021-39823,0.02815115394369769,0.0,0.36068422978412,0.00012211189040971465,7.8,HIGH
CVE-2021-22056,0.02815115394369769,0.0,0.36068422978412,0.00012211189040971465,7.5,HIGH
CVE-2021-39064,0.02815115394369769,0.0,0.36068422978412,0.00012211189040971465,7.5,HIGH
CVE-2021-38947,0.02815115394369769,0.0,0.36068422978412,0.00012211189040971465,7.5,HIGH
CVE-2021-39052,0.02815115394369769,0.0,0.36068422978412,0.00012211189040971465,9.8,CRITICAL
CVE-2021-36089,0.02815115394369769,0.0,0.36068422978412,0.00012211189040971465,7.8,HIGH
CVE-2021-21982,0.02815115394369769,0.0,0.36068422978412,0.00012211189040971465,9.1,CRITICAL
CVE-2021-36081,0.02815115394369769,0.0,0.36068422978412,0.00012211189040971465,7.8,HIGH
CVE-2021-29781,0.02815115394369769,0.0,0.36068422978412,0.00012211189040971465,9.8,CRITICAL
CVE-2021-39057,0.02815115394369769,0.0,0.36068422978412,0.00012211189040971465,8.1,HIGH
CVE-2021-29694,0.02815115394369769,0.0,0.36068422978412,0.00012211189040971465,7.5,HIGH
CVE-2021-26639,0.02815115394369769,0.0,0.36068422978412,0.00012211189040971465,8.1,HIGH
CVE-2021-33254,0.02815115394369769,0.0,0.36068422978412,0.00012211189040971465,7.5,HIGH
CVE-2021-39053,0.02815115394369769,0.0,0.36068422978412,0.00012211189040971465,7.5,HIGH
CVE-2021-39058,0.02815115394369769,0.0,0.36068422978412,0.00012211189040971465,7.5,HIGH
CVE-2021-29750,0.02815115394369769,0.0,0.36068422978412,0.00012211189040971465,7.5,HIGH
CVE-2021-39065,0.02815115394369769,0.0,0.36068422978412,0.00012211189040971465,9.8,CRITICAL
CVE-2021-22057,0.02815115394369769,0.0,0.36068422978412,0.00012211189040971465,8.8,HIGH
CVE-2021-44458,0.02815115394369769,0.0,0.36068422978412,0.00012211189040971465,8.3,HIGH
CVE-2021-33391,0.02815115394369769,0.0,0.36068422978412,0.00012211189040971465,9.8,CRITICAL
CVE-2021-26615,0.02815115394369769,0.0,0.36068422978412,0.00012211189040971465,7.8,HIGH
CVE-2021-38941,0.02815115394369769,0.0,0.36068422978412,0.00012211189040971465,8.1,HIGH
CVE-2021-39063,0.02815115394369769,0.0,0.36068422978412,0.00012211189040971465,9.1,CRITICAL
CVE-2021-38499,0.013187927973624143,0.0,0.3479219977058149,0.00012180218176768606,8.8,HIGH
CVE-2021-29947,0.013187927973624143,0.0,0.3479219977058149,0.00012180218176768606,8.8,HIGH
CVE-2021-23997,0.013187927973624143,0.0,0.3479219977058149,0.00012180218176768606,8.8,HIGH
CVE-2021-29966,0.013187927973624143,0.0,0.3479219977058149,0.00012180218176768606,8.8,HIGH
CVE-2021-23979,0.013187927973624143,0.0,0.3479219977058149,0.00012180218176768606,8.8,HIGH
CVE-2021-23965,0.013187927973624143,0.0,0.3479219977058149,0.00012180218176768606,8.8,HIGH
CVE-2021-29972,0.013187927973624143,0.0,0.3479219977058149,0.00012180218176768606,8.8,HIGH
CVE-2021-38494,0.013187927973624143,0.0,0.3479219977058149,0.00012180218176768606,8.8,HIGH
CVE-2021-23972,0.013187927973624143,0.0,0.3479219977058149,0.00012180218176768606,8.8,HIGH
CVE-2021-29977,0.013187927973624143,0.0,0.3479219977058149,0.00012180218176768606,8.8,HIGH
CVE-2021-29990,0.013187927973624143,0.0,0.3479219977058149,0.00012180218176768606,8.8,HIGH
CVE-2021-23988,0.013187927973624143,0.0,0.3479219977058149,0.00012180218176768606,8.8,HIGH
CVE-2021-23962,0.013187927973624143,0.0,0.3479219977058149,0.00012180218176768606,8.8,HIGH
CVE-2021-3747,0.04083185391833629,5.630867675467433e-08,0.3342091879979658,0.00012114145247430928,8.8,HIGH
CVE-2021-21100,0.04057823991884352,0.0,0.33418086278498177,0.00012065995932268418,7.8,HIGH
CVE-2021-32692,0.04057823991884352,0.0,0.33418086278498177,0.00012065995932268418,9.6,CRITICAL
CVE-2021-3162,0.04057823991884352,0.0,0.33418086278498177,0.00012065995932268418,7.8,HIGH
CVE-2021-39826,0.04057823991884352,0.0,0.33418086278498177,0.00012065995932268418,8.6,HIGH
CVE-2021-41995,0.04057823991884352,0.0,0.33418086278498177,0.00012065995932268418,7.7,HIGH
CVE-2021-40531,0.04057823991884352,0.0,0.33418086278498177,0.00012065995932268416,9.8,CRITICAL
CVE-2021-2064,0.003550595992898808,0.0,0.2581680089046029,0.00011993508233126704,9.8,CRITICAL
CVE-2021-1994,0.003550595992898808,0.0,0.2581680089046029,0.00011993508233126704,9.8,CRITICAL
CVE-2021-2108,0.003550595992898808,0.0,0.2581680089046029,0.00011993508233126704,9.8,CRITICAL
CVE-2021-22118,0.014709611970580776,0.00033342282173265804,0.3381646655231561,0.00011809628370857713,7.8,HIGH
CVE-2021-20214,0.004057823991884352,0.0,0.2780284868142716,0.00011734317078872361,7.5,HIGH
CVE-2021-44540,0.004057823991884352,0.0,0.2780284868142716,0.00011734317078872361,7.5,HIGH
CVE-2021-20215,0.004057823991884352,0.0,0.2780284868142716,0.00011734317078872361,7.5,HIGH
CVE-2021-20216,0.004057823991884352,0.0,0.2780284868142716,0.00011734317078872361,7.5,HIGH
CVE-2021-20209,0.004057823991884352,0.0,0.2780284868142716,0.00011734317078872361,7.5,HIGH
CVE-2021-20217,0.004057823991884352,0.0,0.2780284868142716,0.00011734317078872361,7.5,HIGH
CVE-2021-20212,0.004057823991884352,0.0,0.2780284868142716,0.00011734317078872361,7.5,HIGH
CVE-2021-20210,0.004057823991884352,0.0,0.2780284868142716,0.00011734317078872361,7.5,HIGH
CVE-2021-44541,0.004057823991884352,0.0,0.2780284868142716,0.00011734317078872361,7.5,HIGH
CVE-2021-20213,0.004057823991884352,0.0,0.2780284868142716,0.00011734317078872361,7.5,HIGH
CVE-2021-20211,0.004057823991884352,0.0,0.2780284868142716,0.00011734317078872361,7.5,HIGH
CVE-2021-20274,0.004057823991884352,0.0,0.2780284868142716,0.00011734317078872361,7.5,HIGH
CVE-2021-44542,0.004057823991884352,0.0,0.2780284868142716,0.00011734317078872361,7.5,HIGH
CVE-2021-20492,0.001775297996449404,0.0005069707839759172,0.2784801186524472,0.00011680623057513045,8.2,HIGH
CVE-2021-44044,0.0038042099923915797,0.0,0.24939911448450347,0.00011602053132820693,7.8,HIGH
CVE-2021-44859,0.0038042099923915797,0.0,0.24939911448450347,0.00011602053132820693,7.8,HIGH
CVE-2021-43582,0.0038042099923915797,0.0,0.24939911448450347,0.00011602053132820693,7.8,HIGH
CVE-2021-44045,0.0038042099923915797,0.0,0.24939911448450347,0.00011602053132820693,7.8,HIGH
CVE-2021-44422,0.0038042099923915797,0.0,0.24939911448450347,0.00011602053132820693,7.8,HIGH
CVE-2021-44047,0.0038042099923915797,0.0,0.24939911448450347,0.00011602053132820693,7.8,HIGH
CVE-2021-44860,0.0038042099923915797,0.0,0.24939911448450347,0.00011602053132820693,7.8,HIGH
CVE-2021-3589,0.000253613999492772,0.0,0.1871914166350171,0.00011507088005357794,8.0,HIGH
CVE-2021-25438,0.000507227998985544,0.0005069707839759168,0.24965176649360515,0.00011491405444361696,7.8,HIGH
CVE-2021-1503,0.000507227998985544,0.0005069707839759166,0.3269214824641406,0.00011465221587239144,7.8,HIGH
CVE-2021-37197,0.0048186659903626675,0.0,0.32965471114455314,0.00011362527029060729,8.8,HIGH
CVE-2021-37198,0.0048186659903626675,0.0,0.32965471114455314,0.00011362527029060729,8.8,HIGH
CVE-2021-37194,0.0048186659903626675,0.0,0.32965471114455314,0.00011362527029060729,7.5,HIGH
CVE-2021-46147,0.003043367993913264,0.0,0.3225357873210634,0.00011346194189402369,8.8,HIGH
CVE-2021-31555,0.003043367993913264,0.0,0.3225357873210634,0.00011346194189402369,7.5,HIGH
CVE-2021-42040,0.003043367993913264,0.0,0.3225357873210634,0.00011346194189402369,7.5,HIGH
CVE-2021-36128,0.003043367993913264,0.0,0.3225357873210634,0.00011346194189402369,9.8,CRITICAL
CVE-2021-46149,0.003043367993913264,0.0,0.3225357873210634,0.00011346194189402369,7.5,HIGH
CVE-2021-36132,0.003043367993913264,0.0,0.3225357873210634,0.00011346194189402369,8.8,HIGH
CVE-2021-36125,0.003043367993913264,0.0,0.3225357873210634,0.00011346194189402369,7.5,HIGH
CVE-2021-36126,0.003043367993913264,0.0,0.3225357873210634,0.00011346194189402369,9.8,CRITICAL
CVE-2021-41801,0.003043367993913264,0.0,0.3225357873210634,0.00011346194189402369,8.8,HIGH
CVE-2021-44858,0.003043367993913264,0.0,0.3225357873210634,0.00011346194189402369,7.5,HIGH
CVE-2021-3529,0.000507227998985544,0.0005069707839759161,0.31826620389054805,0.00011345492610660414,7.1,HIGH
CVE-2021-25667,0.000507227998985544,0.0005069707839759169,0.3222194982430334,0.00011342441063707341,8.8,HIGH
CVE-2021-0189,0.003043367993913264,0.00016752381514527297,0.2557566322890316,0.0001131337566580692,7.8,HIGH
CVE-2021-35234,0.002028911995942176,0.0,0.27423841980804003,0.00011227559657060504,8.0,HIGH
CVE-2021-25274,0.002028911995942176,0.0,0.27423841980804003,0.00011227559657060504,9.8,CRITICAL
CVE-2021-35220,0.002028911995942176,0.0,0.27423841980804003,0.00011227559657060504,8.1,HIGH
CVE-2021-35218,0.002028911995942176,0.0,0.27423841980804003,0.00011227559657060504,8.9,HIGH
CVE-2021-35215,0.002028911995942176,0.0,0.27423841980804003,0.00011227559657060504,8.9,HIGH
CVE-2021-25275,0.002028911995942176,0.0,0.27423841980804003,0.00011227559657060504,7.8,HIGH
CVE-2021-35239,0.002028911995942176,0.0,0.27423841980804003,0.00011227559657060504,7.5,HIGH
CVE-2021-20027,0.001014455997971088,0.0,0.3105702583490863,0.00011219793254108642,7.5,HIGH
CVE-2021-20048,0.001014455997971088,0.0,0.3105702583490863,0.00011219793254108642,8.8,HIGH
CVE-2021-20046,0.001014455997971088,0.0,0.3105702583490863,0.00011219793254108642,8.8,HIGH
CVE-2021-20019,0.001014455997971088,0.0,0.3105702583490863,0.00011219793254108642,7.5,HIGH
CVE-2021-2135,0.004565051990869896,1.9939640387344683e-06,0.34749272935577685,0.00011149775085682944,9.8,CRITICAL
CVE-2021-2428,0.001014455997971088,0.0,0.29610994292580356,0.00011116857542033381,8.1,HIGH
CVE-2021-2371,0.001014455997971088,0.0,0.29610994292580356,0.00011116857542033381,7.5,HIGH
CVE-2021-2344,0.001014455997971088,0.0,0.29610994292580356,0.00011116857542033381,7.5,HIGH
CVE-2021-2277,0.001014455997971088,0.0,0.29610994292580356,0.00011116857542033381,7.5,HIGH
CVE-2021-38385,0.001014455997971088,0.0,0.2917499075101739,0.00011087976275072717,7.5,HIGH
CVE-2021-34550,0.001014455997971088,0.0,0.2917499075101739,0.00011087976275072717,7.5,HIGH
CVE-2021-34548,0.001014455997971088,0.0,0.2917499075101739,0.00011087976275072717,7.5,HIGH
CVE-2021-34549,0.001014455997971088,0.0,0.2917499075101739,0.00011087976275072717,7.5,HIGH
CVE-2021-26259,0.001014455997971088,0.0,0.3078064012490242,0.00011074334736115084,7.8,HIGH
CVE-2021-34119,0.001014455997971088,0.0,0.3078064012490242,0.00011074334736115084,7.8,HIGH
CVE-2021-23158,0.001014455997971088,0.0,0.3078064012490242,0.00011074334736115084,9.8,CRITICAL
CVE-2021-34121,0.001014455997971088,0.0,0.3078064012490242,0.00011074334736115084,7.8,HIGH
CVE-2021-42081,0.001014455997971088,0.0,0.2783818130471618,0.00011073688499706281,9.1,CRITICAL
CVE-2021-4406,0.001014455997971088,0.0,0.2783818130471618,0.00011073688499706281,9.1,CRITICAL
CVE-2021-42080,0.001014455997971088,0.0,0.2783818130471618,0.00011073688499706281,7.4,HIGH
CVE-2021-42082,0.001014455997971088,0.0,0.2783818130471618,0.00011073688499706281,7.8,HIGH
CVE-2021-42074,0.001014455997971088,0.0,0.3097894406033941,0.0001106503242333847,7.5,HIGH
CVE-2021-42075,0.001014455997971088,0.0,0.3097894406033941,0.0001106503242333847,7.5,HIGH
CVE-2021-42076,0.001014455997971088,0.0,0.3097894406033941,0.0001106503242333847,7.5,HIGH
CVE-2021-42073,0.001014455997971088,0.0,0.3097894406033941,0.0001106503242333847,8.2,HIGH
CVE-2021-37415,0.000760841998478316,0.0,0.27425749460944565,0.00010646124604446082,9.8,CRITICAL
CVE-2021-0154,0.002789753994420492,0.00016742276639149069,0.2557400441042937,0.00010643547643375672,7.8,HIGH
CVE-2021-43529,0.010398173979203652,0.0,0.3244733377221857,0.0001047265117020302,9.8,CRITICAL
CVE-2021-38495,0.010398173979203652,0.0,0.3244733377221857,0.0001047265117020302,8.8,HIGH
CVE-2021-29949,0.010398173979203652,0.0,0.3244733377221857,0.0001047265117020302,7.8,HIGH
CVE-2021-29950,0.010398173979203652,0.0,0.3244733377221857,0.0001047265117020302,7.5,HIGH
CVE-2021-4127,0.010398173979203652,0.0,0.3244733377221857,0.0001047265117020302,9.8,CRITICAL
CVE-2021-43527,0.017245751965508496,5.58836962551088e-05,0.3444871570854447,0.00010461562982141151,9.8,CRITICAL
CVE-2021-1639,0.003550595992898808,0.0005069707839759167,0.33666325136612024,0.00010304898483813759,7.0,HIGH
CVE-2021-32802,0.001775297996449404,0.0,0.31013056473179174,0.00010260457102600362,9.3,CRITICAL
CVE-2021-32656,0.001775297996449404,0.0,0.31013056473179174,0.00010260457102600362,8.6,HIGH
CVE-2021-41177,0.001775297996449404,0.0,0.31013056473179174,0.00010260457102600362,8.1,HIGH
CVE-2021-32726,0.001775297996449404,0.0,0.31013056473179174,0.00010260457102600362,7.1,HIGH
CVE-2021-32654,0.001775297996449404,0.0,0.31013056473179174,0.00010260457102600362,8.1,HIGH
CVE-2021-32800,0.001775297996449404,0.0,0.31013056473179174,0.00010260457102600362,8.1,HIGH
CVE-2021-2144,0.014202383971595232,2.0771910963563828e-05,0.3772483735170302,0.00010229770174301358,7.2,HIGH
CVE-2021-33626,0.00126806999746386,0.0,0.20398344542162442,0.00010132059137246471,7.8,HIGH
CVE-2021-25684,0.000760841998478316,0.0,0.2491312314399444,0.0001003860292627301,8.8,HIGH
CVE-2021-25683,0.000760841998478316,0.0,0.2491312314399444,0.0001003860292627301,8.8,HIGH
CVE-2021-25682,0.000760841998478316,0.0,0.2491312314399444,0.0001003860292627301,8.8,HIGH
CVE-2021-20093,0.006593963986812072,0.0005103964100189234,0.35589854680025274,9.94728992432289e-05,9.1,CRITICAL
CVE-2021-43274,0.002789753994420492,0.0,0.24930450177035912,9.749760652482653e-05,7.8,HIGH
CVE-2021-43391,0.002789753994420492,0.0,0.24930450177035912,9.749760652482653e-05,7.8,HIGH
CVE-2021-43280,0.002789753994420492,0.0,0.24930450177035912,9.749760652482653e-05,7.8,HIGH
CVE-2021-43275,0.002789753994420492,0.0,0.24930450177035912,9.749760652482653e-05,7.8,HIGH
CVE-2021-43390,0.002789753994420492,0.0,0.24930450177035912,9.749760652482653e-05,7.8,HIGH
CVE-2021-21267,0.010651787978696424,2.481859477374553e-05,0.36665426817928215,9.683449733055165e-05,7.5,HIGH
CVE-2021-35560,0.010398173979203652,5.762345822356938e-05,0.37516650808753566,9.67396622256832e-05,7.5,HIGH
CVE-2021-41165,0.012680699974638599,1.6746007341868994e-05,0.337066165156437,9.650285477681112e-05,8.2,HIGH
CVE-2021-3412,0.000760841998478316,0.0005069707839759166,0.3175485221873238,9.483855019866433e-05,7.3,HIGH
CVE-2021-20267,0.000760841998478316,0.0005069707839759162,0.31906457355559154,9.472630654058819e-05,7.1,HIGH
CVE-2021-2177,0.001521683996956632,0.0,0.3249278945199835,9.374181442010953e-05,10.0,CRITICAL
CVE-2021-2248,0.001521683996956632,0.0,0.3249278945199835,9.374181442010953e-05,10.0,CRITICAL
CVE-2021-2221,0.001521683996956632,0.0,0.3249278945199835,9.374181442010953e-05,9.6,CRITICAL
CVE-2021-2446,0.001521683996956632,0.0,0.3249278945199835,9.374181442010953e-05,9.6,CRITICAL
CVE-2021-2447,0.001521683996956632,0.0,0.3249278945199835,9.374181442010953e-05,9.9,CRITICAL
CVE-2021-22696,0.004565051990869896,2.1684234042577254e-05,0.33324881676808654,9.334518572327069e-05,7.5,HIGH
CVE-2021-1082,0.003550595992898808,0.0,0.2786966355668646,9.162477565423555e-05,7.8,HIGH
CVE-2021-1065,0.003550595992898808,0.0,0.2786966355668646,9.162477565423555e-05,7.1,HIGH
CVE-2021-1062,0.003550595992898808,0.0,0.2786966355668646,9.162477565423555e-05,7.1,HIGH
CVE-2021-1063,0.003550595992898808,0.0,0.2786966355668646,9.162477565423555e-05,7.8,HIGH
CVE-2021-1057,0.003550595992898808,0.0,0.2786966355668646,9.162477565423555e-05,7.8,HIGH
CVE-2021-1080,0.003550595992898808,0.0,0.2786966355668646,9.162477565423553e-05,7.8,HIGH
CVE-2021-1064,0.003550595992898808,0.0,0.2786966355668646,9.162477565423553e-05,7.1,HIGH
CVE-2021-1059,0.003550595992898808,0.0,0.2786966355668646,9.162477565423553e-05,7.8,HIGH
CVE-2021-1085,0.003550595992898808,0.0,0.2786966355668646,9.162477565423553e-05,7.3,HIGH
CVE-2021-1086,0.003550595992898808,0.0,0.2786966355668646,9.162477565423553e-05,7.1,HIGH
CVE-2021-1303,0.000760841998478316,0.0,0.2791899738016002,9.115994145255806e-05,8.8,HIGH
CVE-2021-1264,0.000760841998478316,0.0,0.2791899738016002,9.115994145255806e-05,9.6,CRITICAL
CVE-2021-1134,0.000760841998478316,0.0,0.2791899738016002,9.115994145255806e-05,7.4,HIGH
CVE-2021-26473,0.000760841998478316,0.0,0.2740668659206228,9.092080888491782e-05,9.8,CRITICAL
CVE-2021-3422,0.000760841998478316,0.0,0.2740668659206228,9.092080888491782e-05,7.5,HIGH
CVE-2021-43856,0.000760841998478316,0.0,0.2740668659206228,9.092080888491782e-05,8.2,HIGH
CVE-2021-21383,0.000760841998478316,0.0,0.2740668659206228,9.092080888491782e-05,7.6,HIGH
CVE-2021-26253,0.000760841998478316,0.0,0.2740668659206228,9.092080888491782e-05,8.1,HIGH
CVE-2021-43855,0.000760841998478316,0.0,0.2740668659206228,9.092080888491782e-05,8.2,HIGH
CVE-2021-26474,0.000760841998478316,0.0,0.2740668659206228,9.092080888491782e-05,8.6,HIGH
CVE-2021-31559,0.000760841998478316,0.0,0.2740668659206228,9.092080888491782e-05,7.5,HIGH
CVE-2021-29262,0.000760841998478316,0.0,0.2740668659206228,9.092080888491779e-05,7.5,HIGH
CVE-2021-29943,0.000760841998478316,0.0,0.2740668659206228,9.092080888491779e-05,9.1,CRITICAL
CVE-2021-26471,0.000760841998478316,0.0,0.2740668659206228,9.092080888491779e-05,9.8,CRITICAL
CVE-2021-27905,0.000760841998478316,0.0,0.2740668659206228,9.092080888491778e-05,9.8,CRITICAL
CVE-2021-37173,0.000760841998478316,0.0,0.3157178316918889,9.084406649885742e-05,8.8,HIGH
CVE-2021-41546,0.000760841998478316,0.0,0.3157178316918889,9.084406649885742e-05,7.5,HIGH
CVE-2021-37174,0.000760841998478316,0.0,0.3157178316918889,9.084406649885742e-05,8.8,HIGH
CVE-2021-46174,0.000760841998478316,0.0,0.3212743420516581,9.07772111669094e-05,7.5,HIGH
CVE-2021-20294,0.000760841998478316,0.0,0.3212743420516581,9.07772111669094e-05,7.8,HIGH
CVE-2021-37322,0.000760841998478316,0.0,0.3212743420516581,9.07772111669094e-05,7.8,HIGH
CVE-2021-3690,0.018260207963479585,1.3585414585376803e-05,0.3491543433985655,9.042615111892922e-05,7.5,HIGH
CVE-2021-26628,0.001014455997971088,0.000506970783975917,0.26520043045466773,9.001550867694831e-05,8.1,HIGH
CVE-2021-29923,0.011666243976667512,2.06318515519888e-05,0.3557700983488225,8.964883017333658e-05,7.5,HIGH
CVE-2021-25441,0.000253613999492772,0.0,0.19978719092014594,8.874639641841516e-05,7.8,HIGH
CVE-2021-1526,0.000253613999492772,0.0,0.2463913016309442,8.855862181249573e-05,7.8,HIGH
CVE-2021-20188,0.018006593963986812,1.120523547789382e-05,0.34912342836904553,8.851327198340978e-05,7.0,HIGH
CVE-2021-27358,0.003550595992898808,7.548519416664415e-06,0.32551803847106414,8.842770654232771e-05,7.5,HIGH
CVE-2021-35583,0.009890945980218108,1.0855291787005443e-05,0.36819497618825286,8.808980713356378e-05,7.5,HIGH
CVE-2021-3528,0.000253613999492772,0.0,0.24144265507317372,8.808680601014347e-05,8.8,HIGH
CVE-2021-25676,0.000253613999492772,0.0,0.24371098337350888,8.807058886274597e-05,7.5,HIGH
CVE-2021-3859,0.009890945980218108,1.1270488569221366e-05,0.3680231472839276,8.778571024979656e-05,7.5,HIGH
CVE-2021-30468,0.003296981993406036,7.737745418036533e-06,0.3080950148460697,8.752457456052043e-05,7.5,HIGH
CVE-2021-33194,0.01141262997717474,1.6847278941352614e-05,0.35496939142960027,8.737577892450416e-05,7.5,HIGH
CVE-2021-32723,0.00126806999746386,0.0005069707839759163,0.31844613148118234,8.688918636209724e-05,7.4,HIGH
CVE-2021-29427,0.001521683996956632,0.00025342108823555107,0.29639930842667067,8.68789056193753e-05,8.0,HIGH
CVE-2021-29428,0.001521683996956632,0.00025342108823555107,0.29639930842667067,8.68789056193753e-05,8.8,HIGH
CVE-2021-3530,0.006086735987826528,0.0005069707839759172,0.32877511881931126,8.6760955554542e-05,7.5,HIGH
CVE-2021-28667,0.00126806999746386,0.0005069707839759162,0.3198150701597859,8.629000438570823e-05,7.5,HIGH
CVE-2021-0133,0.00253613999492772,5.278441408502898e-07,0.2557898151151476,8.59605094897881e-05,8.1,HIGH
CVE-2021-0159,0.00253613999492772,5.278441408502898e-07,0.2557898151151476,8.596050948978808e-05,7.8,HIGH
CVE-2021-0106,0.00253613999492772,5.278441408502898e-07,0.2557898151151476,8.596050948978808e-05,7.8,HIGH
CVE-2021-32576,0.002028911995942176,0.0,0.27423841980804003,8.593116696607172e-05,7.8,HIGH
CVE-2021-32580,0.002028911995942176,0.0,0.27423841980804003,8.593116696607172e-05,7.8,HIGH
CVE-2021-32579,0.002028911995942176,0.0,0.27423841980804003,8.593116696607172e-05,7.8,HIGH
CVE-2021-32581,0.002028911995942176,0.0,0.27423841980804003,8.593116696607172e-05,8.1,HIGH
CVE-2021-32577,0.002028911995942176,0.0,0.27423841980804003,8.593116696607172e-05,7.8,HIGH
CVE-2021-32578,0.002028911995942176,0.0,0.27423841980804003,8.593116696607172e-05,7.8,HIGH
CVE-2021-44531,0.010905401978189195,2.6224198625307592e-06,0.3370373536199675,8.358454294402239e-05,7.4,HIGH
CVE-2021-22112,0.008622875982754248,0.00019213451618495527,0.3350611828687967,8.357192681247391e-05,8.8,HIGH
CVE-2021-21975,0.001775297996449404,0.00039091615252561784,0.2666531412727396,8.272845906114867e-05,7.5,HIGH
CVE-2021-46143,0.012173471975653057,9.43309953231211e-06,0.34884543926391226,8.201076747283665e-05,8.1,HIGH
CVE-2021-3717,0.018006593963986812,2.776851849559161e-06,0.34912342836904553,8.165195064351778e-05,7.8,HIGH
CVE-2021-38672,0.01673852396652295,6.380160029566081e-07,0.21308906182447038,8.136498696501905e-05,8.0,HIGH
CVE-2021-23206,0.00126806999746386,0.0,0.2776369525418955,8.131327031727991e-05,7.8,HIGH
CVE-2021-23180,0.00126806999746386,0.0,0.2776369525418955,8.131327031727991e-05,7.8,HIGH
CVE-2021-23165,0.00126806999746386,0.0,0.2776369525418955,8.131327031727991e-05,9.8,CRITICAL
CVE-2021-23191,0.00126806999746386,0.0,0.2776369525418955,8.131327031727991e-05,7.8,HIGH
CVE-2021-3998,0.018006593963986812,6.112800685509307e-06,0.34313810808458794,8.083924699355624e-05,7.5,HIGH
CVE-2021-22043,0.00126806999746386,0.0,0.24596095065809992,8.07345696306537e-05,7.5,HIGH
CVE-2021-32027,0.01775297996449404,5.992346888634573e-07,0.34909251881363434,7.974045620793247e-05,8.8,HIGH
CVE-2021-26423,0.003550595992898808,2.160606080871455e-05,0.33666325136612024,7.926106341095578e-05,7.5,HIGH
CVE-2021-29756,0.008115647983768704,0.0,0.36624558796210294,7.883946526001761e-05,8.8,HIGH
CVE-2021-29679,0.008115647983768704,0.0,0.36624558796210294,7.883946526001761e-05,8.8,HIGH
CVE-2021-26296,0.008115647983768704,0.0,0.36624558796210294,7.88394652600176e-05,7.5,HIGH
CVE-2021-29745,0.008115647983768704,0.0,0.36624558796210294,7.88394652600176e-05,8.8,HIGH
CVE-2021-20470,0.008115647983768704,0.0,0.36624558796210294,7.88394652600176e-05,7.5,HIGH
CVE-2021-38886,0.008115647983768704,0.0,0.36624558796210294,7.88394652600176e-05,8.8,HIGH
CVE-2021-38945,0.008115647983768704,0.0,0.36624558796210294,7.88394652600176e-05,9.8,CRITICAL
CVE-2021-28640,0.018513821962972354,0.0,0.2769933263083948,7.79064829985456e-05,7.3,HIGH
CVE-2021-35981,0.018513821962972354,0.0,0.2769933263083948,7.79064829985456e-05,7.8,HIGH
CVE-2021-28636,0.018513821962972354,0.0,0.2769933263083948,7.79064829985456e-05,7.3,HIGH
CVE-2021-28641,0.018513821962972354,0.0,0.2769933263083948,7.79064829985456e-05,7.8,HIGH
CVE-2021-28638,0.018513821962972354,0.0,0.2769933263083948,7.79064829985456e-05,7.8,HIGH
CVE-2021-35983,0.018513821962972354,0.0,0.2769933263083948,7.79064829985456e-05,7.8,HIGH
CVE-2021-28634,0.018513821962972354,0.0,0.2769933263083948,7.79064829985456e-05,8.2,HIGH
CVE-2021-28642,0.018513821962972354,0.0,0.2769933263083948,7.79064829985456e-05,8.8,HIGH
CVE-2021-28639,0.018513821962972354,0.0,0.2769933263083948,7.79064829985456e-05,7.8,HIGH
CVE-2021-28637,0.018513821962972354,0.0,0.2769933263083948,7.79064829985456e-05,7.8,HIGH
CVE-2021-28635,0.018513821962972354,0.0,0.2769933263083948,7.79064829985456e-05,7.8,HIGH
CVE-2021-29921,0.009637331980725335,1.5674332986209254e-05,0.33611797800699,7.763683065238909e-05,9.8,CRITICAL
CVE-2021-20353,0.001521683996956632,0.0,0.2784604519774011,7.56943936990057e-05,8.2,HIGH
CVE-2021-20453,0.001521683996956632,0.0,0.2784604519774011,7.56943936990057e-05,8.2,HIGH
CVE-2021-20454,0.001521683996956632,0.0,0.2784604519774011,7.56943936990057e-05,8.2,HIGH
CVE-2021-3697,0.015470453969059092,6.235110584326412e-07,0.3486603590061013,7.532942184515787e-05,7.0,HIGH
CVE-2021-36412,0.009890945980218108,0.0,0.29517891899985027,7.52031810424163e-05,7.8,HIGH
CVE-2021-36417,0.009890945980218108,0.0,0.29517891899985027,7.52031810424163e-05,7.8,HIGH
CVE-2021-40571,0.009890945980218108,0.0,0.29517891899985027,7.52031810424163e-05,7.8,HIGH
CVE-2021-40570,0.009890945980218108,0.0,0.29517891899985027,7.52031810424163e-05,7.8,HIGH
CVE-2021-21856,0.009890945980218108,0.0,0.29517891899985027,7.52031810424163e-05,8.8,HIGH
CVE-2021-32136,0.009890945980218108,0.0,0.29517891899985027,7.52031810424163e-05,7.8,HIGH
CVE-2021-21852,0.009890945980218108,0.0,0.29517891899985027,7.52031810424163e-05,8.8,HIGH
CVE-2021-33362,0.009890945980218108,0.0,0.29517891899985027,7.52031810424163e-05,7.8,HIGH
CVE-2021-32439,0.009890945980218108,0.0,0.29517891899985027,7.52031810424163e-05,7.8,HIGH
CVE-2021-21835,0.009890945980218108,0.0,0.29517891899985027,7.52031810424163e-05,8.8,HIGH
CVE-2021-29279,0.009890945980218108,0.0,0.29517891899985027,7.52031810424163e-05,7.8,HIGH
CVE-2021-21862,0.009890945980218108,0.0,0.29517891899985027,7.52031810424163e-05,8.8,HIGH
CVE-2021-21851,0.009890945980218108,0.0,0.29517891899985027,7.52031810424163e-05,8.8,HIGH
CVE-2021-31254,0.009890945980218108,0.0,0.29517891899985027,7.52031810424163e-05,7.8,HIGH
CVE-2021-36414,0.009890945980218108,0.0,0.29517891899985027,7.52031810424163e-05,7.8,HIGH
CVE-2021-31255,0.009890945980218108,0.0,0.29517891899985027,7.52031810424163e-05,7.8,HIGH
CVE-2021-43296,0.000253613999492772,0.0,0.2152997706672491,7.435207885641322e-05,7.5,HIGH
CVE-2021-4112,0.014963225970073548,1.9471267266188534e-07,0.34248241118735345,7.411275111338689e-05,8.8,HIGH
CVE-2021-3698,0.014709611970580776,0.0,0.3424229266174555,7.35539401935784e-05,7.5,HIGH
CVE-2021-33122,0.002028911995942176,0.0,0.255690292458336,7.338093211851712e-05,7.8,HIGH
CVE-2021-32548,0.007101191985797616,1.6970172013223522e-08,0.331623212783852,7.319696691694935e-05,7.3,HIGH
CVE-2021-32551,0.007101191985797616,1.6970172013223522e-08,0.331623212783852,7.319696691694935e-05,7.3,HIGH
CVE-2021-32555,0.007101191985797616,1.6970172013223522e-08,0.331623212783852,7.319696691694935e-05,7.3,HIGH
CVE-2021-32554,0.007101191985797616,1.6970172013223522e-08,0.331623212783852,7.319696691694935e-05,7.3,HIGH
CVE-2021-32552,0.007101191985797616,1.6970172013223522e-08,0.331623212783852,7.319696691694935e-05,7.3,HIGH
CVE-2021-32553,0.007101191985797616,1.6970172013223522e-08,0.331623212783852,7.319696691694935e-05,7.3,HIGH
CVE-2021-32550,0.007101191985797616,1.6970172013223522e-08,0.331623212783852,7.319696691694935e-05,7.3,HIGH
CVE-2021-32549,0.007101191985797616,1.6970172013223522e-08,0.331623212783852,7.319696691694935e-05,7.3,HIGH
CVE-2021-32547,0.007101191985797616,1.6970172013223522e-08,0.331623212783852,7.319696691694935e-05,7.3,HIGH
CVE-2021-3939,0.007101191985797616,1.6970172013223522e-08,0.331623212783852,7.319696691694935e-05,7.8,HIGH
CVE-2021-0190,0.002028911995942176,0.0,0.255690292458336,7.310400927242422e-05,7.8,HIGH
CVE-2021-0153,0.002028911995942176,0.0,0.255690292458336,7.310400927242422e-05,7.8,HIGH
CVE-2021-26291,0.00253613999492772,3.5435791246553087e-06,0.3251690582220023,7.2714179257276e-05,9.1,CRITICAL
CVE-2021-40450,0.008369261983261475,6.880517939371887e-06,0.21241178688789528,7.17567836671517e-05,7.8,HIGH
CVE-2021-41357,0.008369261983261475,6.880517939371887e-06,0.21241178688789528,7.17567836671517e-05,7.8,HIGH
CVE-2021-20017,0.000760841998478316,0.0,0.31081507173261863,7.168615940901006e-05,8.8,HIGH
CVE-2021-33060,0.00253613999492772,5.074720142141796e-05,0.3314838167297184,7.131359832565339e-05,7.8,HIGH
CVE-2021-38567,0.014709611970580776,4.997246587650384e-07,0.27658529741863075,7.066664433458153e-05,7.5,HIGH
CVE-2021-38563,0.014709611970580776,4.997246587650384e-07,0.27658529741863075,7.066664433458153e-05,9.8,CRITICAL
CVE-2021-42641,0.001521683996956632,0.0,0.2688531296877131,7.035838976636723e-05,7.5,HIGH
CVE-2021-42642,0.001521683996956632,0.0,0.2688531296877131,7.035838976636723e-05,7.5,HIGH
CVE-2021-42640,0.001521683996956632,0.0,0.2688531296877131,7.035838976636723e-05,9.1,CRITICAL
CVE-2021-42637,0.001521683996956632,0.0,0.2688531296877131,7.035838976636723e-05,9.8,CRITICAL
CVE-2021-32486,0.002282525995434948,0.0,0.25249743852459017,7.033636009909326e-05,7.5,HIGH
CVE-2021-32484,0.002282525995434948,0.0,0.25249743852459017,7.033636009909326e-05,7.5,HIGH
CVE-2021-32487,0.002282525995434948,0.0,0.25249743852459017,7.033636009909326e-05,7.5,HIGH
CVE-2021-32485,0.002282525995434948,0.0,0.25249743852459017,7.033636009909326e-05,7.5,HIGH
CVE-2021-40148,0.002282525995434948,0.0,0.25249743852459017,7.033636009909326e-05,7.5,HIGH
CVE-2021-2063,0.0076084199847831595,0.0,0.33543173117822206,7.003034255588622e-05,8.4,HIGH
CVE-2021-2071,0.0076084199847831595,0.0,0.33543173117822206,7.003034255588622e-05,8.1,HIGH
CVE-2021-2219,0.0076084199847831595,0.0,0.33543173117822206,7.003034255588622e-05,7.4,HIGH
CVE-2021-27058,0.001014455997971088,0.0,0.17624709458251386,6.970916134979593e-05,7.8,HIGH
CVE-2021-42296,0.001014455997971088,0.0,0.17624709458251386,6.970916134979593e-05,7.8,HIGH
CVE-2021-2041,0.001521683996956632,0.0,0.30129135783602046,6.969195151995688e-05,8.1,HIGH
CVE-2021-2025,0.001521683996956632,0.0,0.30129135783602046,6.969195151995688e-05,8.2,HIGH
CVE-2021-2456,0.001521683996956632,0.0,0.30129135783602046,6.969195151995688e-05,9.8,CRITICAL
CVE-2021-44523,0.001014455997971088,0.0,0.3269485903814262,6.962668954099215e-05,9.1,CRITICAL
CVE-2021-44522,0.001014455997971088,0.0,0.3269485903814262,6.962668954099215e-05,7.5,HIGH
CVE-2021-44524,0.001014455997971088,0.0,0.3269485903814262,6.962668954099215e-05,9.8,CRITICAL
CVE-2021-21916,0.001521683996956632,0.0,0.2741430855871515,6.91454729502963e-05,8.8,HIGH
CVE-2021-21936,0.001521683996956632,0.0,0.2741430855871515,6.91454729502963e-05,8.8,HIGH
CVE-2021-21915,0.001521683996956632,0.0,0.2741430855871515,6.91454729502963e-05,8.8,HIGH
CVE-2021-21917,0.001521683996956632,0.0,0.2741430855871515,6.91454729502963e-05,8.8,HIGH
CVE-2021-1576,0.000507227998985544,0.0,0.32689437904161833,6.857259341631542e-05,8.8,HIGH
CVE-2021-1365,0.000507227998985544,0.0,0.32689437904161833,6.857259341631542e-05,7.1,HIGH
CVE-2021-1363,0.000507227998985544,0.0,0.32689437904161833,6.857259341631542e-05,7.1,HIGH
CVE-2021-1574,0.000507227998985544,0.0,0.32689437904161833,6.857259341631542e-05,8.8,HIGH
CVE-2021-1615,0.000507227998985544,7.074978858661016e-06,0.2120804647160069,6.853915518699535e-05,8.6,HIGH
CVE-2021-38925,0.001014455997971088,0.0,0.27836216025414756,6.83313745542129e-05,7.5,HIGH
CVE-2021-29903,0.001014455997971088,0.0,0.27836216025414756,6.83313745542129e-05,9.8,CRITICAL
CVE-2021-29837,0.001014455997971088,0.0,0.27836216025414756,6.83313745542129e-05,8.8,HIGH
CVE-2021-40323,0.001014455997971088,0.0,0.31013056473179174,6.825042356493639e-05,9.8,CRITICAL
CVE-2021-40324,0.001014455997971088,0.0,0.31013056473179174,6.825042356493639e-05,7.5,HIGH
CVE-2021-40325,0.001014455997971088,0.0,0.31013056473179174,6.825042356493639e-05,7.5,HIGH
CVE-2021-41829,0.001014455997971088,0.0,0.2740859168636174,6.823952456161494e-05,7.5,HIGH
CVE-2021-41828,0.001014455997971088,0.0,0.2740859168636174,6.823952456161494e-05,7.5,HIGH
CVE-2021-41827,0.001014455997971088,0.0,0.2740859168636174,6.823952456161494e-05,7.5,HIGH
CVE-2021-27020,0.000507227998985544,0.0,0.28078046001566614,6.758669340085063e-05,8.8,HIGH
CVE-2021-27021,0.000507227998985544,0.0,0.28078046001566614,6.758669340085063e-05,8.8,HIGH
CVE-2021-31854,0.000507227998985544,0.0,0.2791702067403002,6.756675743264102e-05,7.7,HIGH
CVE-2021-31847,0.000507227998985544,0.0,0.2791702067403002,6.756675743264102e-05,8.2,HIGH
CVE-2021-26717,0.000507227998985544,0.0,0.2963324815872539,6.738743564854545e-05,7.5,HIGH
CVE-2021-26712,0.000507227998985544,0.0,0.2963324815872539,6.738743564854545e-05,7.5,HIGH
CVE-2021-41638,0.000507227998985544,0.0,0.27402877197859477,6.733228441738683e-05,7.5,HIGH
CVE-2021-31848,0.000507227998985544,0.0,0.27402877197859477,6.733228441738683e-05,8.4,HIGH
CVE-2021-31849,0.000507227998985544,0.0,0.27402877197859477,6.733228441738683e-05,8.4,HIGH
CVE-2021-41637,0.000507227998985544,0.0,0.27402877197859477,6.733228441738683e-05,7.1,HIGH
CVE-2021-26084,0.000507227998985544,0.0,0.27402877197859477,6.733228441738683e-05,9.8,CRITICAL
CVE-2021-39114,0.000507227998985544,0.0,0.27402877197859477,6.733228441738683e-05,8.8,HIGH
CVE-2021-30123,0.000507227998985544,0.0,0.3000532683966213,6.731296333466042e-05,8.8,HIGH
CVE-2021-33815,0.000507227998985544,0.0,0.3000532683966213,6.731296333466042e-05,8.8,HIGH
CVE-2021-3828,0.000507227998985544,0.0,0.3036814540973506,6.727391301819836e-05,7.5,HIGH
CVE-2021-43854,0.000507227998985544,0.0,0.3036814540973506,6.727391301819836e-05,7.5,HIGH
CVE-2021-26434,0.003296981993406036,0.0,0.33663450866558525,6.723563984717309e-05,7.8,HIGH
CVE-2021-36952,0.003296981993406036,0.0,0.33663450866558525,6.723563984717309e-05,7.8,HIGH
CVE-2021-27064,0.003296981993406036,0.0,0.33663450866558525,6.723563984717309e-05,7.8,HIGH
CVE-2021-27068,0.003296981993406036,0.0,0.33663450866558525,6.723563984717309e-05,8.8,HIGH
CVE-2021-42012,0.006847577986304844,3.103955119337606e-07,0.2746395486522254,6.62237730445117e-05,7.8,HIGH
CVE-2021-45451,0.009383717981232564,7.473368969668455e-07,0.33095517878126574,6.589844487598476e-05,7.5,HIGH
CVE-2021-3814,0.000253613999492772,0.0,0.24102940277523077,6.539145647683367e-05,7.5,HIGH
CVE-2021-38598,0.000253613999492772,0.0,0.24190184049079755,6.535662187926071e-05,9.1,CRITICAL
CVE-2021-43612,0.00887648998224702,5.147033607775816e-07,0.33089963074857337,6.486190411109701e-05,7.5,HIGH
CVE-2021-45450,0.00887648998224702,5.147033607775816e-07,0.33089963074857337,6.486190411109701e-05,7.5,HIGH
CVE-2021-43138,0.00887648998224702,5.147033607775816e-07,0.33089963074857337,6.486190411109701e-05,7.8,HIGH
CVE-2021-38569,0.008115647983768704,0.0,0.2747352285395764,6.336875460367536e-05,7.5,HIGH
CVE-2021-38574,0.008115647983768704,0.0,0.2747352285395764,6.336875460367536e-05,9.8,CRITICAL
CVE-2021-33794,0.008115647983768704,0.0,0.2747352285395764,6.336875460367536e-05,9.1,CRITICAL
CVE-2021-33793,0.008115647983768704,0.0,0.2747352285395764,6.336875460367536e-05,9.8,CRITICAL
CVE-2021-38572,0.008115647983768704,0.0,0.2747352285395764,6.336875460367536e-05,9.8,CRITICAL
CVE-2021-38570,0.008115647983768704,0.0,0.2747352285395764,6.336875460367536e-05,9.1,CRITICAL
CVE-2021-33792,0.008115647983768704,0.0,0.2747352285395764,6.336875460367536e-05,7.8,HIGH
CVE-2021-38568,0.008115647983768704,0.0,0.2747352285395764,6.336875460367536e-05,9.8,CRITICAL
CVE-2021-38573,0.008115647983768704,0.0,0.2747352285395764,6.336875460367536e-05,9.8,CRITICAL
CVE-2021-32751,0.000507227998985544,0.0,0.22865924379494318,6.284553695293588e-05,7.5,HIGH
CVE-2021-36948,0.00507227998985544,5.065810931222077e-07,0.21214892930162488,6.250715499624741e-05,7.8,HIGH
CVE-2021-34486,0.00507227998985544,5.065810931222077e-07,0.21214892930162488,6.250715499624741e-05,7.8,HIGH
CVE-2021-0188,0.000760841998478316,0.0,0.20377260981912146,6.226874911171879e-05,7.8,HIGH
CVE-2021-27918,0.003043367993913264,0.0,0.3383097383097383,6.212243631277e-05,7.5,HIGH
CVE-2021-23772,0.003043367993913264,0.0,0.3383097383097383,6.212243631277e-05,7.5,HIGH
CVE-2021-33195,0.003043367993913264,0.0,0.3383097383097383,6.212243631277e-05,7.3,HIGH
CVE-2021-39293,0.003043367993913264,0.0,0.3383097383097383,6.212243631277e-05,7.5,HIGH
CVE-2021-33198,0.003043367993913264,0.0,0.3383097383097383,6.212243631277e-05,7.5,HIGH
CVE-2021-32292,0.007101191985797616,0.0,0.33956252152945227,6.205789258573576e-05,9.8,CRITICAL
CVE-2021-39134,0.005325893989348212,2.763632485472512e-07,0.35461822106304525,6.198152966888398e-05,8.2,HIGH
CVE-2021-39135,0.005325893989348212,2.763632485472512e-07,0.35461822106304525,6.198152966888398e-05,8.2,HIGH
CVE-2021-31166,0.0048186659903626675,1.5130294683973988e-08,0.1781422246317882,6.177360505416494e-05,9.8,CRITICAL
CVE-2021-33739,0.0048186659903626675,1.5130294683973988e-08,0.1781422246317882,6.177360505416494e-05,8.4,HIGH
CVE-2021-43798,0.000760841998478316,0.0,0.30988682804149636,6.137683751741033e-05,7.5,HIGH
CVE-2021-41244,0.000760841998478316,0.0,0.30988682804149636,6.137683751741033e-05,9.1,CRITICAL
CVE-2021-32804,0.00507227998985544,0.0,0.3545863309352518,6.133453241206892e-05,8.2,HIGH
CVE-2021-27290,0.00507227998985544,0.0,0.3545863309352518,6.133453241206892e-05,7.5,HIGH
CVE-2021-32803,0.00507227998985544,0.0,0.3545863309352518,6.133453241206892e-05,8.2,HIGH
CVE-2021-36934,0.004311437991377124,0.0,0.17812612938200217,6.016166850015189e-05,7.8,HIGH
CVE-2021-28875,0.00126806999746386,0.0,0.31008178672538533,5.9959300394286065e-05,7.5,HIGH
CVE-2021-29922,0.00126806999746386,0.0,0.31008178672538533,5.9959300394286065e-05,9.1,CRITICAL
CVE-2021-28877,0.00126806999746386,0.0,0.31008178672538533,5.9959300394286065e-05,7.5,HIGH
CVE-2021-22569,0.00253613999492772,2.619856211159174e-06,0.3330799121473222,5.9226100431559436e-05,7.5,HIGH
CVE-2021-36049,0.007862033984275933,0.0,0.27608178126312843,5.881818562802172e-05,7.8,HIGH
CVE-2021-42722,0.007862033984275933,0.0,0.27608178126312843,5.881818562802172e-05,7.8,HIGH
CVE-2021-42719,0.007862033984275933,0.0,0.27608178126312843,5.881818562802172e-05,7.8,HIGH
CVE-2021-42720,0.007862033984275933,0.0,0.27608178126312843,5.881818562802172e-05,7.8,HIGH
CVE-2021-42533,0.007862033984275933,0.0,0.27608178126312843,5.881818562802172e-05,7.8,HIGH
CVE-2021-42725,0.007862033984275933,0.0,0.27608178126312843,5.881818562802172e-05,7.8,HIGH
CVE-2021-25253,0.006086735987826528,7.144861378543272e-08,0.27458217270194984,5.877977236414909e-05,7.8,HIGH
CVE-2021-28645,0.006086735987826528,7.144861378543272e-08,0.27458217270194984,5.8779772364149086e-05,7.8,HIGH
CVE-2021-25250,0.006086735987826528,7.144861378543272e-08,0.27458217270194984,5.8779772364149086e-05,7.8,HIGH
CVE-2021-3461,0.000760841998478316,0.0,0.28446721015799725,5.8479388017836754e-05,7.1,HIGH
CVE-2021-22119,0.00507227998985544,1.1273750683414392e-07,0.3257600793126239,5.8014648811319494e-05,7.5,HIGH
CVE-2021-42267,0.00507227998985544,0.0,0.2744483886684764,5.775591562228836e-05,7.8,HIGH
CVE-2021-42270,0.00507227998985544,0.0,0.2744483886684764,5.775591562228836e-05,7.8,HIGH
CVE-2021-42266,0.00507227998985544,0.0,0.2744483886684764,5.775591562228836e-05,7.8,HIGH
CVE-2021-42271,0.00507227998985544,0.0,0.2744483886684764,5.775591562228836e-05,7.8,HIGH
CVE-2021-42269,0.00507227998985544,0.0,0.2744483886684764,5.775591562228836e-05,7.8,HIGH
CVE-2021-21073,0.00507227998985544,0.0,0.2744483886684764,5.775591562228836e-05,7.1,HIGH
CVE-2021-3100,0.000253613999492772,0.0,0.20962254120148857,5.7356547033854275e-05,8.8,HIGH
CVE-2021-20403,0.000760841998478316,0.0,0.2651647612642905,5.633067482494326e-05,8.8,HIGH
CVE-2021-20405,0.000760841998478316,0.0,0.2651647612642905,5.633067482494326e-05,7.5,HIGH
CVE-2021-23440,0.0048186659903626675,0.0,0.32573316811235026,5.588733551254861e-05,7.3,HIGH
CVE-2021-32465,0.0048186659903626675,0.0,0.2744865993734772,5.5871806397361e-05,8.8,HIGH
CVE-2021-32464,0.0048186659903626675,0.0,0.2744865993734772,5.5871806397361e-05,7.8,HIGH
CVE-2021-33741,0.007101191985797616,0.0,0.3175485221873238,5.549830608225647e-05,8.2,HIGH
CVE-2021-31982,0.007101191985797616,0.0,0.3175485221873238,5.549830608225647e-05,8.8,HIGH
CVE-2021-31937,0.007101191985797616,0.0,0.3175485221873238,5.549830608225647e-05,8.2,HIGH
CVE-2021-40400,0.000760841998478316,0.0,0.2970021090689967,5.482678789281729e-05,7.5,HIGH
CVE-2021-40402,0.000760841998478316,0.0,0.2970021090689967,5.482678789281729e-05,7.5,HIGH
CVE-2021-43172,0.000760841998478316,0.0,0.28289568087243505,5.4796143580799914e-05,7.5,HIGH
CVE-2021-41531,0.000760841998478316,0.0,0.28289568087243505,5.479614358079991e-05,7.5,HIGH
CVE-2021-26995,0.002789753994420492,0.0,0.3316511060644293,5.474960544241853e-05,8.8,HIGH
CVE-2021-26996,0.002789753994420492,0.0,0.3316511060644293,5.474960544241853e-05,7.5,HIGH
CVE-2021-38566,0.006847577986304844,0.0,0.2746204206714027,5.47376083579599e-05,7.5,HIGH
CVE-2021-38564,0.006847577986304844,0.0,0.2746204206714027,5.47376083579599e-05,9.1,CRITICAL
CVE-2021-38565,0.006847577986304844,0.0,0.2746204206714027,5.47376083579599e-05,7.5,HIGH
CVE-2021-22904,0.000760841998478316,0.0,0.3142583884593927,5.459625216376111e-05,7.5,HIGH
CVE-2021-22902,0.000760841998478316,0.0,0.3142583884593927,5.459625216376111e-05,7.5,HIGH
CVE-2021-43053,0.000760841998478316,0.0,0.2740478176257993,5.454286326403436e-05,8.5,HIGH
CVE-2021-43052,0.000760841998478316,0.0,0.2740478176257993,5.454286326403436e-05,9.3,CRITICAL
CVE-2021-23192,0.000760841998478316,0.0,0.3230113869091505,5.4482262659204565e-05,7.5,HIGH
CVE-2021-3738,0.000760841998478316,0.0,0.3230113869091505,5.4482262659204565e-05,8.8,HIGH
CVE-2021-26707,0.002789753994420492,0.0,0.32404667981591057,5.422533159016524e-05,9.8,CRITICAL
CVE-2021-33587,0.002789753994420492,0.0,0.32404667981591057,5.422533159016524e-05,7.5,HIGH
CVE-2021-41303,0.001775297996449404,0.0,0.2766435136462499,5.393971919371229e-05,9.8,CRITICAL
CVE-2021-38296,0.001775297996449404,0.0,0.2766435136462499,5.393971919371229e-05,7.5,HIGH
CVE-2021-23341,0.000253613999492772,0.0,0.2415461896593972,5.289261587482393e-05,7.5,HIGH
CVE-2021-26118,0.0038042099923915797,0.0,0.33392615176151763,5.2821415032071374e-05,7.5,HIGH
CVE-2021-44657,0.000253613999492772,0.0,0.24233298506545387,5.278619816342117e-05,8.8,HIGH
CVE-2021-44019,0.004565051990869896,0.0,0.2744674926910762,5.260902835220328e-05,7.8,HIGH
CVE-2021-44020,0.004565051990869896,0.0,0.2744674926910762,5.260902835220327e-05,7.8,HIGH
CVE-2021-44021,0.004565051990869896,0.0,0.2744674926910762,5.260902835220327e-05,7.8,HIGH
CVE-2021-39031,0.000253613999492772,0.0,0.21783326888017238,5.2367365838880974e-05,8.8,HIGH
CVE-2021-1422,0.000507227998985544,0.0,0.3273285738004317,5.200164582893435e-05,7.7,HIGH
CVE-2021-29390,0.004311437991377124,0.0,0.32190382888399055,5.19444705503781e-05,7.1,HIGH
CVE-2021-42575,0.00253613999492772,2.516071886680073e-08,0.30344774511312916,5.155827262484851e-05,9.8,CRITICAL
CVE-2021-3807,0.00126806999746386,0.0,0.30288830849592874,5.1519626098260435e-05,7.5,HIGH
CVE-2021-45907,0.001014455997971088,0.0,0.2775783174938402,5.059176537441383e-05,7.8,HIGH
CVE-2021-45908,0.001014455997971088,0.0,0.2775783174938402,5.059176537441383e-05,7.8,HIGH
CVE-2021-35993,0.006593963986812072,0.0,0.2758886090120347,5.056619593789262e-05,7.8,HIGH
CVE-2021-25293,0.003043367993913264,0.0,0.31559148391227787,5.008902820176002e-05,7.5,HIGH
CVE-2021-25289,0.003043367993913264,0.0,0.31559148391227787,5.008902820176002e-05,9.8,CRITICAL
CVE-2021-25291,0.003043367993913264,0.0,0.31559148391227787,5.008902820176002e-05,7.5,HIGH
CVE-2021-29662,0.003043367993913264,0.0,0.33207006905844705,5.0071285837679815e-05,7.5,HIGH
CVE-2021-27577,0.003296981993406036,0.0,0.2988479611944823,5.004580799612466e-05,7.5,HIGH
CVE-2021-41585,0.003296981993406036,0.0,0.2988479611944823,5.004580799612466e-05,7.5,HIGH
CVE-2021-43082,0.003296981993406036,0.0,0.2988479611944823,5.004580799612466e-05,9.8,CRITICAL
CVE-2021-1718,0.000760841998478316,0.0,0.2127441458940326,4.970868315636847e-05,8.0,HIGH
CVE-2021-32066,0.004565051990869896,9.383679673650127e-07,0.34980482611781405,4.913861886318787e-05,7.4,HIGH
CVE-2021-20311,0.00126806999746386,0.0,0.31375825574918437,4.856301187643267e-05,7.5,HIGH
CVE-2021-20310,0.00126806999746386,0.0,0.31375825574918437,4.856301187643267e-05,7.5,HIGH
CVE-2021-29730,0.00126806999746386,0.0,0.27836216025414756,4.838999719672516e-05,8.8,HIGH
CVE-2021-29875,0.00126806999746386,0.0,0.27836216025414756,4.838999719672516e-05,7.5,HIGH
CVE-2021-41116,0.002282525995434948,1.799482628337813e-08,0.3328268760023635,4.733983350902329e-05,8.2,HIGH
CVE-2021-31684,0.003550595992898808,0.0,0.32423320450620835,4.655070789537876e-05,7.5,HIGH
CVE-2021-20076,0.002028911995942176,0.0,0.3315395610863533,4.6418069033102546e-05,8.8,HIGH
CVE-2021-25315,0.002282525995434948,0.0,0.3222458319712324,4.611278012692396e-05,9.8,CRITICAL
CVE-2021-33226,0.002282525995434948,0.0,0.3222458319712324,4.611278012692396e-05,9.8,CRITICAL
CVE-2021-2015,0.003043367993913264,3.049735793677874e-07,0.3484446800989749,4.604267086201868e-05,8.2,HIGH
CVE-2021-35940,0.003550595992898808,0.0,0.3328830730265935,4.599694105867995e-05,7.1,HIGH
CVE-2021-20401,0.002028911995942176,0.0,0.2652361092425669,4.575984914766869e-05,7.8,HIGH
CVE-2021-43396,0.003296981993406036,0.0,0.33918279569892473,4.4809353680309273e-05,7.5,HIGH
CVE-2021-21082,0.003296981993406036,0.0,0.2756378888500524,4.4367880005447057e-05,7.8,HIGH
CVE-2021-27060,0.000253613999492772,0.0,0.25188450236361315,4.4301626126143156e-05,7.8,HIGH
CVE-2021-3750,0.003043367993913264,3.1344743418469594e-08,0.3295995987628521,4.406212856307978e-05,8.2,HIGH
CVE-2021-24112,0.000760841998478316,0.0,0.32277341191879505,4.3893398636258004e-05,8.1,HIGH
CVE-2021-20385,0.001521683996956632,0.0,0.26520043045466773,4.388926662693348e-05,7.2,HIGH
CVE-2021-3749,0.00126806999746386,2.8328183115163903e-08,0.33017919946407637,4.347646139683232e-05,7.5,HIGH
CVE-2021-2137,0.001521683996956632,0.0,0.3269214824641406,4.343171059494514e-05,8.8,HIGH
CVE-2021-30639,0.001014455997971088,1.4941844421369688e-09,0.30351782002925104,4.211390892459775e-05,7.5,HIGH
CVE-2021-2461,0.000507227998985544,0.0,0.25274020896096405,4.1862837188757114e-05,8.3,HIGH
CVE-2021-20218,0.001014455997971088,0.0,0.3225885625460198,4.169929812803411e-05,7.4,HIGH
CVE-2021-4091,0.00126806999746386,0.0,0.33137238423396925,4.1491544900836996e-05,7.5,HIGH
CVE-2021-20094,0.000253613999492772,0.0,0.2624991678317023,4.128645334082031e-05,7.5,HIGH
CVE-2021-43890,0.00126806999746386,0.0,0.21175017453412814,4.119765358876024e-05,7.1,HIGH
CVE-2021-3549,0.000253613999492772,0.0,0.2474427361154691,4.1105521817159686e-05,7.1,HIGH
CVE-2021-43188,0.000760841998478316,0.0,0.2814217400613803,4.108920473333918e-05,7.3,HIGH
CVE-2021-28703,0.001521683996956632,0.0,0.3207255571823654,4.088036988438094e-05,7.0,HIGH
CVE-2021-21783,0.001014455997971088,0.0,0.3235149327207089,4.0523273618173174e-05,9.8,CRITICAL
CVE-2021-25321,0.00126806999746386,1.187731899501788e-09,0.327600531738119,4.052221303049552e-05,7.8,HIGH
CVE-2021-28594,0.001014455997971088,0.0,0.27546458013133995,4.0385235071388726e-05,7.8,HIGH
CVE-2021-33658,0.001014455997971088,0.0,0.2811007342981393,4.036642455229511e-05,7.8,HIGH
CVE-2021-2395,0.000253613999492772,0.0,0.26611324829587635,4.031234842714738e-05,8.1,HIGH
CVE-2021-28692,0.001014455997971088,0.0,0.32043884599756195,3.991508588940622e-05,7.1,HIGH
CVE-2021-37184,0.000507227998985544,0.0,0.32689437904161833,3.990461290128674e-05,9.8,CRITICAL
CVE-2021-31891,0.000507227998985544,0.0,0.32689437904161833,3.990461290128674e-05,10.0,CRITICAL
CVE-2021-25631,0.000760841998478316,0.0,0.3131850675138999,3.964926836121105e-05,8.8,HIGH
CVE-2021-20304,0.000760841998478316,0.0,0.31744626036551005,3.952456358551394e-05,7.5,HIGH
CVE-2021-37601,0.000760841998478316,0.0,0.31744626036551005,3.9427716423487965e-05,7.5,HIGH
CVE-2021-34417,0.000507227998985544,0.0,0.28140165572366543,3.938296820395039e-05,7.9,HIGH
CVE-2021-42027,0.000253613999492772,0.0,0.25700690913831314,3.9311378446782786e-05,7.4,HIGH
CVE-2021-1572,0.000253613999492772,0.0,0.32686728011274147,3.929700599794108e-05,7.8,HIGH
CVE-2021-1502,0.000253613999492772,0.0,0.32686728011274147,3.929700599794108e-05,7.8,HIGH
CVE-2021-1594,0.000253613999492772,0.0,0.32686728011274147,3.929700599794108e-05,7.5,HIGH
CVE-2021-1362,0.000253613999492772,0.0,0.32686728011274147,3.929700599794108e-05,8.8,HIGH
CVE-2021-1487,0.000253613999492772,0.0,0.32686728011274147,3.929700599794108e-05,8.8,HIGH
CVE-2021-34748,0.000253613999492772,0.0,0.32686728011274147,3.929700599794108e-05,8.8,HIGH
CVE-2021-29625,0.000507227998985544,0.0,0.2775197072072072,3.921484346674834e-05,7.5,HIGH
CVE-2021-26557,0.000253613999492772,0.0,0.2651112754656088,3.921281032509548e-05,7.8,HIGH
CVE-2021-29740,0.000253613999492772,0.0,0.2651112754656088,3.921281032509548e-05,7.8,HIGH
CVE-2021-3978,0.000507227998985544,0.0,0.29403430275913495,3.9120244493420326e-05,7.5,HIGH
CVE-2021-38984,0.000507227998985544,0.0,0.278283576822641,3.910063381903233e-05,7.5,HIGH
CVE-2021-2337,0.000507227998985544,0.0,0.3006939678181957,3.908539981036906e-05,7.2,HIGH
CVE-2021-44223,0.000507227998985544,0.0,0.30003043676761526,3.90467818856282e-05,8.1,HIGH
CVE-2021-20025,0.000507227998985544,0.0,0.28040108092732186,3.9045985715453397e-05,7.8,HIGH
CVE-2021-30474,0.000507227998985544,0.0,0.3067050404480398,3.9043094095905416e-05,9.8,CRITICAL
CVE-2021-2253,0.000253613999492772,0.0,0.2843236227285838,3.9016794232408e-05,9.1,CRITICAL
CVE-2021-37592,0.000507227998985544,0.0,0.32062123922589036,3.900777729190763e-05,9.8,CRITICAL
CVE-2021-44862,0.000253613999492772,0.0,0.2505082592121982,3.884133360171131e-05,8.4,HIGH
CVE-2021-46877,0.000253613999492772,0.0,0.2921389938504853,3.872797567252853e-05,7.5,HIGH
CVE-2021-23901,0.000253613999492772,0.0,0.2782050377478304,3.8713367692390546e-05,9.1,CRITICAL
CVE-2021-33913,0.000253613999492772,0.0,0.2775001759448237,3.867052007178222e-05,9.8,CRITICAL
CVE-2021-34800,0.000253613999492772,0.0,0.27410497045533544,3.8643532385414625e-05,7.5,HIGH
CVE-2021-38155,0.000253613999492772,0.0,0.29405623088970095,3.861940979596776e-05,7.5,HIGH
CVE-2021-26556,0.000253613999492772,0.0,0.2782639378969654,3.85890258541076e-05,7.8,HIGH
CVE-2021-37617,0.000253613999492772,0.0,0.2916204422749797,3.858810982279444e-05,7.3,HIGH
CVE-2021-23463,0.000253613999492772,0.0,0.300076103500761,3.8581583229683924e-05,8.1,HIGH
CVE-2021-3583,0.000253613999492772,0.0,0.2930291319857313,3.858100644008646e-05,7.1,HIGH
CVE-2021-3496,0.000253613999492772,0.0,0.29401237789873985,3.8572067299360105e-05,7.8,HIGH
CVE-2021-43310,0.000253613999492772,0.0,0.30668118534650385,3.856756907793483e-05,9.8,CRITICAL
CVE-2021-26635,0.000253613999492772,0.0,0.27399068862483494,3.856236758142588e-05,7.8,HIGH
CVE-2021-36367,0.000253613999492772,0.0,0.27399068862483494,3.856236758142588e-05,8.1,HIGH
CVE-2021-34858,0.000253613999492772,0.0,0.27399068862483494,3.856236758142588e-05,7.8,HIGH
CVE-2021-28588,0.000253613999492772,0.0,0.27399068862483494,3.856236758142588e-05,8.8,HIGH
CVE-2021-24347,0.000253613999492772,0.0,0.27399068862483494,3.856236758142588e-05,8.8,HIGH
CVE-2021-33959,0.000253613999492772,0.0,0.27399068862483494,3.856236758142588e-05,7.5,HIGH
CVE-2021-38864,0.000253613999492772,0.0,0.27399068862483494,3.856236758142588e-05,7.5,HIGH
CVE-2021-20264,0.000253613999492772,0.0,0.29916540212443093,3.856205524137304e-05,7.8,HIGH
CVE-2021-34813,0.000253613999492772,0.0,0.30000760861294984,3.855529649495074e-05,9.8,CRITICAL
CVE-2021-2464,0.000253613999492772,0.0,0.31081507173261863,3.8552688572359964e-05,7.8,HIGH
CVE-2021-42694,0.000253613999492772,0.0,0.3121190532731734,3.854216702326124e-05,8.3,HIGH
CVE-2021-0084,0.000253613999492772,0.0,0.31209434858318824,3.8541172771314124e-05,7.8,HIGH
CVE-2021-21708,0.000253613999492772,0.0,0.32208789413494526,3.853008170383632e-05,8.2,HIGH
